date,open,high,low,close,volume,return_1d,rsi_14,volatility_7d,sma_20,sma_50,ema_12,ema_26
2022-01-01,28251.12313195553,28331.254896717906,27925.115478535507,28004.547854745524,1148288402.3420045,,,,,,28004.547854745524,28004.547854745524
2022-01-02,27076.18325291858,27704.79496829728,26590.449964199015,27216.543683125496,788215931.1502299,-0.02813843578933184,,,,,27883.316443727057,27946.17717536626
2022-01-03,27436.52732048762,27798.650496786817,27319.921396844384,27681.005534651566,1017198447.052392,0.017065423770691313,,,,,27852.191688484672,27926.534831609617
2022-01-04,26425.971325579532,26717.317378664404,26312.152581222417,26602.73728934883,604061537.6385199,-0.038953362584785545,,,,,27659.967934771463,27828.475754405117
2022-01-05,26053.268857546806,26347.823849186454,25879.99744583031,26173.751150800214,926355603.7812064,-0.016125639022882443,,,,,27431.319198775884,27705.903561545496
2022-01-06,27214.190542119526,27394.72584862625,27029.153685647398,27209.65893004466,747881843.7505046,0.03957811676576495,,,,,27397.217618971077,27669.14469995284
2022-01-07,26664.017072152197,27263.293209124648,25883.91104795657,26479.02957459505,1591261076.134216,-0.02685183806706437,,,,,27255.957919836306,27580.988024000413
2022-01-08,25744.19471264553,26009.425322701973,25718.803888616632,25983.798184053518,1724118714.8136911,-0.01870277719757052,,0.028149676999315927,,,27060.241037408185,27462.67766548583
2022-01-09,25813.151818140064,26684.66165703491,25175.107758502327,26040.986039025596,807136197.1219214,0.0022009043699844355,,0.02726792790964373,,,26903.432576118554,27357.367174636925
2022-01-10,25514.768641432434,25918.222392729145,25104.127336647856,25507.46560831198,1493238717.9591641,-0.02048772000853083,,0.025625244802043052,,,26688.668427225235,27220.337428983225
2022-01-11,25578.253342255928,25744.316736167824,25475.8317370716,25641.641310000534,1442666595.1530802,0.0052602521845537265,,0.02299728306890026,,,26527.587332267587,27103.39697572525
2022-01-12,25225.56845782024,25677.157640855556,24873.496398001353,25323.71574402868,1460639810.9479554,-0.012398799364214619,,0.022738973193541866,,,26342.376318692368,26971.56873634032
2022-01-13,24954.782860575942,24978.094731298243,24774.10223231564,24797.26695728256,1417448845.3353539,-0.020788765442932844,,0.012287576554964359,,,26104.667186167782,26810.509345299004
2022-01-14,24222.605391157926,24661.840660593632,24018.91832509511,24456.189394579254,687893218.9787334,-0.013754643335931793,24.405307804119914,0.010746896913745446,,,25851.055218231086,26636.115274875316
2022-01-15,24857.537717719795,25495.54029830019,24072.60760716998,24706.7397524696,963041569.0034888,0.010244864964362721,27.04235706366866,0.012774335039182556,,,25675.00668503701,26493.19856951193
2022-01-16,25015.81766723869,25085.48921235882,24788.353329300666,24857.5841783858,1156627376.565705,0.006105395832370908,31.979512181349165,0.013321825924966724,,,25549.24937632144,26372.041947947033
2022-01-17,26645.00673144122,27034.19100314117,26318.220827924368,26706.649091026724,626119508.9112328,0.07438634822159118,43.85637614151369,0.03197540671950236,,,25727.310870891484,26396.82766224923
2022-01-18,26097.762326507407,26395.88099512068,25917.392974196064,26214.70342827658,1471169003.1721737,-0.01842034397776371,47.357975921861964,0.033411541569720905,,,25802.294341258425,26383.336978251256
2022-01-19,26565.007869417794,26844.505321949855,26166.060106094228,26444.287427019906,1559205809.3093045,0.008757833151592509,51.893426124604574,0.032669131432679244,,,25901.06250829865,26387.851826308193
2022-01-20,25276.25441869191,26259.185530804956,24542.40449411751,25518.30802155516,937573759.1876312,-0.03501623585132463,37.977600686231554,0.03501862952188924,26078.33045766636,,25842.177202645806,26323.441174104264
2022-01-21,25092.13330129307,25336.02823940276,24689.642557540985,24931.98081732056,946742587.5980473,-0.02297672728690836,38.773008268272676,0.03598502433822955,25924.702105795113,,25702.146989518846,26220.37003656473
2022-01-22,24874.668545187033,25137.129732176592,24700.229762009894,24962.077972224994,1457524071.3787515,0.0012071706265521787,42.0485345934538,0.03585610913142656,25811.978820250086,,25588.290217627484,26127.16321698401
2022-01-23,24017.872792116956,24701.851332047274,23315.54425567303,23998.984908369977,1197937532.182687,-0.03858224723625325,36.072138743995005,0.03885721490274224,25627.87778893601,,25343.781708510945,25969.520379308895
2022-01-24,24327.59868824313,24956.179621430703,23787.741801475633,24414.39659118072,1074504586.9572542,0.017309552233014003,42.422425271117326,0.021834457512927417,25518.460754027605,,25200.799382767833,25854.326024632734
2022-01-25,24614.678741021995,24756.080656240556,24284.988413508945,24425.302434274246,1050836637.6612319,0.00044669722033874315,41.421251118598946,0.022148614846436366,25431.038318201307,,25081.492159922665,25748.47242534692
2022-01-26,23065.20604359841,23113.924188080015,22960.865039002514,23009.465448643452,973662105.7452006,-0.0579659960993586,35.866599020203054,0.026702326700205194,25221.028644131242,,24762.718819725862,25545.583019665184
2022-01-27,22376.58379006022,22603.177314933906,22148.936534402317,22375.519279651733,1718587607.899175,-0.027551538318292157,35.40177424791308,0.02611587029363552,25015.85312938408,,24395.45735202215,25310.76348336789
2022-01-28,21828.26325311375,22173.1668458174,21596.514141677202,21940.229002024073,893332796.3420771,-0.019453862598107996,35.0041885868571,0.02604461538378874,24813.674670282606,,24017.729913560906,25061.094262527604
2022-01-29,22612.65201854014,22997.770202100717,22085.046307831148,22467.69572728848,728537941.1605419,0.02404107656377441,37.08113675857188,0.029957713041751387,24635.010154695752,,23779.263115672842,24868.990667324706
2022-01-30,22446.46662258565,23158.76704477753,21884.72215936829,22593.346764433718,1211431707.6976783,0.005592519974917831,36.89768429461395,0.028673461513332978,24489.304212501836,,23596.814446251436,24700.424452295745
2022-01-31,23614.079372527583,24084.806260350397,22998.126471272713,23465.89951784115,1461406190.7974896,0.03861989826053569,28.857565385207252,0.03268689736948789,24380.517122893867,,23576.67368803447,24608.978160854665
2022-02-01,26012.98177402461,27034.75365906962,24891.231899721457,25908.916159597415,621194258.3405215,0.10410922623694163,48.409868882593905,0.052896558266023026,24409.777143672305,,23935.480222121078,24705.26986446524
2022-02-02,25196.89204115393,25724.151910952594,24662.76087020344,25189.873880846462,1196949911.8381755,-0.027752696188512616,43.792869544202425,0.047410050883968796,24429.4074898505,,24128.463861924985,24741.16645827126
2022-02-03,25528.85719154231,26260.176827497246,24629.894602896333,25356.27017604432,1225873196.7754629,0.006605681949220843,49.13302699831165,0.044067387860804455,24474.411528923756,,24317.357141020268,24786.72969662482
2022-02-04,25795.97398225922,26277.695973327634,25203.8683321557,25683.48975805512,1146113140.4863255,0.012904878349180304,54.13556581997837,0.04097137653151344,24523.249029203027,,24527.53138979486,24853.156367841882
2022-02-05,25992.26311657094,26350.42924749587,25572.82327062776,25930.133269602826,1137757807.970334,0.0096031930968552,55.20321485098796,0.04129852013927321,24576.87648376388,,24743.316294380704,24932.93243463899
2022-02-06,26465.337625861976,27571.192792809758,25195.537381734008,26294.24336844954,833156803.5506725,0.01404196789352996,63.185851257234724,0.04088144435387532,24556.256197635023,,24981.920459622062,25033.77028158792
2022-02-07,25932.791431950172,26003.065719723672,25754.84666921435,25824.82839204144,1468897756.002207,-0.01785238578005066,58.05271424462934,0.04272163807422202,24536.762445823268,,25111.598603071197,25092.36717865855
2022-02-08,25493.55675278013,25644.965315194455,25417.24984134979,25568.434281527676,949063583.2048025,-0.009928201907927425,56.348629365051146,0.01665919076884735,24492.969788548653,,25181.88101514142,25127.63140850071
2022-02-09,26814.693832044086,27863.68196235304,25586.79572813426,26628.499973387872,1182478417.424192,0.04145993767893952,70.92602389815474,0.01903641966360037,24548.47938614029,,25404.43777794857,25238.806857751613
2022-02-10,26015.316563927994,26317.38236275153,25521.013736106004,25820.821235025796,1028450049.3565836,-0.030331364484265322,69.52910287054978,0.0239984979135099,24592.92140702555,,25468.496771345064,25281.919033846
2022-02-11,26503.17485419341,26990.632318405664,26036.561573728828,26523.65840578081,1321292697.0954509,0.02721978376898493,75.21557266122903,0.02555807760038788,24671.00042870334,,25630.829330489025,25373.899728063392
2022-02-12,26762.55989964505,26874.039851065194,26606.823224223903,26718.118052285023,913841779.1241844,0.007331554475977997,74.27291876229674,0.025502583895900093,24806.957085899096,,25798.10451845764,25473.471455783514
2022-02-13,25289.288817435787,26293.709846736478,24542.66020152092,25539.688551332118,634007115.937852,-0.04410600696676392,65.01969507049941,0.03081690621730647,24863.22168390666,,25758.34821582294,25478.37642582415
2022-02-14,25984.061542535066,26003.60361897671,25707.686135013868,25727.034907027315,897663474.1621592,0.007335498838157317,62.39242495267935,0.030362138515785304,24928.308307544317,,25753.530783700535,25496.79557257994
2022-02-15,26023.550047458666,26828.150002494647,25333.61141806508,26135.249974879545,1045784053.1528952,0.015867163446057653,51.59654159124703,0.0305417904914455,25084.597533856122,,25812.25681311269,25544.0884912688
2022-02-16,26081.93800785661,26372.001533682793,25561.943296139245,25849.420943590303,1229469275.5342999,-0.010936533286039829,54.955245083165124,0.025742973631016037,25258.292617053048,,25817.97437164771,25566.705709959282
2022-02-17,26490.651460530666,27026.42153379315,25842.868049767723,26376.325903099645,1364981292.8433006,0.02038362718682074,57.269964247790845,0.02416777132859849,25480.09746210683,,25903.8746072557,25626.67757611783
2022-02-18,26534.85261259067,27039.149216126167,26255.401827090744,26757.35515362465,643533534.5378543,0.014445880443122228,57.595211465918304,0.022484191927198773,25694.580433423638,,26035.17930669708,25710.431470747964
2022-02-19,27620.924366948842,28722.69759870201,26328.227342473023,27422.068392571724,848256733.5117615,0.02484226244076404,59.96293490397909,0.024156360715636798,25936.01651483054,25508.118767907,26248.5468583701,25837.21939088306
2022-02-20,27970.915552775346,28789.468344383484,27071.81511383394,27887.93966366577,950712900.8935419,0.016988917992059482,60.49977997029663,0.011728952638988812,26157.118522121767,25505.786604085402,26500.761136107896,25989.124596274374
2022-02-21,27057.904504240163,27304.64282308646,26760.362961091214,27006.633747042088,1443325142.8568256,-0.031601686150085295,57.385286500787686,0.020587146075492824,26212.004401494,25501.58840536374,26578.587691636232,26064.49564447939
2022-02-22,26845.837886242916,27316.5860113956,26488.904163174004,26958.15890379742,500563543.2364315,-0.0017949235620665638,58.91630930479188,0.020421138544273024,26300.418652641547,25487.131472746652,26636.98326273795,26130.69292294739
2022-02-23,27901.505045779333,28382.57359258335,27532.200531316405,28011.80909298592,1236120699.2229304,0.03908464939866807,58.88246043452491,0.022696094373860783,26433.195598488626,25515.312908819393,26848.494928929947,26270.03486146876
2022-02-24,26661.849546673435,27509.80265714388,25680.121370719928,26523.680143312708,816704894.7993554,-0.05312505681919122,54.150482395641184,0.03280002751688077,26475.205117751513,25522.311488669646,26798.523423450373,26288.82340086461
2022-02-25,26515.567223903716,26913.01862370615,26208.61383573396,26605.029588227364,1259080287.287697,0.003067049688245005,50.51857133805174,0.03231619086778352,26508.949933682736,25510.2189018333,26768.755141108373,26312.246081409998
2022-02-26,27939.69781641361,28885.499262731435,27133.786600425203,28075.666087549096,924324170.2824835,0.05527663460943799,57.441159951441556,0.03784648821688945,26598.021069637714,25542.151632092377,26969.818363637714,26442.86978556845
2022-02-27,27277.79970278247,27360.910063937878,27195.679301121567,27278.78669092797,1044259817.366693,-0.02838327661171769,59.94869336298384,0.03911235992228193,26670.718984582043,25568.051402229867,27017.351952451598,26504.78955633582
2022-02-28,27691.22527793212,27759.598373311477,27665.956094046367,27734.289891502704,1025613479.0080191,0.016698074065230273,61.14090543400106,0.037342399102013306,26779.011765080795,25601.917479279415,27127.650096920996,26595.86365523707
2022-03-01,26940.540122376413,27129.201976718487,26844.75917448759,27033.09198179557,479859604.95465606,-0.025282706442106173,54.82634256217998,0.039010167731814864,26799.241365501173,25632.43000674908,27113.102694594007,26628.250938685847
2022-03-02,26731.461419934873,27542.43876679427,25870.72840374233,26680.149038906326,317563334.87825394,-0.013055959086253233,54.43358216936212,0.03534238976881693,26842.207755695203,25653.200161327197,27046.494439872826,26632.09524240588
2022-03-03,27835.344984412084,28519.890659252913,27051.591578557876,27733.635956018778,163975669.51291344,0.03948579580931888,56.8584473888484,0.03212389613285228,26902.706633207104,25701.398565567,27152.208519279895,26713.69085082165
2022-03-04,28273.584084124544,28682.68906731936,27768.105621120794,28175.795653377718,843028219.233939,0.015943084349276715,57.123331158692736,0.032240989079083314,26975.590513261734,25768.9691394889,27309.683462987254,26821.99491027025
2022-03-05,27030.644335029785,27645.515355916814,26407.748407029518,27022.432634867913,941150524.8207483,-0.04093453234466293,48.086942732264305,0.02944690156416352,27049.727717438527,25820.294004294676,27265.49102789197,26836.842149129334
2022-03-06,24639.533387639465,25678.894419939388,23799.511940693872,24832.301055705208,682018944.3374945,-0.08104864609179219,37.44520605207075,0.04089648873647583,27004.991024872423,25822.805230359387,26891.154109094008,26688.35762369051
2022-03-07,22752.739171373494,23368.73034675923,22029.639123303357,22642.649819334536,694833137.9560391,-0.08817754067408912,33.81018047899269,0.0471126429068059,26830.36101709517,25778.506543178366,26237.53806451563,26388.675564108584
2022-03-08,23065.64068859094,23757.74236515641,22465.531206506428,23155.300170701168,1187180742.3491707,0.022640916829834934,36.3615979883459,0.05083718660836725,26695.654978450715,25707.479564771853,25763.347619313405,26149.166275708034
2022-03-09,21552.308751999637,22576.63500457872,20717.109844907936,21734.380423641698,904641300.0794115,-0.06136477336007007,28.064755473425834,0.05285973649506922,26463.557704477815,25617.873104679154,25143.50651228699,25822.1451014809
2022-03-10,22128.037375579155,22723.001383504576,21544.450513864052,22139.122180168164,1385907902.4155333,0.01862218975822305,33.423990510267416,0.04888283403234944,26232.64605580499,25531.769799742116,24681.293538114864,25549.328588791068
2022-03-11,22585.65609261515,23338.721771080563,21829.708629679182,22582.674907526696,733672464.2974892,0.02003479287701193,35.19867213902326,0.04955226209473946,25990.67638155274,25473.057137461547,24358.42913340899,25329.576464252965
2022-03-12,22561.15354092564,22904.24503142574,22127.9541046004,22469.654147485995,996286717.317961,-0.005004755216266754,27.081276792788046,0.05009270315707802,25719.76210574375,25423.81060406486,24067.84836634391,25117.73036671467
2022-03-13,23025.912121568213,23879.699375649707,22037.118642235975,22885.707179684323,1369418691.0542715,0.018516218784118577,31.46282163773016,0.0454087782917639,25513.715777375863,25382.283188214045,23885.980491473205,24952.39531582353
2022-03-14,22505.29440112186,23020.60379336867,22167.339742084197,22680.02525809376,920889549.5353163,-0.008987352672813476,28.213538171820332,0.03020004885471725,25299.80909509068,25355.903995208522,23700.44891710714,24784.071607843547
2022-03-15,22320.115918784988,22567.32049343991,22087.363894672686,22334.419314887433,1028020258.2779776,-0.015238340313708076,29.105795531808596,0.02896870674920273,25015.939606185755,25314.304449682655,23490.290516765646,24602.61588243939
2022-03-16,22058.56534076137,22059.493416739406,21986.38765756237,21987.3127357103,599986871.0191686,-0.015541329921470615,29.120911221019867,0.01657618025991781,24789.121235805636,25265.544655711376,23259.063165834057,24408.88972342242
2022-03-17,22159.842111506234,22385.909171523956,21969.22292084432,22194.987658503862,947657439.6966074,0.00944521621581651,23.352187563215352,0.015338025353856144,24568.61913931946,25249.255099908583,23095.35924162941,24244.8969778729
2022-03-18,23237.572113797418,23348.40808277409,22938.185477629475,23048.117808679533,792048136.7612064,0.03843796461174431,26.2679664120202,0.020092609020079928,24317.241725375985,25262.707070489145,23088.091328867893,24156.246669043765
2022-03-19,22820.958821701104,24035.971531991992,21590.264041557075,22804.394868958087,410091659.21441424,-0.010574526811454654,28.68309231404251,0.02057116227556541,24093.52213427749,25279.990387827824,23044.445719650997,24056.109498667047
2022-03-20,21714.47122744864,22106.632981286573,21451.919388929797,21842.532738261118,884613460.4745284,-0.04217880527960338,32.74876393660715,0.024924667525059705,23798.934276615408,25267.487128047276,22859.5360302064,23892.140849748088
2022-03-21,21305.136968600338,21845.758530362193,20965.959997644513,21503.424824278798,593979106.466616,-0.01552511872344875,41.64157544183905,0.025160172886414662,23522.45091873957,25245.688689244176,22650.903536986767,23715.19892193555
2022-03-22,20901.82224093729,22041.69332069977,19733.40674318593,20871.631378410177,1130530131.4026377,-0.02938106143702679,33.532756237325955,0.026438246330327562,23232.025035714767,25193.80332645556,22377.169358744213,23504.56428908182
2022-03-23,19661.141128176205,20082.66402570746,19323.311830710172,19743.420947956212,922825443.9036851,-0.05405473151566853,35.01069013603369,0.031473863380495744,22832.514285311634,25070.493422222735,21971.97729554606,23225.961078628072
2022-03-24,19961.272218136233,20392.46374739992,19477.831268581573,19907.869218001055,966323265.3959997,0.008329269303345654,32.57098099767613,0.03133290461000187,22419.1179635428,24964.853328965826,21654.422206692983,22980.176496359407
2022-03-25,19757.010314757932,19994.641472504056,19579.587086686515,19816.682373412506,1317407061.9854043,-0.00458044221558862,27.135286533042446,0.021907908938343743,22058.83045047003,24854.061572913186,21371.693001572912,22745.843598363343
2022-03-26,20481.98257921765,20802.864317887223,20189.138172634262,20509.624693770493,422875001.07512254,0.034967625120120305,35.21519562648767,0.030604158839090255,21842.696632373296,24750.584271627493,21239.06710806485,22580.197753578686
2022-03-27,20512.82342778248,20856.36036804809,20092.783681835677,20435.017574529338,894068522.4264915,-0.003637663797125268,30.510115650644906,0.028194341283292432,21732.315020133035,24640.68195772603,21115.367179828616,22421.29551809355
2022-03-28,20255.250542068967,20282.51047118297,20162.816959302658,20189.98905818119,856925315.3470162,-0.01199061931092038,30.320360982397347,0.02809210464641349,21584.049464507036,24518.596871520658,20973.00131495978,22256.013558100043
2022-03-29,20589.463055435986,21015.517833686885,20269.45459482806,20693.8863899808,1395290356.2043457,0.024957781321601313,37.350778450484356,0.028895635368756663,21532.024762823992,24415.978031479448,20930.060557270706,22140.300434535657
2022-03-30,21055.114576075062,22160.48602143321,20118.265277065806,21216.457743067163,1018454232.208,0.025252451049474045,44.21295996762178,0.018088460545967938,21485.891540968943,24328.938500710232,20974.121662777852,22071.86764257503
2022-03-31,20932.12745703156,21427.31379905575,20317.87069205988,20810.171962054417,806909707.1164939,-0.0191495576656997,39.90481718847551,0.021323251940343006,21397.266393695325,24212.57194048356,20948.898631897326,21978.408703277208
2022-04-01,19946.9665675194,20693.832434853037,19371.009031764246,20113.07850941186,1034931759.1977893,-0.03349772668451034,28.10573375155255,0.026103353083842297,21279.43761179162,24098.417085971287,20820.310920745713,21840.23609632422
2022-04-02,19658.358975913245,20186.403431328585,19053.805752359276,19579.738374706583,959988687.5511953,-0.026517081134829756,26.941622313035467,0.02354287519509845,21114.139171542734,23959.538685349802,20629.453605970462,21672.79182064884
2022-04-03,19691.660955106876,19742.25690762618,19683.33033819627,19733.908417798302,1048860346.6670583,0.00787395827979398,32.95285033164157,0.024159437474444025,20966.833329527963,23819.854492660066,20491.677423174744,21529.170827845097
2022-04-04,19416.960523687998,19518.661901439595,19153.168267449506,19254.01618185699,1211771344.5896423,-0.024318154608870546,32.21942709414826,0.025204093845211058,20812.81317287644,23694.141045270568,20301.26800143355,21360.6408540682
2022-04-05,19186.43671876168,19470.62781468754,18947.935113046497,19231.565228206422,1048161865.6944578,-0.0011660400322984765,35.65403825731897,0.02142273960019361,20675.025797501246,23564.231651694146,20136.698344013992,21202.931548448807
2022-04-06,18995.663620376014,19158.446316632107,18921.243615950287,19083.68148142082,957504891.342595,-0.007689636544440215,43.0345482203288,0.01498250484363349,20519.460488647095,23423.20028182498,19974.695749768885,21045.950062002288
2022-04-07,17821.108473151035,17992.437385297948,17549.11762569009,17719.46939816156,1349045278.1427865,-0.07148579191008853,31.565352610070008,0.026258308456494028,20253.028068121195,23260.6012509164,19627.737849521607,20799.544086902974
2022-04-08,17579.471023262555,17782.279195749357,17439.556498507427,17641.868054742572,1072274576.2488137,-0.004379439455847289,31.637766126221592,0.02651242672368335,19994.90172741042,23085.912093949257,19322.2194195556,20565.642158594797
2022-04-09,18079.54226251753,18304.17794905871,17698.549089203167,17921.21761499569,897462026.1872214,0.015834466020621996,26.504840250967376,0.029022410911261884,19798.83597124715,22909.189343176677,19106.680680392536,20369.758859068937
2022-04-10,18870.684224214117,19053.63091236068,18550.02267611235,18731.62118192872,1286026900.0908802,0.04522034073482373,36.360127634677085,0.03593499523763129,19660.245789129644,22735.380398963815,19048.97921909041,20248.41532742892
2022-04-11,18487.504018278687,19423.499443548913,17689.35861802943,18619.64905712019,1190724222.895523,-0.005977706025603102,37.15179011893905,0.035108626959449746,19547.64667306514,22550.01458683291,18982.928424941147,20127.765974072718
2022-04-12,18239.26075850121,18550.4823014494,18012.084753581683,18322.27235967431,923428614.7320477,-0.015971122577746133,29.917244229925316,0.03533813874813106,19476.589243651048,22376.327359085553,18881.289030284708,19994.025706339504
2022-04-13,18455.763557466562,18634.933369323073,18296.104641155816,18475.107113891045,1298447236.8002315,0.00834147376572747,25.235620949569764,0.035753858080340706,19404.951138445547,22206.666323287423,18818.799504685685,19881.51321800999
2022-04-14,17680.14568407615,17827.852821945715,17560.98956932684,17708.50557447527,957932318.793288,-0.041493753442943815,23.693210293489926,0.027069529190993438,19299.542298498687,22000.600252917207,18647.985053884084,19720.54968885927
2022-04-15,17553.359414629776,17764.1138811285,17258.533680817036,17468.26647870579,1009657282.3633416,-0.013566311101697814,25.683591636862985,0.027548433027472282,19147.474387745453,21819.491979625072,18466.48988847204,19553.71389551457
2022-04-16,17521.805841384143,17585.72845728129,17312.48753476572,17375.87777954026,793385018.333043,-0.005288944914949356,27.949824074752712,0.026523740491266018,18994.517397995998,21634.908943451326,18298.703410174843,19392.392701738696
2022-04-17,17400.97543297678,18145.9915050911,16600.684931917138,17343.228595384862,1063907778.1640569,-0.0018789948093351772,25.484509532433577,0.01568490873253633,18852.179374856183,21420.260193608046,18151.70728482254,19240.60276793471
2022-04-18,16887.166885565068,17059.33070203217,16691.849608430715,16863.774945243556,1539820649.9130337,-0.02764500551350002,25.48680208381991,0.01667369898061613,18660.67380261932,21211.95995869436,17953.563847964237,19064.541447735366
2022-04-19,16170.708217132918,16522.790108187466,15968.76524866935,16318.995301596631,1149958925.4542928,-0.03230472687259034,23.0204969426306,0.018089866948535944,18415.80068054579,20983.654066896233,17702.091763907683,18861.167659132494
2022-04-20,15655.990639284919,15865.02046466266,15495.81675232579,15704.351802529403,1271857429.8759804,-0.03766429781416092,21.188280815087452,0.015883932285084893,18160.50967256954,20757.079263310912,17394.747154464872,18627.329447532265
2022-04-21,15339.658281897007,15415.13959429541,15305.692191814835,15381.08178154935,1032940924.999205,-0.02058474141721567,25.760786863607407,0.013590667396751568,17923.909836176415,20531.09791816377,17084.95248170864,18386.866657459457
2022-04-22,16105.275209043106,16500.54292801018,15589.416523657392,15981.65014373849,1267339358.1546454,0.03904591177127492,34.47387569734282,0.02627353157643995,17744.005424628012,20296.058201918167,16915.213660482463,18208.702471257904
2022-04-23,16312.315319589214,16997.227650167115,15688.616142173567,16371.274188351728,304367418.66903716,0.024379462765669935,35.79806810024549,0.02976056002240194,17575.87371315568,20059.96777261765,16831.53066477004,18072.596672524112
2022-04-24,16133.405688017483,16261.347877771606,16051.520450975306,16179.230058748155,926946942.7330265,-0.011730554836117402,23.6238513787237,0.02965044933923243,17422.13440700024,19843.103721095253,16731.176725382058,17932.347293725892
2022-04-25,16085.651712475734,16251.296586322973,15971.374051719133,16136.65657059455,1048539911.3051726,-0.0026313667584314526,23.9676230261896,0.02858751725395166,17267.388974119647,19669.19083139304,16639.71208618398,17799.333166086533
2022-04-26,16200.740441796472,16256.925916425054,16174.632361450309,16230.769443254772,860153209.5595887,0.005832241161513041,27.095900923779695,0.026262174849447654,17124.743372211342,19540.953223871446,16576.79783342564,17683.14326069159
2022-04-27,15099.819348930856,15464.873091987163,14803.904252153478,15167.629109648864,692049688.2941638,-0.06550153628408117,19.80072577269341,0.03384447365282692,16997.15135778571,19381.199802650397,16360.00264515229,17496.80887913287
2022-04-28,15543.024880677585,15722.816828118304,15497.946918716467,15677.349297780947,1299962963.0234835,0.033605791943305485,30.54152485008113,0.035687803436671904,16898.92541993763,19260.059180133183,16254.979053249008,17362.034095329025
2022-04-29,15695.063334049342,16054.126582054067,15424.76737589999,15782.327780202631,1264358765.7714138,0.006696188266759107,33.41899677910969,0.03221038748178317,16791.980928197976,19132.92329213387,16182.263472780334,17245.01881272707
2022-04-30,15766.712164900235,16200.059133740386,15412.213353643217,15843.826483867002,1226769434.8270583,0.00389668143513755,34.84035093973469,0.03036233528633156,16647.591193294887,18998.146323660676,16130.196243716746,17141.226788367065
2022-05-01,16116.324136144915,16326.08167997587,15875.68241383387,16085.03269256562,1237818564.1315355,0.015223987017544571,38.04363079583992,0.030960591079370818,16520.860375067165,18870.45389456227,16123.248005078112,17062.990188678068
2022-05-02,16537.506411047478,16939.98331056661,16052.65920458776,16453.081435057407,996689755.9199821,0.022881441991839724,46.0128459590677,0.03213507483927976,16427.40082883632,18741.801379669734,16173.99160969031,17017.811762483943
2022-05-03,16312.24057687317,16493.66287275721,16188.430613124494,16369.418925142669,1792465566.730986,-0.005084914351452419,50.53766942508091,0.03225263649873698,16322.116419398899,18615.58925301071,16204.057350529134,16969.782663421625
2022-05-04,16530.96344063848,17546.420317176333,15632.116907062018,16641.560246865676,1403283509.0829248,0.016624983633659163,60.780963603642945,0.012837738338411534,16268.769153018418,18501.732071650276,16271.365488427064,16945.469891824887
2022-05-05,17393.53990802949,17545.958252675544,17257.854879348113,17410.14369970175,960712395.9049256,0.0461845789357902,71.17177649049107,0.016495642536900838,16265.863014068216,18410.188690930103,16446.56213631548,16979.89017388984
2022-05-06,17061.739757320447,17419.29426393766,16805.66204603365,17161.716020291977,1095317589.2840145,-0.014269134344596535,63.28974204672296,0.019858238206603988,16255.1549261058,18309.523258165867,16556.585810773402,16993.35875510481
2022-05-07,17681.549601635415,17903.690336343454,17608.367593188712,17829.894345156663,1183822652.748279,0.038934237349845136,65.45699801948349,0.021740589816312657,16279.488213594392,18205.15878889541,16752.47943144775,17055.324354367913
2022-05-08,17823.887379914817,18022.568750345297,17629.55186335013,17828.186361580127,1032317463.0082037,-9.579325280750783e-05,68.20851899123303,0.022723145209600032,16327.708784411221,18105.634618747852,16917.97280531427,17112.57339193919
2022-05-09,17989.126815901203,18054.188327073658,17965.183669457387,18030.190525702597,860239148.5691724,0.01133060649162787,70.1980791527087,0.022475593780230233,16413.268545616516,18029.387774496678,17089.083223835554,17180.54503147722
2022-05-10,16719.932659654783,16917.07990342296,16652.13427519197,16848.759134864886,1030318852.57888,-0.06552517507530187,55.35081074426338,0.03740212746095678,16470.488912233293,17936.294460708403,17052.110287070835,17155.968298394826
2022-05-11,15495.918141644199,15884.073532223307,15217.293823721475,15603.514576862544,1334482640.9568722,-0.07390719684665537,53.658700984308325,0.04702284361871283,16481.610551998954,17830.93212467745,16829.249408577252,17040.971726429474
2022-05-12,16040.912692289745,16375.727992950262,15703.083459419928,16037.834510471288,1124166100.3082943,0.02783475039993677,53.064603343526855,0.043893580964296824,16484.419770335593,17756.82039592775,16707.493270407103,16966.665265988126
2022-05-13,15598.73860257765,16184.426369087234,15112.465494846538,15695.14781280881,1476791838.5271378,-0.021367392052757173,49.28764545686939,0.04406835132830977,16450.61345155845,17672.565967823906,16551.74781539198,16872.478787974844
2022-05-14,16172.133257851432,16358.752483309101,16051.356369531042,16237.48751566293,1087161455.6251407,0.0345546094450615,52.982288374402316,0.043251048415652735,16453.52632440419,17600.982070668913,16503.400076972124,16825.44239743322
2022-05-15,16298.152862445055,16461.875558776956,15980.806374084636,16142.970186638635,799688515.6916707,-0.005820933129778938,50.448898624098405,0.04303198987610523,16453.84200520639,17513.648980526275,16447.949324613128,16774.888900337326
2022-05-16,16457.823073158193,16650.052949120185,16318.3995262641,16510.185807823622,844701158.3523405,0.02274771104322104,50.44250074266287,0.04431706240500915,16467.812823434833,17435.152345192164,16457.524168183973,16755.28126385483
2022-05-17,16091.63125757413,16311.146819421772,15998.936855797267,16217.726059821121,803287881.5934985,-0.017713898038864806,48.861379731702186,0.0378390936656657,16520.317670943445,17355.70708522496,16420.632151512764,16715.462359852336
2022-05-18,16368.418740243975,16613.291423473012,16203.458181259837,16447.533547228653,342131342.676696,0.014170142383701512,48.53430332871665,0.02261427745360345,16558.82688341583,17270.780028369918,16424.770827776745,16695.61578113947
2022-05-19,15992.962236681758,16099.145048487624,15937.67241972268,16043.679893780843,1244691970.8831482,-0.02455405561497437,39.07562072703532,0.02351887238398055,16571.894489094742,17167.324471384192,16366.141453315837,16647.32423392772
2022-05-20,16498.044714991407,16822.716930494702,16186.462717178822,16510.892293374916,1259388863.1563332,0.029121274089692006,44.97276503213438,0.023512639397894032,16605.247779570138,17081.3388780106,16388.41081332493,16637.21816425714
2022-05-21,16460.045757009724,17237.90298434907,15777.747014344575,16551.80082763251,836622391.7263618,0.002477669500273283,39.068105570999556,0.02026241027277303,16628.586186323482,17010.113324375016,16413.547738603018,16630.890954136798
2022-05-22,16467.344179732187,16954.992772821097,15911.990431198994,16397.572882062716,1243657105.1211188,-0.009317895205234517,38.07470138247106,0.020554783485363964,16625.810758673746,16946.47001452214,16411.090068366047,16613.60813398316
2022-05-23,16349.562766848649,16652.91820714519,16114.042941225149,16416.435068131494,1132970115.8390534,0.0011503035360440617,36.124408753202474,0.018514407684265172,16628.16156582319,16880.1205475288,16411.912376022272,16599.002721697852
2022-05-24,15598.821515339676,16798.50499061587,14502.778589806405,15695.657907328194,1255495015.255505,-0.0439058271672218,39.23227504488554,0.02428207760180796,16580.866448846315,16808.953382038224,16301.719380838567,16532.088291003805
2022-05-25,15609.837464385575,15619.965268510066,15542.10533754022,15552.195743193206,812561223.5466026,-0.009140245345689246,49.39662531753324,0.022866721590259445,16487.969051020886,16735.36599233796,16186.408051970051,16459.50365783265
2022-05-26,15687.828834235295,16350.535615150737,15116.736431483176,15776.225269794106,1147795096.4360096,0.014405009446910588,46.76415224594474,0.022832929289182277,16418.694513495993,16669.216868105425,16123.303008558367,16408.89044390387
2022-05-27,15707.620099731475,15815.073610314088,15580.241421530847,15687.557688116915,1406912694.1793954,-0.005620329334860452,49.899822579191074,0.018203459694252175,16311.577680644006,16628.57863390453,16056.265266951988,16355.458387919653
2022-05-28,15679.42479530602,16064.784489488966,15411.37071392847,15794.758670225818,1124284742.922277,0.0068335036109608005,43.39841734553305,0.018655690533851858,16209.906296076288,16591.636446214197,16016.03348284027,16313.925075497888
2022-05-29,16241.491950572738,16374.624452732069,16098.974525611142,16232.029463183018,635101892.8178889,0.02768455043137097,51.20482064388284,0.022562002861922257,16119.99824295031,16557.852683177945,16049.26363366223,16307.858733844934
2022-05-30,15745.017053969335,15941.168097083882,15557.5069718941,15753.556319445861,850631793.6026407,-0.02947709926367592,40.063211232316995,0.024875153826540607,16065.23810217936,16498.29138592829,16003.770200705867,16266.7992957413
2022-05-31,16468.94456462286,16727.582513361198,16195.461819925566,16453.86291764885,1315131559.7065988,0.04445387339863993,52.801108988441875,0.024616597982871125,16107.755519218674,16454.97566313886,16073.01523408171,16280.655860327046
2022-06-01,16541.58576217433,17285.250685976527,15909.293386554713,16648.85789619861,676980621.9440846,0.01185101514007414,52.40804332585682,0.02357648334613777,16138.306688505041,16421.507373869346,16161.606412868925,16307.93008520642
2022-06-02,17480.264455949255,17664.837778238285,17239.045637743213,17423.01445991176,943127900.7072661,0.04649907930861197,65.15568883981905,0.02738472254456599,16224.700020860188,16400.46552078976,16355.669189337053,16390.528927777188
2022-06-03,17385.720707158678,17838.03323489269,17081.600177016386,17531.365014905936,917573716.4993112,0.006218817945854216,62.17257281384758,0.026270432834623682,16289.39389582234,16396.922709598373,16536.545470193803,16475.03530460154
2022-06-04,17774.274019265198,17962.073894175006,17485.89690295482,17672.622748289472,998558910.5668209,0.008057429256845161,63.056989983618735,0.026200947651474488,16365.87652390488,16401.009834990047,16711.32658990083,16563.74548561546
2022-06-05,16794.332081030472,17081.382059144602,16435.4339979332,16721.23458824173,1030421048.1977079,-0.053834010582262226,53.179889032647004,0.03648389197212494,16376.428962925784,16387.91697116408,16712.850897337892,16575.41134506926
2022-06-06,16254.01024879444,16427.019940574988,16033.243232056058,16205.739119982056,857986069.8455838,-0.03082879230832425,48.1140144347758,0.03669864176762273,16375.829615933832,16365.167181656021,16634.83370082161,16548.028217285024
2022-06-07,15812.768078561217,16335.596548840844,15177.10041520391,15696.070430563777,707217857.5616286,-0.031449888563851114,50.00383762326317,0.034092192698058306,16338.25646010059,16341.813091362426,16490.408582320408,16484.920233083452
2022-06-08,15611.841744702258,16008.055280970202,15069.39031381915,15461.79582898089,1301232480.8907542,-0.01492568491070867,49.173000374108334,0.03321865953698744,16309.16225686059,16324.66910191011,16332.160466422021,16409.133240186966
2022-06-09,14895.800226285563,15130.073694889392,14810.673955159222,15044.099923124666,466574652.1265113,-0.027014708412674393,43.531549338308004,0.022138449719034052,16235.822638348076,16311.464064322015,16133.997305914736,16308.019661145314
2022-06-10,15665.227036870287,16478.76389822212,14808.3028381951,15619.463054342836,856172063.1143534,0.0382451016782841,49.44601552543491,0.03036929512546433,16189.205749683595,16316.231689777887,16054.83819028829,16257.015468048834
2022-06-11,15450.697357523366,15544.117320127138,15283.433642991178,15376.40440614597,882900054.8670305,-0.01556126784584222,46.67008450608189,0.028510783276373967,16138.147325887758,16304.126775026038,15950.463761958703,16191.785019018993
2022-06-12,16067.337749032324,16790.359390675036,15474.53662900608,16192.924763589133,1326291707.424162,0.05310216458125927,49.70646544833638,0.034883782787368076,16126.97181066064,16300.559786530783,15987.765454517232,16191.869444542706
2022-06-13,16294.278523482844,16506.121062713744,16227.601638616574,16438.85257464454,1205598934.4152296,0.015187362051381381,55.330175036296296,0.03329873961855275,16164.131544026459,16305.752236848712,16057.163472998356,16210.164491216918
2022-06-14,16755.85289291674,17463.22714084638,16003.119453673205,16708.494389110227,1156226960.0775888,0.016402715046035743,52.122709230324396,0.029903362475391496,16221.946476322308,16317.188993219026,16157.36822932326,16247.077816986794
2022-06-15,16030.199634935365,16487.750269923996,15603.389180467382,16060.142572800929,733767731.1398492,-0.038803724692983765,45.43712974598741,0.03418866680400986,16236.142341472649,16313.776455809946,16142.410436012133,16233.230761861916
2022-06-16,15955.516125551288,16302.906033595915,15602.462965419681,15949.72682651964,1211785701.7052786,-0.00687514110044618,37.27161613086824,0.0317111708596407,16249.250798392784,16329.418410147364,16112.766803782519,16212.230470355082
2022-06-17,16059.848883003566,16209.726435589955,15939.968346846017,16089.623642414414,1254305960.7824273,0.008771110465802368,37.611684989536336,0.028992221008078366,16263.994047002217,16337.663897040033,16109.206317418195,16203.148483100218
2022-06-18,16994.0543884558,17357.259402258438,16488.399316357987,16848.49332998116,139567337.13249293,0.04716516087836031,43.59806860874653,0.03132120407017728,16294.817240342123,16358.987208035605,16222.942780889422,16250.951805091398
2022-06-19,16453.173868911937,16603.38001252701,16431.763001687734,16581.801759076927,926503011.4504144,-0.015828808290511476,48.78793523567297,0.027410543565551428,16336.229512323674,16373.746713539802,16278.15185445673,16275.459209090324
2022-06-20,16794.15136629661,16890.31784121934,16586.123402364443,16681.645648348916,728591810.7096603,0.006021293145501261,54.4592097502638,0.02698692491160088,16347.618648858679,16385.67897265547,16340.227822747835,16305.54709347985
2022-06-21,16789.325170017728,17022.107133650814,16599.52030491051,16831.821839783614,1066112765.7554672,0.00900248060655584,61.410623727846186,0.026487636399717462,16356.76684603793,16393.25378074999,16415.85767152257,16344.53040802087
2022-06-22,16075.563503853164,16261.743089167154,16050.008857286075,16235.933509153754,1089871264.2269456,-0.0354024856193178,57.250731793508116,0.025646110647845725,16297.412798500032,16390.584072430214,16388.17703115814,16336.486193289973
2022-06-23,16129.960139479246,16471.283919227357,15872.536180501445,16212.542005907944,662763154.7569414,-0.0014407242572544998,61.81667945237782,0.025419708256309053,16231.471648050128,16382.00370761106,16361.156258042723,16327.305142372785
2022-06-24,15922.761966532402,16055.544235572565,15812.966687215225,15945.591535145419,1232257888.7675633,-0.01646567642910335,53.517632521854395,0.026178988013498473,16145.120087392928,16352.712664319934,16297.22322375083,16299.030060355943
2022-06-25,16170.54392461359,16550.245159575385,15760.257718252504,16139.223517389888,663922554.7812014,0.01214329250926105,58.316465112511274,0.017273263851482326,16116.019533850336,16332.26281426189,16272.915576618378,16287.192538654754
2022-06-26,15862.968619262023,16509.793278382782,15342.54480448644,15985.354299478657,581755732.2386775,-0.00953386745932594,47.35481093825288,0.016834304696126928,16105.000292825167,16295.372013348331,16228.675380135344,16264.834150567636
2022-06-27,16346.911686453233,16361.196241199992,16243.518983552909,16257.725604100202,1018935060.4052696,0.01703880311432493,47.70724793122491,0.018481472740595816,16133.083051501986,16263.962798198732,16233.144645360706,16264.307591570048
2022-06-28,16238.997955201503,16827.927423425925,15542.839717763187,16127.734048244663,1165346188.950623,-0.007995679040292969,42.37915345841819,0.017659950608941374,16166.379962465177,16225.913668649573,16216.927630419777,16254.191032805205
2022-06-29,16522.338835426497,16936.197311083662,16259.786304258785,16671.278022941548,1411101231.7634835,0.03370243910712567,58.24625735711659,0.017767115354490385,16247.73886745602,16222.364046411107,16286.827690807742,16285.086365407897
2022-06-30,15810.610809750857,15811.828589357236,15675.050426939162,15676.257858287252,907482011.4757177,-0.05968469623534778,47.02112389557283,0.030073139613470832,16250.578607653242,16223.8189120396,16192.893870419974,16239.987957473035
2022-07-01,15623.389196372624,16582.326846003107,14553.609580256496,15505.29905326862,1253093471.484036,-0.01090558770875627,43.67778109587224,0.02977325639794573,16257.023340009375,16213.168202895546,16087.110052396689,16185.566557161597
2022-07-02,16152.458841652695,16181.027375445428,16053.021787204367,16081.464755163512,1097063891.8673027,0.03715927696173216,41.35936130343485,0.03327411538173519,16251.450339588093,16220.89454174264,16086.241545130048,16177.855312569147
2022-07-03,15650.798837108656,16261.520399647401,15131.857722911402,15739.633743452112,1156647474.4686482,-0.021256211229244037,40.67084309196543,0.03411638758180778,16216.489398028469,16210.937466298426,16032.917267948826,16145.394455597514
2022-07-04,15576.643236695041,15776.481321099032,15445.209953482845,15644.475678336845,1427856368.4228337,-0.006045761080994305,38.49875951494884,0.03310314035905764,16163.288462489803,16200.967576132389,15973.157023393136,16108.289360985613
2022-07-05,14980.803667137641,15340.596985996137,14550.330187536954,14908.384211435312,1253836510.8998234,-0.04705120721436584,31.123757216608325,0.03677870732439764,16105.700544421521,16168.931544204623,15809.345821553472,16019.40749805596
2022-07-06,14570.281633207152,14956.29224413294,14236.385838786957,14621.228930193958,767297306.6856834,-0.01926132820088544,33.13141924381699,0.031169976453821174,16039.275649605237,16137.001601612079,15626.558607498162,15915.838715251368
2022-07-07,14603.431703651442,14648.039382341116,14488.039512062029,14532.430309717753,699021241.756936,-0.0060732665427889465,32.68475041615109,0.02529642423792019,15961.4159829704,16098.69953686186,15458.231177070405,15813.364018545175
2022-07-08,14630.58839212329,14935.694061095817,14381.523081253892,14685.69071030353,926012145.9872655,0.01054609568526832,36.70386910124415,0.026508127292653623,15853.275851986522,16071.539753192315,15339.37879756781,15729.832662379127
2022-07-09,15291.720087702759,15401.134221284075,15092.700531531778,15201.468906839847,869857295.6192536,0.035121139802736456,40.73363867931118,0.025941933223178337,15784.259209374668,16045.351285461616,15318.161891301968,15690.694606413253
2022-07-10,15663.679334714927,15857.93859133101,15461.413058498121,15655.571765923125,1344648996.4813478,0.02987230127997398,46.92380090964829,0.02856024278053035,15732.955515253378,16027.426704227426,15370.071102782147,15688.092914525096
2022-07-11,14854.675466505956,15184.75436534786,14665.518105528166,14993.825092483452,1186623489.6634905,-0.04226908370603688,39.00880147210945,0.03272835395576619,15641.055677888371,15999.35174843584,15312.187101197731,15636.665668447937
2022-07-12,14804.517853642248,15014.13439977112,14618.496978949632,14827.820721229415,357919423.9519197,-0.011071515789340292,38.76598949405023,0.02754632942178333,15570.650038492153,15967.5794614978,15237.669196587221,15576.751227913232
2022-07-13,15410.152216872606,16058.965146946299,14844.228325102655,15490.105059403182,804141084.9731375,0.04466498149829645,39.997444494172406,0.03068723665214774,15534.528191166915,15963.4684045393,15276.505483174293,15570.332993208784
2022-07-14,16045.627418883458,16373.183237941716,15669.865273542144,15996.416499728486,907163766.8061466,0.03268612048682984,52.95586684047494,0.03107496739623963,15537.069439396068,15972.352819670003,15387.26102418263,15601.894734432464
2022-07-15,16708.33380238856,16980.795911100377,16397.126629399456,16668.94645018691,667050752.2973049,0.042042538119074324,59.83272310349874,0.03269227564147789,15563.55558603592,15990.20724327786,15584.443397414057,15680.935602266127
2022-07-16,16071.488854971589,16263.682339540943,15774.815611491285,15965.744535608575,638189605.9379141,-0.042186344330745085,49.04272546900427,0.03872910129279508,15562.575097842415,15995.770980227695,15643.105110982444,15702.032560291493
2022-07-17,15788.549618932455,15802.461195796686,15647.055833761264,15660.854896494104,932737236.8593634,-0.019096487384880345,49.344308810706316,0.038473550947128274,15532.731562462108,15993.09290475306,15645.835847215007,15698.982362973167
2022-07-18,15600.686363825987,15774.648763426352,15372.83141312761,15546.186083080944,372211846.54148567,-0.007322002162144403,49.18456557037987,0.03397577527257142,15503.654164203923,15979.37603715102,15630.505114271306,15687.664120018188
2022-07-19,16103.813317646063,16354.78108750594,15884.528203828682,16135.070347704283,690229064.2357751,0.03787966138294374,60.431684458799324,0.03497762442224592,15476.84378044206,15987.006317716186,15708.130534799457,15720.805322069009
2022-07-20,16783.752550474546,17023.10705072495,16411.9727143575,16649.411363696276,653784852.726735,0.03187720938974237,66.60592784971016,0.03332267402361835,15525.50145571251,15990.917286637137,15852.942970014352,15789.59095478214
2022-07-21,16735.693726989695,16758.752927200512,16685.73808445699,16708.760174393694,968059855.7677147,0.0035646191568565744,67.90524572380517,0.031929442802507146,15585.674511768764,15992.115332201038,15984.607155303482,15857.677563642254
2022-07-22,16633.641756448367,16844.3932180609,16398.490837879745,16608.92918644557,1000260833.4061012,-0.005974769336932306,65.96333807835941,0.02797969107564532,15612.047733332869,15975.833626731714,16080.65669855611,15913.325831998054
2022-07-23,16343.065099337924,16912.085619701273,15849.434468299583,16416.24465242847,896429066.6803032,-0.011601261698095944,60.654376889227244,0.022096150184945106,15645.878278781685,15953.531219482165,16132.285614536473,15950.579077955863
2022-07-24,15614.885257894015,16463.768144143814,14885.511102098975,15729.060826583576,864966635.8555969,-0.04185998932120194,50.61922959295703,0.027183742507145062,15650.107536194022,15914.659981048047,16070.25103177449,15934.170318594954
2022-07-25,15873.447830133075,16365.06639505304,15487.447433117508,15976.558615611353,1280239388.1736505,0.015735064652397046,58.9021173519997,0.027412072785844288,15703.516256402825,15899.766461595438,16055.836813903239,15937.31019244802
2022-07-26,16304.577797405927,16486.748433849527,15984.700129305831,16165.314783609223,1085525483.542606,0.01181456986696916,62.06598952116449,0.023582406135077536,15780.720549073589,15898.95797486798,16072.679578473391,15954.199421422923
2022-07-27,16603.645267324435,17061.47825988126,16159.116535445157,16616.602621281778,989778322.6140031,0.027917046077577057,60.564710691642226,0.02273677908863477,15884.92916465179,15917.368618682343,16156.360046597758,16003.266325116172
2022-07-28,16504.689001265546,16993.96874114664,15864.988370368827,16349.672667621662,1037186483.7946674,-0.016064051102614885,53.46871273327869,0.02341581924868832,15968.128262517697,15935.126155455157,16186.100449832204,16028.926054190653
2022-07-29,16570.614436299657,16752.354965019873,16322.913575766392,16503.92265303693,1088574377.2598403,0.009434438753060714,48.1959705136548,0.023795634788995112,16033.25094982755,15964.322610053401,16234.996173402164,16064.110987438526
2022-07-30,15670.14057826831,15995.590181832991,15380.722012287815,15705.518211135352,1070189031.2889537,-0.04837664709696532,47.21322915390543,0.029892341618177717,16035.748272088162,15966.043713189254,16153.538025361115,16037.548559564215
2022-07-31,16162.130359828481,16384.334530390228,15798.668615735396,16018.9036415477,1380800853.0055869,0.019953842095458807,53.82738938614524,0.026433947118556764,16087.002199541374,15978.893697897287,16132.825043235975,16036.167454525956
2022-08-01,15551.508866443517,15560.461902713963,15497.126166948954,15506.053034201444,1436796719.8693955,-0.03201533755506791,49.60465002192105,0.0286434793692393,16120.913815189973,15965.156263309536,16036.398580307585,15996.899719687102
2022-08-02,15206.61933064032,15990.695935790669,14445.60149193861,15228.579115917246,1212268717.2985015,-0.0178945549632894,40.48647814153509,0.028122340662163535,16107.837518015678,15940.950794134988,15912.118662709072,15939.987082370817
2022-08-03,15634.945509384968,15779.405181460394,15591.899135136267,15736.080361170616,694594467.6473452,0.033325580895654294,40.40091458097767,0.029326899063953003,16094.820711087788,15921.502513576193,15885.035847087769,15924.882880800431
2022-08-04,16352.544878881772,16714.365843097276,15880.989270348113,16240.327276629574,594704413.1350287,0.0320439972271116,45.49781470832613,0.03242502806878192,16073.38975240992,15925.106207652769,15939.696067017278,15948.249132343331
2022-08-05,16691.148727182972,17178.4747729448,16373.848101485988,16858.002243034112,184491064.78499943,0.03803340633987062,52.17716345850765,0.03553828068276994,16118.002637781194,15943.271715983057,16080.973940250637,16015.63825165376
2022-08-06,17266.781120893487,17606.999511704795,17027.352157434863,17366.19207123702,678384227.2604998,0.03014531739150139,57.86949299700576,0.027997006858769036,16203.269496518342,15968.803084559511,16278.699806556233,16115.679275326593
2022-08-07,18106.65452972729,18644.523250325405,17734.36185889274,18268.894742815548,565994035.771567,0.0519804611094703,70.31492766697907,0.031390977132246846,16339.404929505074,15997.211112816196,16584.88364290382,16275.17671736281
2022-08-08,17212.707076843308,17445.172721665305,17050.207033108494,17282.018331012052,916449257.0415591,-0.05401949191215283,59.33734383642539,0.03783503185388569,16396.75232867046,16011.2154442549,16692.13513338201,16349.757577633125
2022-08-09,17522.25624921374,17973.537793435582,16947.580135177348,17395.599669292747,1016474862.7483251,0.006572226467141062,58.8953118642292,0.035195109875681974,16434.061743950286,16025.494524673775,16800.360446599047,16427.227362200505
2022-08-10,17219.818213688402,17772.052523195387,16632.148734173883,17183.20899729515,994872633.7737546,-0.01220944813834246,54.243315417059385,0.036448334923577394,16457.784185095355,16032.522267824008,16859.260223629215,16483.226001837145
2022-08-11,17205.723128952184,17384.80101535111,17084.676200348193,17263.348675399146,847881865.7851247,0.0046638365462825515,57.03946636583091,0.035549744970260554,16490.505159543034,16053.070571148915,16921.427677747666,16541.012866545443
2022-08-12,16712.14890598751,16771.228060262925,16690.29324471007,16749.323782765066,752861547.288576,-0.029775503136687642,51.79139478272412,0.035656727104133354,16507.159116059865,16063.806206686057,16894.95015544265,16556.443304783934
2022-08-13,17106.96448953766,17254.577380273175,16892.717775715064,17039.750690784098,1194334450.9370878,0.017339619902618342,60.51990650316874,0.03412535752034792,16572.693609269892,16085.68938979883,16917.227160879796,16592.24385189506
2022-08-14,17666.600225250735,17858.253538882604,17599.30015535394,17790.481548998894,244277518.1346949,0.04405761984656431,63.067025548863086,0.03209986631607957,16663.389755939268,16118.714550431012,17051.573989821198,16681.002199828676
2022-08-15,18055.005692641815,18440.21074594594,17591.30071902127,17974.794458960463,685210323.0556746,0.01036019792122711,69.13671981618583,0.023127990657167714,16753.86373970683,16158.503353620647,17193.607908150316,16776.838663468065
2022-08-16,18684.020636470254,19280.66105687547,18231.538423419443,18824.770226001117,654025554.972402,0.04728709243275597,75.60377541532058,0.027953650043382808,16864.272119942798,16209.844246058667,17444.555957050437,16928.537297729774
2022-08-17,19062.303718970496,19133.843177546965,18851.1392889884,18922.15277111015,1639811504.9977884,0.0051731067067435355,74.090715100956,0.026195070093625605,16992.896125117222,16265.732620515975,17671.878543828854,17076.212517980173
2022-08-18,19234.03878177929,19611.815941388402,19011.14903013152,19387.151869819863,1238984509.5653324,0.0245743232461193,73.93601866626824,0.02607303366098793,17137.05758595637,16320.050097453543,17935.76674782747,17247.393210709037
2022-08-19,19526.247440273768,19631.57778036427,19517.564560460498,19622.851942717614,1210888266.7448158,0.012157539925432115,72.32802493605868,0.016647952357554216,17332.92427253548,16398.98197914215,18195.318316272107,17423.353116783746
2022-08-20,18852.6695994315,19380.661720097596,18493.5509532383,19018.38638631471,1209995867.9250576,-0.030804164357323915,63.13828466798195,0.026438487571068578,17482.898409773832,16469.243725803073,18321.944173201737,17541.503729341595
2022-08-21,18874.40734309746,18965.973662339562,18753.16816642989,18844.589830540615,630712721.9511358,-0.009138343929070314,55.17822866078988,0.024653111204634145,17649.82524959079,16524.506227310616,18402.35119740772,17638.028625726707
2022-08-22,18904.32440702501,19257.23119414499,18706.30579907121,19057.60698516084,1191227388.5538175,0.011303889155231062,68.55391255641595,0.02466745493098702,17841.27664305297,16590.865692144787,18503.15978013897,17743.182578277385
2022-08-23,19805.889086314357,20103.588662421484,19562.2181381764,19859.261081071563,861846684.7234218,0.042064782663160605,72.50734391456302,0.02334784732668722,18047.435679048016,16675.161400199482,18711.790749513213,17899.929134039918
2022-08-24,20831.52359739593,21283.29083009245,20348.30254095097,20799.372522578426,1240176588.6613991,0.047338691891356977,79.15914038392229,0.02758121434003674,18275.38794134546,16792.981166422345,19032.95717613863,18114.702718376102
2022-08-25,20051.93384712389,20336.828579922134,19777.828789058614,20062.57801862167,1096007062.7573264,-0.03542388132896512,70.410304646131,0.03258926633428429,18435.61673012484,16901.8081481909,19191.36038267448,18258.989777653554
2022-08-26,19458.31653362517,19848.666879412885,18894.310331168275,19281.105676751402,838568060.5433301,-0.038951740954972,67.76728994267965,0.0363231015865954,18531.362410400558,16996.781655531573,19205.167350994005,18334.702066475616
2022-08-27,17977.562170766232,17982.7553357129,17855.17530839817,17860.334609906957,845839981.6194618,-0.07368721953313961,54.97011285406989,0.044661028415696934,18510.934403755127,17060.27453352364,18998.27000621138,18299.56373635942
2022-08-28,17645.43702566575,17948.179950211837,17519.974517151884,17821.465842381742,1045337673.3365312,-0.0021762620003576982,50.205375654674626,0.04471077941830706,18537.90677932361,17112.674472234477,18817.22321177605,18264.149077546263
2022-08-29,17622.317544013535,17793.153048104035,17559.757818501992,17730.21030025741,1072255334.1767406,-0.005120540753012159,48.358553858288225,0.044010964691171585,18554.637310871847,17154.167242921165,18649.990456157797,18224.598057006348
2022-08-30,17384.123917259436,17717.302540461573,17119.70229848928,17451.850760969297,979502450.2736262,-0.01569973139484271,40.02042691645827,0.037712947322360704,18568.069399055552,17203.32775629088,18465.661272282643,18167.357516559157
2022-08-31,16783.13021800263,17200.636259662973,16519.15526325878,16934.28387125459,900352587.6774704,-0.029656848250859236,36.38228192504235,0.02450706016471223,18551.616158848326,17245.457019291385,18230.06474904756,18076.018728018076
2022-09-01,16685.785841682897,16892.563305068157,16434.105825299248,16640.319854538753,815351107.5851499,-0.017359105289053933,30.731551381188638,0.024628619256105162,18546.16596243701,17268.461315194098,17985.48861143082,17969.670663315905
2022-09-02,16772.806426328792,16902.451014573744,16601.66483602911,16730.986176696642,979278170.6349894,0.005448592512069972,29.2928283759573,0.026417534442347172,18530.727736732635,17283.152708733458,17792.488236856334,17877.91625689966
2022-09-03,17027.16788809029,17805.82014969205,16308.55874309858,17084.779579319,885235833.1903058,0.021145998142962474,35.638885281022155,0.016662548990852427,18495.44263824864,17291.469371316103,17683.60998185059,17819.165391893686
2022-09-04,17586.949679615005,18062.7949434319,17179.633849365633,17653.927889926723,997426819.4581218,0.03331317843261328,41.64734200925816,0.022476642997462618,18479.399309796954,17325.233038402464,17679.043506169997,17806.92557693317
2022-09-05,17403.375018851108,17759.87347713179,17207.659196335146,17562.36962442219,1207100864.4243417,-0.005186282966340605,39.32885621297431,0.022478600692289706,18416.27927971801,17363.263332961025,17661.093678208796,17788.810321191613
2022-09-06,16941.93598045347,17214.861187520393,16706.53612046145,16978.947076568293,947085986.0193456,-0.03322003581126043,28.78300799836677,0.025182484641929966,18319.118994990913,17391.91855283077,17556.14804718718,17728.820451219515
2022-09-07,17532.499499080666,17672.816002144817,17233.460800569603,17372.49676608255,675004500.3260232,0.023178686389651038,22.546300512019812,0.02397579507340309,18218.38623980405,17416.66708119834,17527.894003940313,17702.42610417233
2022-09-08,17255.338831370114,17259.662309523916,17175.190500538032,17179.49497534117,768745346.1333714,-0.011109617307178854,24.69825002779993,0.023154389629009314,18096.218391435228,17427.268753431235,17474.2941533866,17663.690464999654
2022-09-09,16780.24247491678,16847.389094265774,16555.105058568577,16621.616933283876,1053525921.9589845,-0.032473483234405465,25.707125706685076,0.02707977864549266,17976.37991878369,17425.525888609038,17343.113042601566,17586.49983302071
2022-09-10,16774.938555754747,16930.02032809597,16759.178446345264,16914.129448389507,1352563482.7391405,0.017598318880751584,39.11293034787208,0.026634017154794826,17879.856899676128,17431.62989384792,17277.11556656894,17536.694619344322
2022-09-11,16855.787417179687,17156.12758960044,16641.38368695537,16940.64448694204,743549348.2415752,0.0015676265594064542,39.836344971399804,0.022110702240656234,17774.00877476519,17442.11789053819,17225.35078508788,17492.542757684892
2022-09-12,16572.90239783913,16736.417554645992,16522.80730812767,16685.980662053284,1773256832.4935768,-0.015032711717966496,38.388675968014596,0.022386760210494867,17615.34475381428,17461.256287247583,17142.37076615948,17432.797417267735
2022-09-13,16270.821237608474,16588.952284843406,15938.530650263241,16256.379325730784,944924749.6979246,-0.025746244408606178,37.13950003890215,0.02107131887425557,17388.19509397189,17466.85270144997,17006.06439070891,17345.655336413147
2022-09-14,16061.905954618182,16317.494296094874,15830.291322999065,16085.538874899446,1517385829.0857968,-0.010509132901502238,40.13343182945604,0.016686559122542036,17189.343136785785,17465.25718327578,16864.445080584377,17252.31337630102
2022-09-15,15798.560769098218,16195.960805545263,15270.8320897056,15664.869223293847,799819389.3214781,-0.026152039721966114,38.98498166764334,0.017670406269434873,17008.531314112905,17446.222515316018,16679.894948693527,17134.72492052271
2022-09-16,16392.231504631058,16921.481299708965,15987.242703504777,16513.4965081717,719143282.9989042,0.054173914431148384,47.90301961991006,0.028658309209260997,16941.18940902614,17449.49899212702,16654.295188613247,17088.7080010893
2022-09-17,16650.47353969044,16828.563684676497,16353.898838152538,16530.707994750377,835260010.0057987,0.0010422678546704311,44.28697973157806,0.027569985387686957,16876.651516644575,17450.034698961288,16635.281774172807,17047.374667286418
2022-09-18,16452.983413443653,16808.576021884073,16159.725680646146,16514.22668983479,1932983258.1995442,-0.0009970114359784121,36.736967465926085,0.027516920628721315,16815.852336123444,17466.208868535276,16616.65791504388,17007.882224512225
2022-09-19,15480.099923744034,15806.279825171032,15045.106794278405,15368.9445500465,1040565802.9616942,-0.06935124249525171,29.501685321944265,0.037293471328607976,16711.707025577303,17453.209686705253,16424.702012736594,16886.47943381106
2022-09-20,15680.981583722196,16040.073499639637,15207.735513422807,15564.15205215795,1078783507.599094,0.012701425363061736,35.743822725561216,0.03760291525290626,16643.20043462247,17454.37166706438,16292.309711109112,16788.52925739231
2022-09-21,15129.207126089794,15344.837000092803,14912.683872577894,15128.300829538422,189634873.25383797,-0.028003531522881597,27.577519451484307,0.038554102217328065,16567.599483372454,17452.366101336804,16113.231421636698,16665.549373847578
2022-09-22,15852.559681210985,16143.132666279587,15605.70825616129,15895.61086084611,904478156.4942375,0.050720172738070834,38.492881853361595,0.04321604505749457,16525.830717579927,17455.556711330315,16079.751335361223,16608.516891403026
2022-09-23,16507.19226258682,16889.78468067166,16194.890503040735,16576.17777506634,577946216.1432762,0.04281476944661455,49.601504623396345,0.04113282445568956,16500.400627367293,17462.27372129905,16156.124633777396,16606.12140130401
2022-09-24,16499.857118304117,16532.24402554256,16444.726747595356,16477.068924803487,910501791.55141,-0.0059789929625350124,46.03244807901194,0.041224957773961804,16441.557679111134,17454.65505493444,16205.500678550641,16596.56195860027
2022-09-25,16759.79820443883,17477.418911012082,15963.182486908265,16677.26948020684,697742781.0129404,0.01215025295560812,47.682220139127224,0.041456335377134446,16397.302671900365,17440.876603113837,16278.080494190055,16602.54029353409
2022-09-26,17576.92528054782,17871.413336576716,17224.812299624773,17518.31844251894,780990897.4099314,0.05043085520146362,56.639572103384154,0.03022306899409167,16424.2712401979,17425.8650771079,16468.886332394497,16670.375711977413
2022-09-27,17574.64223308728,17940.379925707774,17108.273018743774,17471.87200808578,1306878304.9969687,-0.0026513066642532834,60.32729896114491,0.03131582959235148,16429.24000229806,17429.662150649376,16623.191820962387,16729.74580798544
2022-09-28,17316.737069726,17843.524197122406,16771.001500038594,17297.194117295454,748935520.8618727,-0.009997663141618984,60.2879859087409,0.027504079611107117,16435.124959395773,17427.694039609432,16726.884481936704,16771.779016082477
2022-09-29,16977.040983851617,17311.246253727382,16682.065535721693,17015.600829726653,1191763521.4004762,-0.016279709047563706,61.74628103411206,0.026526609595583835,16454.824154217913,17424.341876258062,16771.302381596695,16789.83989116723
2022-09-30,17288.55670304941,17529.600049168563,16944.61245242219,17184.20083101488,638931906.2414308,0.009908554095467537,56.61498045040656,0.022342287781567074,16468.327723349183,17422.758919370375,16834.825219968723,16819.051812637426
2022-10-01,17418.197654681495,17563.076017857777,17298.63763426346,17443.343394896525,575366795.3867956,0.015080280219603281,58.59109823604496,0.021974412743747937,16493.462668746906,17436.639311613006,16928.443400726846,16865.295633545506
2022-10-02,17034.848756979743,17085.12261353892,16944.321021542462,16994.475727769965,1310176625.750934,-0.025732891737824004,54.18051064226168,0.025303167521360227,16508.887422032738,17435.733812352722,16938.60222027194,16874.864529413982
2022-10-03,17606.11492710567,17930.306017849314,17278.793305205338,17602.925670408935,1340022954.7685754,0.035802807476121634,71.45141449002838,0.020961315181575773,16576.214739266645,17431.982694780923,17040.80582798532,16928.794984302498
2022-10-04,17610.862145609633,17731.02783171611,17452.77867446178,17572.683855409665,901881025.7216381,-0.0017179993579196084,69.91758749161062,0.02093809694489007,16650.57198829216,17423.94048270991,17122.633216819835,16976.490456236363
2022-10-05,18258.52024822151,18726.065641552195,17721.470558722398,18187.18938472019,711301298.9126874,0.03496936121805616,79.2954310687895,0.023712571077164197,16776.68799636348,17411.188865884287,17286.411088804503,17066.171858346275
2022-10-06,18088.337472521627,18616.847379628543,17533.45737873284,18061.173604645468,1012098110.9845166,-0.0069288210184138554,73.64427044455232,0.02238003496232707,16854.071851187164,17393.969282554997,17405.605322010808,17139.875691405476
2022-10-07,17849.328400015453,18215.869973954825,17593.979603678537,17958.952912046847,1159636511.4481778,-0.005659692710795361,67.27985097196614,0.023012505467223106,16925.484097051987,17365.405303399533,17490.735720477893,17200.548078119653
2022-10-08,17318.467786230747,17666.76945280872,17081.405308401976,17428.20484788268,910702234.8823597,-0.029553396947109456,60.7284862885906,0.026214104786830224,16971.183004954382,17321.512361502835,17481.115586232474,17217.411542546542
2022-10-09,18665.90358684019,19220.43299675417,18277.514688426156,18828.65761047692,253330184.46106592,0.08035553717767874,69.09625225190511,0.037135644383440726,17144.168657975904,17317.71778598608,17688.42974380854,17336.763103133977
2022-10-10,19598.151998824826,20170.35065274285,19123.239839022972,19693.13677464452,457717348.3632434,0.04591294727705786,69.22426224468714,0.03824490619647138,17350.617894100233,17334.68872486816,17996.846210091,17511.309301023648
2022-10-11,20411.392773960022,21126.775467108066,19719.51271398344,20434.124862990004,1044178753.1531173,0.03762671720736366,73.32121451520526,0.03796539089438247,17615.90909577281,17362.21908242474,18371.81215669085,17727.8141574656
2022-10-12,20555.559231485695,20878.31251576879,20073.09753431678,20393.303153440575,893768394.6431129,-0.0019977224286891193,74.89983719270838,0.038491221711595955,17840.793710402533,17372.899923872123,18682.810771575423,17925.25778679708
2022-10-13,20111.47442760157,20370.115172170725,19939.34652071425,20197.2531119795,911908311.0129346,-0.009613452023244262,75.94478339130816,0.038782904716512835,18021.847477248193,17360.857535660147,18915.80190086836,18093.553736810594
2022-10-14,20511.40320520392,20763.75928918613,20307.592520558785,20559.470981132043,1006810041.7144492,0.017934016430070976,76.68112666999046,0.03751793687935646,18225.96758006462,17370.79539491035,19168.674067062773,18276.214273427
2022-10-15,21519.900073834742,21868.913824898184,21182.132289106194,21530.972255612167,1414624082.2878501,0.04725322336220117,79.04151885027059,0.03129280020243165,18468.652718834885,17415.792726487565,19532.104557608833,18517.307457292565
2022-10-16,22230.286669726025,23003.936974432323,21479.67443718292,22252.572262238467,708103570.6642816,0.03351451100580061,85.96365235539945,0.022871585618224305,18705.36540982086,17503.637479534194,19950.638050628775,18793.99373914041
2022-10-17,22138.437043971564,22797.2760143942,21427.38304411491,22084.620434465378,633614670.9942079,-0.007547524205014922,82.61884094433582,0.02340089792715898,18936.002831139842,17588.900571375867,20278.94303275748,19037.743864720036
2022-10-18,21067.777752849513,21321.324497770256,20949.2025289328,21201.993868789585,836620459.7019309,-0.039965666074947004,73.4992599671533,0.029452165689596445,19131.24281871455,17658.336242746514,20420.9508536855,19198.058679836297
2022-10-19,20675.605903652835,21226.68003063427,20130.952710314825,20681.86203337011,523816877.96814847,-0.024532213273824932,66.35249213617084,0.031582409978725585,19314.55587889672,17722.93646819453,20461.09103517544,19307.97003935732
2022-10-20,20282.43242205005,20417.165751239907,20132.915019170356,20267.5494831023,534010696.3857794,-0.02003265226309514,63.935998755438874,0.0324777029240093,19468.723311501093,17789.601780431483,20431.31541177957,19379.04999815324
2022-10-21,20101.789251025,20143.009013706545,20039.655234211183,20080.832023008443,1129416764.49237,-0.009212631268004423,63.26075118047429,0.03172314650565027,19600.597742906688,17858.412023800876,20377.39489043017,19431.03385184622
2022-10-22,20458.53613521339,20582.15422978531,20274.913009596887,20398.16632730628,918400461.0180835,0.015802846412650506,69.06954376979718,0.024930876565284837,19770.7822728835,17931.755626813072,20380.590496103414,19502.67329447289
2022-10-23,20476.785544666265,20915.085370796052,20120.785442293687,20557.67889336739,1022528495.5259492,0.007819946337410455,63.206206102335734,0.019110873519637465,19918.519934031425,18001.213613094038,20407.834864913257,19580.821857353963
2022-10-24,19884.061268879777,20025.222246075446,19871.358810661335,20012.43777758677,811340388.9479133,-0.026522503761673866,52.563839995029134,0.019854994433600965,20040.50763014028,18048.383810847237,20347.004543786104,19612.793407000838
2022-10-25,20041.345151171623,20329.99971382493,19914.392417127674,20202.029120497133,1229080204.7547636,0.00947367557203349,47.9553235397487,0.017671889052085308,20141.24961692913,18101.177000768737,20324.700632510878,19656.440496889452
2022-10-26,20282.105866755654,21258.99854144819,19349.590213922507,20324.532240215693,1314474775.592553,0.006063901749070677,49.40274946396982,0.01626665805219956,20254.41754870764,18168.088704041686,20324.674726003926,19705.928774172877
2022-10-27,20828.448204080105,21011.809410600275,20462.54736395116,20644.287328213537,1548444681.6630466,0.01573246971780984,53.8006669773817,0.015388297716805794,20388.684269515976,18233.524515284305,20373.845895574636,19775.436815212925
2022-10-28,20614.22844498232,21511.57879211207,19803.743723144275,20697.807993041453,821664929.3923188,0.002592516950428836,51.24129191548117,0.014480567479354887,20552.164426773914,18303.890775638312,20423.68621826184,19843.760606163185
2022-10-29,19756.27678029512,19964.081875722117,19671.14570254862,19878.42445572151,739280780.7997642,-0.03958793789155923,34.75560595074168,0.020925688011669455,20604.652769036144,18369.026926087063,20339.79979325563,19846.328298723063
2022-10-30,20353.69683881294,20446.47257332144,20281.4985259164,20374.201526519577,543359449.1487478,0.024940461046215834,31.91912882782546,0.0233302360195664,20638.706006629895,18438.228367649666,20345.09236760393,19885.430019300584
2022-10-31,20231.42995588894,20438.878635143934,20054.079747558328,20261.266874185196,1286690112.1159372,-0.00554302224739367,32.26082633575443,0.020712339629301975,20630.063107189657,18504.640815394527,20332.196137847204,19913.269786329074
2022-11-01,20162.539959574824,20703.829848634876,19721.550465781947,20260.693566320344,732186414.5449044,-2.8295756055674026e-05,38.944838047865154,0.020446987275709858,20623.432627833645,18576.13507347987,20321.195742227686,19939.00488114324
2022-11-02,19126.930782975523,19797.848094268582,18604.832900901758,19271.795904318773,1196613642.835566,-0.048808677687393165,35.08199443876224,0.02735332769987987,20577.15976745061,18636.44340505163,20159.74961331862,19889.581993971056
2022-11-03,19598.52249970328,19898.378862185717,19495.489561100538,19794.316598979054,1183424631.6610973,0.027113233102639134,45.10542843257613,0.029221018355978595,20538.902048342956,18710.61895953322,20103.52914957407,19882.525298045723
2022-11-04,20554.34985196284,21363.23527080204,19658.277175093444,20463.590912852764,1010049747.7548671,0.03381143827457156,53.59950995262816,0.032841045872778724,20485.53298120499,18806.593393324398,20158.923267001563,19925.567195438838
2022-11-05,21141.802472261537,21813.935270200884,20601.14690783202,21270.001299892632,238555550.27870744,0.039407081116607845,57.50818688610733,0.030952491127214973,20436.404433087697,18901.723489158816,20329.858348984802,20025.15490687986
2022-11-06,22213.104838559204,22498.23792894043,21850.11399959942,22134.23469263185,1162114276.5792847,0.04063156276081559,62.10757718273954,0.03272166097934543,20438.88514599602,19013.794023116447,20607.454709545887,20181.383039157783
2022-11-07,21717.26455352592,21979.652421656046,21535.153679307066,21796.873979835134,693937121.0354614,-0.01524158018027244,64.15604443282105,0.03379425403234871,20468.629151548295,19119.446968916454,20790.442289590388,20301.04903476351
2022-11-08,21848.29123983743,22329.62654644044,21465.125559047316,21944.768883355064,921139410.6680855,0.0067851428446459305,63.91733561792989,0.0335212465757808,20531.774494047546,19250.963455582623,20968.030996323414,20422.806060585106
2022-11-09,22615.995534506998,23083.14981459377,22029.060373850443,22493.688284706972,1359839364.3175364,0.025013678853016197,66.21809633506905,0.020172322814755422,20643.08143412778,19389.55418023361,21202.747502228576,20576.204743853392
2022-11-10,22409.157367894764,22628.148308369873,22015.548293069438,22232.81595717389,1057629508.2042806,-0.011597579028888916,61.98243288632167,0.023696169531620702,20750.68063083605,19531.644482786316,21361.219572220165,20698.916685580836
2022-11-11,21447.67621423696,21957.502518912588,21154.29762446704,21661.203135927695,1175377351.2802534,-0.02571032038169474,56.74017263952386,0.02708395042702464,20813.832471267124,19646.95632828795,21407.37088971363,20770.19716338431
2022-11-12,21811.542141143258,22006.854675335322,21418.363756043385,21611.888481654878,1474707820.3192441,-0.002276635049464182,63.59239274235388,0.02349250423117099,20866.542950681494,19747.670542419717,21438.83513462767,20832.544668441387
2022-11-13,20394.075630383737,20801.23203854597,20071.527577388424,20477.366673393844,1068746942.9528018,-0.05249526478095912,50.73528247802537,0.024649814945281606,20889.789395471853,19827.676497391527,21290.916909822467,20806.235187326754
2022-11-14,19438.93430711503,19845.480616596196,19225.960205218616,19630.408709936786,1549578717.1280787,-0.0413606874831961,45.92961347727778,0.027273393367077476,20861.20837494383,19886.739281986123,21035.45410984005,20719.136929742315
2022-11-15,18739.35884744493,19125.68956531298,18258.357924086584,18642.695836833343,1033250598.2416404,-0.05031545128265558,40.74001600027717,0.028356725896669537,20777.116554774715,19909.226829872412,20667.337452454405,20565.32647841572
2022-11-16,18256.59927834511,18512.659629052574,18127.68872802403,18382.857564115155,1084432441.612039,-0.013937805722539998,44.449300664815134,0.02004085147654912,20664.045066569797,19927.446540993,20315.87900809452,20403.662114393457
2022-11-17,18501.858699665157,19164.213879570012,17902.320813785318,18562.704339550237,1200107027.584768,0.009783396014891421,41.96575916930856,0.02419848552322327,20557.289883895235,19952.756745438095,20046.159828318472,20267.29487181248
2022-11-18,19511.824248923254,19723.819452487558,19155.87451915269,19366.288482333188,1295612469.8029087,0.043290251683361314,42.96518070631585,0.035407580417446974,20531.68308522582,19999.770498490227,19941.56423662843,20200.553657776974
2022-11-19,19242.63516500836,19873.977851477284,18657.565563841017,19287.542838837388,967206172.7981024,-0.004066119513175481,35.9825914130743,0.03530393411778416,20477.35015084171,20041.837338646677,19840.94556004519,20132.923226744413
2022-11-20,19655.987288082906,20455.78124251196,18824.783921755712,19623.245631796737,1061027361.2494223,0.017405161236162092,30.811300938579592,0.032930009545972985,20445.449088722286,20085.435383384684,19807.453263391584,20095.169330822366
2022-11-21,19350.624690766275,19774.256229955423,19102.740572186398,19524.149238458318,788685975.530489,-0.005049949187704517,31.97572206929081,0.028981169642238954,20408.621872329186,20136.028853598447,19763.868028786466,20052.871546202805
2022-11-22,18735.995438381375,18832.517059384234,18526.173053302697,18622.107963891056,1295401278.4249341,-0.046201310159545206,26.464297153913762,0.027818894285982457,20376.137475307798,20156.41249946809,19588.212634187174,19946.889058624158
2022-11-23,17666.301119166008,17988.482756760837,17233.99869150335,17554.134742609058,1176675863.266427,-0.05734974919879299,17.40782366547583,0.03531766691654933,20264.1283824893,20156.041517212077,19275.277573944386,19769.647998178596
2022-11-24,17247.80281264852,17490.76297312193,16925.809893507987,17167.640857309532,856227887.0470977,-0.022017256388114137,17.12395084889114,0.03498876642913006,20099.330879712135,20135.650546663863,18951.02577138518,19576.90672848459
2022-11-25,17989.073184316043,18261.18888994674,17844.66214819285,18115.760842232332,281551286.01399094,0.0552271562996447,28.060245227242874,0.03819524958510018,19941.61885682912,20136.742291415605,18822.52347459243,19468.67369987331
2022-11-26,17848.775852223658,18588.85811937354,17254.67358529932,17990.053384184794,1158354873.0801086,-0.006939121085904554,27.797431250239086,0.03815050359201205,19734.409791406768,20137.36430085836,18694.451152991256,19359.146269081568
2022-11-27,17946.51642771693,18027.406778525063,17940.929263172715,18021.79617765818,224375158.80563542,0.0017644635508025086,32.59340470614772,0.036760161056748134,19545.65590129792,20149.23612745387,18590.96577217078,19260.0832993465
2022-11-28,18505.28248872929,19019.102435481458,17942.39830176967,18454.81701806422,1431303178.8222444,0.024027618342663315,41.147154752554435,0.039175300707782315,19371.15830803338,20141.759315605617,18570.01981000054,19200.433945177443
2022-11-29,19488.722214497033,19665.592028238898,19258.825615828104,19435.209777682274,692897910.1658826,0.05312394908377649,55.97464827744839,0.04071777907141334,19218.234382682145,20136.60077566637,18703.125958874654,19217.824747585208
2022-11-30,19438.933880271157,19910.385436249926,19149.068166546454,19617.85176954022,1219346952.201009,0.009397479828989308,59.42008763723834,0.029434120773572704,19087.486173300458,20120.275313797378,18843.853006669357,19247.456378841136
2022-12-01,19641.300331196067,19645.78257604341,19493.598509750103,19498.048063699847,480406021.68118787,-0.006106871804709257,57.2004164105942,0.026437650426230353,18979.328419689067,20102.370212002563,18944.498400058663,19266.018725867707
2022-12-02,19517.83175442863,19875.24277612754,19076.18623155703,19432.02597569652,733007295.5328242,-0.003386087047669295,50.57088526426649,0.021793282366727423,18870.335294391152,20087.0656692769,19019.502642464486,19278.31555918836
2022-12-03,18798.67923452693,18860.920083442023,18574.8148950374,18636.5188445135,1052475182.7888567,-0.04093794091146008,44.97221799300696,0.028898003589752325,18778.292902947134,20048.606626544533,18960.582058164335,19230.775061805038
2022-12-04,18498.516910955692,18871.744799442135,18305.993965831938,18677.36054279358,884733832.4114664,0.002191487510131429,42.34647142895736,0.028889470304733354,18730.640494589974,19991.53439228816,18917.009517338065,19189.781393730114
2022-12-05,18747.614680286217,18788.15202186346,18712.73556991708,18753.262404153123,1336621377.721288,0.004063843024587843,43.73895020325671,0.027713946537750656,18736.168822955962,19921.548195126452,18891.81765377115,19157.446653761446
2022-12-06,18796.3283524743,18840.58653975077,18778.616162470917,18822.849358425272,1071011931.185288,0.0037106585922210833,51.88533603378628,0.01688288047411801,18758.168412671468,19856.31277360565,18881.207146794863,19132.66166892173
2022-12-07,19017.444021820527,19334.10393714,18699.056008803986,19015.68666228784,1368637045.0763254,0.01024485189200397,66.42702422014298,0.01700124174657484,18780.817528808348,19812.586629475616,18901.89630302455,19123.996853615517
2022-12-08,19354.946610272105,19456.380245983793,19275.087598393955,19376.432582427075,993541989.0881832,0.018970964685417924,74.97010403848734,0.019076792248505656,18781.324733813042,19786.478040456757,18974.90188447109,19142.695796490447
2022-12-09,20143.288259449168,20442.37030568938,19757.226654273472,20054.997787686636,1416933693.8178594,0.03502013089215228,73.34563691138773,0.023252938893076766,18819.697481255505,19782.227006548444,19141.070484965792,19210.27372176424
2022-12-10,20376.490589630892,20606.985794404056,20050.456305322543,20279.858424384096,1428339950.9875298,0.011212199526420275,76.92323003842138,0.011617794915452246,18852.528120884876,19786.207534575955,19316.268629491686,19289.502218254598
2022-12-11,20377.416064200836,20661.818227432344,20184.886696555513,20468.428954188505,693971251.6154151,0.009298414508538855,77.74401309291594,0.0108845734630846,18899.74210667138,19787.612787113598,19493.524064060428,19376.830124620075
2022-12-12,21033.331548635346,21352.625567786497,20887.067956295024,21205.167049308966,889076576.6957048,0.03599387606979487,79.17823852618943,0.012911131504691638,19028.895060942283,19800.56255023243,19756.853754098665,19512.262489411845
2022-12-13,21086.938759040317,21426.865220629934,20772.50756524027,21112.059447655516,1220957376.6923258,-0.004390797838891958,71.91541683456626,0.01463093168478895,19206.791296194602,19822.554983633807,19965.346937722796,19630.765967800264
2022-12-14,20976.33461937191,21093.083069340224,20681.236013111,20796.986259944806,839838345.156924,-0.014923849020598401,64.89497542645974,0.018922347470639818,19388.258566326367,19834.45412642276,20093.291448833876,19717.152656107268
2022-12-15,19270.60312742232,19705.03104423621,18708.455633736525,19139.937891514204,1151085495.203839,-0.07967733149980927,46.74173178220171,0.039405275080479224,19439.46741879046,19810.76223944873,19946.621670784694,19674.396006878153
2022-12-16,20052.106828619493,20375.70244018225,19557.51403154423,19878.30487298456,1305649491.9004529,0.038577292447626865,53.61784111340523,0.03996714032564125,19533.879993230446,19795.44259034415,19936.111394200056,19689.50036733048
2022-12-17,19792.486940227813,20394.877803398325,19319.747878115828,19919.114276085384,619371468.3547533,0.002052961928171504,61.84724456361138,0.03966635404846492,19628.745898151807,19779.86871600503,19933.496452951644,19706.508805016027
2022-12-18,19659.270295054244,19863.422528352687,19523.466108687167,19727.14943994071,1165478520.1949635,-0.009637217472824311,59.43346085898403,0.03942292632580705,19692.36251924563,19776.843215689412,19901.75075864227,19708.037740936372
2022-12-19,19424.303210633236,19496.50011834931,19197.018441782602,19268.636763177223,1218721353.50759,-0.023242723342235982,54.33321639333819,0.03541823493754086,19684.03386852038,19754.731920422564,19804.3486054938,19675.48952036162
2022-12-20,18589.48799235179,18877.594265718635,18292.890687209936,18580.86329200687,822743767.7766908,-0.03569393515605124,48.156991494500595,0.03611430779459779,19632.184444643714,19721.123848779,19616.12009572658,19594.406096039045
2022-12-21,18796.895658957197,18832.321057836194,18693.3199852833,18728.616702847088,1133749635.740655,0.00795191313332455,47.798506223558924,0.03739910494319564,19593.712876601076,19690.482311509535,19479.58111220666,19530.273548395195
2022-12-22,18906.939976773963,19230.82312892004,18514.056106534706,18836.736648674945,1098970380.765795,0.005772980863633093,45.69432607583715,0.024039057755992996,19563.948410249996,19681.781126396658,19380.681963971012,19478.900444712213
2022-12-23,19371.22560279677,20054.935623306646,18874.011997237743,19553.054889447856,1760757908.3142023,0.038027724978747734,46.01949631897521,0.023884731526567525,19609.775212496716,19676.95589220603,19407.200875582836,19484.393366544482
2022-12-24,18836.087878352235,19324.448461431017,18518.586465636497,19004.114784373527,1025722224.2176864,-0.028074390839590735,40.377696478646364,0.025658173081541644,19626.11292457571,19647.76636963645,19345.187630781402,19448.817175272558
2022-12-25,18730.518085759028,18929.01460998136,18566.83752602914,18765.032439335733,1170098225.9547029,-0.01258055677680836,37.24927911774142,0.025743778336888196,19626.701426334843,19597.66699242531,19255.932985943607,19398.16645409205
2022-12-26,19461.177812103895,19548.346065931295,19297.67863374894,19384.503456683313,728229928.6369263,0.03301198755452339,36.12794253939122,0.028410210853100897,19654.784131247743,19542.67236770634,19275.7130583651,19397.154380209922
2022-12-27,18675.756649353836,18827.172568436876,18572.471765045368,18723.62296303764,708277559.3387338,-0.03409323819526655,33.251064970979755,0.02806812388699565,19640.180946285232,19481.20734737039,19190.776120622413,19347.263164123087
2022-12-28,19438.32493265223,19763.555840613684,19285.031320375965,19608.91691380508,720990638.9774452,0.047282192795438105,42.28559985946016,0.033080084634366305,19651.805162854133,19434.49030797939,19255.105473419746,19366.644923358792
2022-12-29,19121.664052019478,19329.47403398922,18808.46525746827,19015.11731323422,697114564.2059025,-0.03028212130129493,49.05967340727231,0.03599088878353858,19599.81113913151,19364.918888549935,19218.184218006587,19340.605841127344
2022-12-30,18402.80106335599,18946.593540642516,17914.631078033282,18456.986189764822,940281677.0103868,-0.029351968450962218,38.993715615010416,0.03365214455823949,19508.667527400547,19289.402293201754,19101.076829046317,19275.15253361901
2022-12-31,18983.204204091224,19312.822670369802,18834.297556327852,19162.509529025316,950975459.7261934,0.03822527318418523,44.68793169649085,0.03620411948919802,19443.37155614239,19239.428421063705,19110.52801365847,19266.80860735281
2023-01-01,19276.67510313372,19525.70568510072,18976.037688627992,19224.392849129854,1329936780.5094771,0.0032293953989066537,46.40450682718167,0.03565043048252466,19344.332846133435,19191.678508413206,19128.045680654068,19263.666699336296
2023-01-02,19163.167230131385,19336.61450348553,19145.78301697471,19319.08884322227,945208054.9479672,0.004925824957676239,50.380617228749664,0.03334757169536371,19254.68431591177,19168.512951809775,19157.43693643379,19267.772043327852
2023-01-03,20481.201059419815,21018.622714417503,19765.770866134575,20298.39575511764,1159109860.9481115,0.05069115421760384,62.41135184036569,0.03428862791302417,19229.754790670413,19181.87269271339,19332.969062385153,19344.114540497467
2023-01-04,21521.0323784851,21624.54085169981,21366.6579796655,21469.920623608752,786352233.2922939,0.0577151457004057,67.25616165718498,0.03624363502135282,19346.25392727514,19238.4171884489,19661.73084103494,19501.58165776497
2023-01-05,21855.030418790688,22515.177514479397,21414.989974183118,22070.792798925293,1505172453.5505445,0.027986697568681773,69.1688131769402,0.030764411012059602,19455.878323572175,19312.1758931451,20032.355757633457,19691.89359414722
2023-01-06,22472.445654292555,22711.053478701062,22051.065733598545,22287.71209491683,1062022657.3377005,0.009828341825677489,67.22873851314286,0.022274778976815245,19574.30821451375,19386.676048252433,20379.333655677052,19884.17644605608
2023-01-07,21235.687839532056,21811.052179780665,20836.216451448432,21408.333105788366,1048147342.0295306,-0.039455776590412106,64.54147287020112,0.03287666342161483,19658.367397806134,19427.516940721536,20537.641263386486,19997.076939369585
2023-01-08,19885.90807999463,19930.327520973264,19693.182831350838,19737.27025787278,936727709.0299308,-0.07805665390472483,55.01218418464748,0.0488069878245871,19681.79907254091,19436.511489102246,20414.507262538224,19977.831999999453
2023-01-09,19499.523523745826,19517.959435484765,19357.840251383248,19376.159528080665,856314922.516339,-0.01829588008240779,49.95580725889727,0.04958045866626537,19721.5638843446,19431.569767027922,20254.761457237062,19933.26366874621
2023-01-10,19748.82178290784,19761.545116441943,19731.150373675428,19743.87051731779,1093346334.947575,0.01897749596374987,55.576821199916814,0.04562630273023876,19772.326575068135,19435.964192605115,20176.162851095636,19919.234546418178
2023-01-11,19831.712412140638,20336.345244656073,19453.77639695761,19956.039901255826,1189989790.7090626,0.010746088703931456,52.0481432525345,0.03802190734751173,19828.29173769718,19462.64283135241,20142.297781889512,19921.960868998744
2023-01-12,19807.056691223086,20457.97571135814,19232.397221137286,19881.166114547315,1010681842.1270138,-0.0037519361095184056,55.44331221800189,0.034500789116488836,19844.697298952153,19509.183458791176,20102.123679221484,19918.939035335676
2023-01-13,19368.38940847551,19675.460091369416,19112.114654181336,19418.52200271125,651906600.6757042,-0.023270471619747934,56.116891599366255,0.03287471592947031,19865.41765986904,19554.201081699208,19996.954190527602,19881.871106993127
2023-01-14,18130.428468489867,18296.867016139306,18020.717118705397,18186.81446187344,956521582.9907707,-0.06342952057143358,44.182499128485794,0.03641699600569687,19836.506760995922,19555.62215409203,19718.47115535004,19756.31135550278
2023-01-15,17022.538318953146,17112.673955352973,16939.800613273626,17029.90046610506,1580316163.2654986,-0.06361278926519631,38.42676158128513,0.03298831103814404,19718.77661146701,19536.419095730438,19304.844895466194,19554.35499332517
2023-01-16,17596.763076919437,17652.765330506558,17368.98551534621,17424.439343214817,1763355357.4921043,0.02316742120102311,40.314380278704476,0.0369132614928082,19653.81743047587,19524.471959041566,19015.551733581367,19396.583463687366
2023-01-17,17400.414920016203,17406.478443416174,17226.677635007825,17232.682708756307,1518600202.3035195,-0.01100503899617189,32.95535280308394,0.03401318033137934,19535.00572022343,19500.029272855412,18741.26419130059,19236.29451887766
2023-01-18,16874.41454016079,16951.26440165543,16745.783209528065,16822.396167709194,1633513226.4381561,-0.023808628521816755,21.77141035137373,0.03143060928325598,19425.369662947178,19447.77300065595,18446.053726132683,19057.487233605923
2023-01-19,17239.00388116269,17435.145320574273,16892.88486438539,17087.30025466617,1075897742.7661026,0.015747107862402077,18.44284100260839,0.034229809166331705,19356.885366192248,19397.16197035847,18237.01473052245,18911.547457388166
2023-01-20,16710.22510886832,16834.527704653265,16573.982018212042,16698.195126390478,931428315.6339694,-0.022771597764218887,15.36066188141315,0.03422453955802572,19233.669646060505,19341.164911612283,18000.273252963685,18747.595432869817
2023-01-21,16627.02143660368,16904.88989785537,16496.789055161247,16773.51013281004,1410463115.9236586,0.004510368087658145,18.09774652247735,0.029422337520106184,19111.125510244514,19287.99459475455,17811.540465247737,18601.36689212465
2023-01-22,16319.93155726929,16650.69023654367,15991.988695948861,16322.691907037122,1392820242.4669254,-0.026876796937755354,21.751652469513857,0.020385188121481396,18961.305663435258,19241.718056005022,17582.486840907644,18432.576152488535
2023-01-23,16632.17938764867,16789.101540154283,16510.43888134704,16667.10539031081,942762225.7873385,0.021100286964627735,27.52627165720304,0.019903855101524173,18779.741145194916,19201.512952955367,17441.65892543121,18301.800540475368
2023-01-24,15938.98217864495,16289.107720588521,15679.751749777122,16028.422638684859,829763274.0606043,-0.03831995638530261,20.50356104332495,0.023385555456865947,18507.66624594872,19147.016157646,17224.237958239464,18133.402177379776
2023-01-25,16300.153137065467,16903.454160874433,15772.28948001929,16373.22417363115,1305625357.2404537,0.021511881906215002,22.1431465512223,0.025151649330613292,18222.787814684016,19098.02365395012,17093.312760607416,18003.018621546544
2023-01-26,17054.783592684274,17254.80645070148,16905.674294761448,17105.255875606752,937250693.4861361,0.044709074658278336,30.41801834921641,0.030644256596899684,17963.66500371851,19059.815038216497,17095.150162915008,17936.517677402855
2023-01-27,17762.32673772573,18183.95235928321,17521.875023967907,17941.080820344734,997584688.8632972,0.04886363295681084,40.09903973527378,0.03339504694798762,17790.302389446326,19031.108002974852,17225.29334098112,17936.85568799114
2023-01-28,18722.856054422526,19023.561273920175,18325.048471404483,18624.16868664298,631144616.1049988,0.03807395290943916,53.16351132663765,0.034726855183944805,17734.647310884837,19002.49142095398,17440.504932621407,17987.76776196535
2023-01-29,18730.845109344296,18989.659048761052,18323.49925518567,18580.23209536489,969532426.4613057,-0.0023591169097175735,63.36607231028638,0.03073833325356249,17694.85093924905,18968.498894373595,17615.84757304348,18031.654008883837
2023-01-30,17603.175068313187,17710.083656212595,17369.44586495268,17475.579532503758,1128522163.007296,-0.05945310893811184,50.39280489787758,0.04263393524323995,17581.436390008348,18908.641905939898,17594.26787449891,17990.46330692976
2023-01-31,17837.27345570642,18215.15922907074,17438.457360046235,17815.89012376489,1043151892.8086538,0.019473493890612925,54.37963679171895,0.03755876413879505,17474.4289011338,18840.856367429016,17628.363605155213,17977.53196002866
2023-02-01,17452.767086548025,17677.32041691203,17129.378205855523,17352.64330911144,1140432749.1286197,-0.026001889966503322,53.95050490344113,0.0405364293754503,17348.002760862008,18765.668044658134,17585.945098071556,17931.24391181257
2023-02-02,17091.528664193163,17294.415784762587,16758.456262623764,16959.779437583093,904324420.1250778,-0.022640001556539002,49.067706397777485,0.038607140666745705,17225.065632605598,18688.9239082109,17489.61191953487,17859.283580388164
2023-02-03,15949.09039015407,16368.57693238708,15619.849838191241,16037.511092576582,798535601.618177,-0.05437973697716558,45.51911798157046,0.03621823932895905,17117.600464140756,18626.87537223215,17266.211792310518,17724.3374701799
2023-02-04,16083.882030915363,16182.086410061842,15898.977148480126,15996.648902780622,1039342288.4295715,-0.0025479134237278434,44.70644420761059,0.028712670877436886,17065.937885974537,18549.242252828073,17070.894424690534,17596.360539261437
2023-02-05,16321.3974562759,16551.38543272284,16135.45713537077,16364.94895457436,645168841.9306468,0.02302357537707267,50.29121569609283,0.03279137160239537,17012.963366542514,18478.15894639785,16962.287429288044,17505.144866321654
2023-02-06,16952.257130225058,17060.10250273985,16804.497738900063,16912.08756421683,1475842743.028674,0.03343356653058982,51.64241014401255,0.03176456621784783,16996.933609315536,18421.857708883374,16954.56437312324,17461.21469579537
2023-02-07,16980.36426877894,17494.951819359358,16400.80457723392,16913.361622029694,917302759.4719794,7.533415422700251e-05,56.4872519859688,0.03015706263278893,17001.481882031563,18374.752206060424,16948.22548833962,17420.63298662754
2023-02-08,16713.183603942103,16975.083853581677,16501.586880539828,16762.858226221913,763324409.9646393,-0.008898490978384133,52.94005673479242,0.029033356303435284,16985.259780609347,18338.392104744722,16919.707448013818,17371.9089303012
2023-02-09,16522.918215478167,16777.12485999812,16411.81239443062,16665.06320682904,942502116.8144432,-0.00583403009636474,46.32686999179808,0.027964466506815375,16983.603184631276,18297.121034824362,16880.53141090847,17319.54998782178
2023-02-10,16859.604654830542,16993.01614126613,16704.29049490578,16837.52728120502,1165747246.7867281,0.010348840099526857,39.64519768274376,0.015933400711012367,16986.80404205103,18257.136847474965,16873.91539095409,17283.844602146466
2023-02-11,17201.693206223998,17645.256855448,16858.254446042833,17299.85819164103,1146378319.1438382,0.027458361475208193,37.03676376441575,0.01691569656775258,17035.662356281224,18212.072913518827,16939.445052598236,17285.03079396088
2023-02-12,18400.109500001352,18400.228889591188,18377.254164559065,18377.373406625164,1038677118.3132523,0.0622846270210915,48.34846666496234,0.025667558656197322,17121.17575709694,18199.538085963857,17160.66479937161,17365.94506156564
2023-02-13,18277.153815854832,18642.901530200612,17946.332366484847,18311.459145052515,1381499476.4114025,-0.0035867074208160155,58.19042168235171,0.02552616962668609,17235.32758241532,18190.466620078194,17337.71008332252,17435.983141823926
2023-02-14,18586.39140980718,19056.179861064596,18273.735856989275,18740.92478704731,1182377028.2037437,0.023453381764545478,58.90836782787318,0.025281062587420102,17353.712613086132,18177.595046685474,17553.58926851095,17532.64548591455
2023-02-15,18875.270325303794,19114.213233919145,18755.002500933584,18993.194033405936,1111847329.2027295,0.013460875022185848,66.4682020487893,0.02306931565709313,17448.10952097609,18182.98646809284,17775.06692464864,17640.834267210208
2023-02-16,19486.424271875614,19741.07421288431,19076.200255135802,19328.790223490607,1050905185.1271578,0.01766928666628753,74.05723468889187,0.02055742858722767,17517.494991133382,18177.38393428655,18014.101278316637,17765.868041749498
2023-02-17,18922.491231740558,19543.5782916436,18332.89058365557,18953.02621257273,791838585.2823733,-0.019440637855399956,83.30348014440474,0.025708856079391405,17533.93786742987,18176.142112273323,18158.551268202187,17853.8056840327
2023-02-18,18681.790687032342,18856.9696077848,18462.416911731987,18637.177495134514,931629400.8730152,-0.016664817211548777,78.37947942066637,0.028108353232938806,17536.785137418352,18179.745938380718,18232.186072345623,17911.833225595798
2023-02-19,18299.805984683124,19050.992150542024,17429.347544984448,18175.428142257104,1203268280.4312139,-0.024775712577613018,69.07523007723474,0.0196293052862849,17571.77756790602,18160.004310645352,18223.454083101235,17931.358774978118
2023-02-20,17587.056242828916,17983.764864234086,17204.435949627867,17600.84459455559,906003278.8238186,-0.03161320565349601,57.21502622873273,0.022756048591940966,17561.025291445556,18127.533345553864,18127.668007940367,17906.87624309497
2023-02-21,18651.39302111507,19100.964081584865,18045.77782302495,18491.494712819866,778706836.5409404,0.05060269201739209,63.935073808912875,0.029738785550943284,17617.967861630976,18110.98146294582,18183.6413471526,17950.18131492644
2023-02-22,18530.848196944247,19494.11742431717,17406.15499636954,18360.57299010265,1606756155.5419052,-0.0070801049212343425,64.15693895051947,0.02901686632106661,17688.007539256952,18072.22500764552,18210.861599914148,17980.580698272828
2023-02-23,18944.1571881264,19438.227970414584,18308.143334736178,18798.41305492432,1059774783.1328404,0.023846753859898095,67.82868831215224,0.029883474244009327,17826.05263737434,18018.79485627183,18301.254131454174,18041.160872839606
2023-02-24,18993.05624363534,19203.78788304015,18731.603159166567,18941.765720275882,1056161229.7222067,0.007625785481610636,67.6713850854054,0.029234651268240933,17973.308478249102,17956.214314698842,18399.794375888283,18107.87234302007
2023-02-25,18441.82873803643,18492.642399026594,18396.098749521214,18446.899835769233,1489992273.7486334,-0.026125646986380424,59.58049733239293,0.030346013774601284,18077.406022308845,17879.39806951589,18407.04136971612,18132.985490631116
2023-02-26,18720.123162933935,18941.82223755187,18382.52584539672,18602.83590800572,1062653029.3060519,0.008453240036253806,52.225797597625025,0.02856733706609162,18161.943439498293,17823.288125560237,18437.16360637606,18167.789225251458
2023-02-27,18805.55501125873,19061.349342331956,18389.495051977352,18643.079379381616,1050899880.2428267,0.0021632976592873554,53.29047954157718,0.02412037463042222,18248.42932736589,17801.40430799041,18468.842956069224,18202.995903335173
2023-02-28,19698.89982287646,20554.13645440084,19027.033025972116,19876.221770063756,1553851569.4776025,0.06614478035457694,59.715411138028934,0.02888653919578756,18404.09750455798,17811.405552830074,18685.362773606845,18326.93856012988
2023-03-01,20299.18542708142,20787.956341689533,19963.870904427044,20450.14812367343,633451684.6567131,0.02887502264007158,61.81744557720824,0.0283866006638787,18593.3517504002,17825.53110495719,18956.86821207863,18484.21334261459
2023-03-02,21420.910426328614,21737.483624305976,21054.565327507884,21370.391927776494,1074367356.8184378,0.04499937108219654,65.12506357072606,0.03043137763212497,18819.99498272877,17853.818145487603,19328.179552955222,18698.004348922877
2023-03-03,21339.100364851074,21512.60155087241,21310.371583255786,21483.67812457273,966566725.063059,0.005301081850959788,69.50679610228752,0.030586909143312718,19029.185979375357,17885.86838568811,19659.79471781945,18904.350554526573
2023-03-04,21394.725376165443,21689.700247384713,20926.573287837822,21219.12713861409,1023327132.0969357,-0.012314045314989586,70.06085652609542,0.02751645498607543,19171.273665974804,17921.88048840617,19899.69201332632,19075.815486681204
2023-03-05,20858.0875218046,21154.859036154732,20369.133050032582,20663.13069391228,1070217469.3659718,-0.02620260678348174,69.0496011760089,0.032681750385752786,19288.85724341779,17971.406813046942,20017.144118031854,19193.39439092054
2023-03-06,21090.528590966358,21272.58979717848,20897.76018505064,21079.728157949325,943765729.344035,0.02016139133068462,77.3001198797966,0.032155261169553084,19405.797411962893,18052.403366883827,20180.618585711465,19333.12281810786
2023-03-07,21426.295278261703,22509.926319015594,20429.74864419743,21509.509360542605,1063163100.5343518,0.020388365512731044,75.53016096196075,0.02451214728826152,19531.613178319727,18134.104767230387,20385.063320300873,19494.33663606599
2023-03-08,21267.755892382218,21700.152172294234,20823.026237748112,21255.166563097897,894182466.9400398,-0.011824667554308665,73.9852736245499,0.02455885034292914,19627.93199530009,18214.554444317215,20518.92535765426,19624.768482512798
2023-03-09,21158.157068849265,21243.822226781154,21099.276259368886,21184.86708627836,657399505.1495584,-0.003307406536234292,71.0573243474839,0.01746690161016769,19739.524038985375,18301.8038626886,20621.377931288735,19740.331342050988
2023-03-10,19937.85765766536,20168.39108230596,19711.636613986684,19942.121657972933,815320932.0359976,-0.05866194124533186,57.39256688900387,0.02743690741275273,19804.771247127293,18358.900290754736,20516.876966163225,19755.278772860023
2023-03-11,20320.925148128983,20506.383933241566,20069.711583659933,20254.564730875936,696568958.5503324,0.015667494074186772,63.72867958281294,0.029075747080286252,19908.728076558236,18430.027682844444,20476.52123765749,19792.26291789824
2023-03-12,19526.24755662509,19609.42655323429,19455.170508242645,19538.305612597316,1193514305.676655,-0.03536284920439481,56.54737032431024,0.030303415268449936,20005.601127460322,18485.32359244019,20332.180372263614,19773.451265653726
2023-03-13,19467.73789963645,19995.115368533836,18976.731268090556,19503.213975180326,1324317126.2504218,-0.0017960430199415178,56.02444302075214,0.02800455592932117,20056.187090578343,18548.934033803052,20204.647080404648,19753.433688581623
2023-03-14,19425.54655151956,19950.045190468445,18735.804640177146,19255.717825882017,1410869179.2714236,-0.012690018661194569,44.9577614159185,0.024449680172538818,20100.94433236731,18600.70628251448,20058.657964324244,19716.56584690017
2023-03-15,19924.175102818816,20484.59839337059,19305.481681378114,19864.218525067205,440748197.74952865,0.03160103947759807,45.26531826738909,0.030319997962462337,20154.234605874455,18677.422200242127,20028.744204438546,19727.50308231995
2023-03-16,20718.652862528255,21003.18705820492,20590.247788663033,20873.82032483456,1567003334.4838853,0.050825145650371883,46.04451012935049,0.03800834512939895,20250.83733610239,18767.434123266194,20158.755915268703,19812.415470654363
2023-03-17,19910.1827168442,20096.681079377846,19817.04277583168,20003.106440689233,918540638.0842986,-0.04171320202030282,39.47623506964724,0.03409785352004451,20328.64766634839,18825.391134567843,20134.809842256476,19826.540727693984
2023-03-18,21060.706661821052,21523.210901296952,20445.785552376212,20904.867481153207,1316899540.8814962,0.04508104994280604,47.951806534993985,0.03782487724489054,20443.749245005765,18884.66686778401,20253.28024824059,19906.416783505778
2023-03-19,21675.006706732565,22237.270494552005,21274.948840724224,21834.27303329492,711271379.2082224,0.04445881099124982,57.278661373745564,0.03554433299097297,20603.30892770143,18948.86895471705,20496.509907479718,20049.220950156825
2023-03-20,22087.588499551915,22577.15430576926,21570.85899020544,22059.809072455315,664616685.0430142,0.010329450347006164,56.23939185495462,0.03478936607212768,20712.488292821006,19018.46049425886,20737.017471322117,20198.153403660413
2023-03-21,22238.45412151496,22619.245600010978,21899.727261048025,22279.8876414449,443175675.0089374,0.009976449400207255,55.038922947333276,0.03240023122124304,20803.975268709582,19114.54665643768,20974.38211287947,20352.3559397926
2023-03-22,21279.821023094493,22282.214578075018,20085.802138847364,21078.72289480889,1345783672.847641,-0.05391251365207128,48.973101666155564,0.04250578162996606,20789.3918170612,19179.803311858563,20990.434540868613,20406.160899423438
2023-03-23,21696.22794732307,22118.819193038064,21064.80179363264,21483.244627623397,888209188.3055489,0.019190998184910546,51.67152303267381,0.038881202983969625,20789.370142213735,19262.415338228802,21066.251477292426,20485.944879290102
2023-03-24,21365.718043708694,22009.129934934062,20526.40669042575,21163.736051915042,1084548840.0071392,-0.014872454382310885,57.63310285850271,0.034623080643043855,20786.600587878784,19346.49447051544,21081.249104157443,20536.151632817877
2023-03-25,20135.299099587923,20907.303639560945,19564.662361092767,20331.1173878068,953597678.1984185,-0.03934176187350913,50.44913363959082,0.03450402879912849,20769.999922573512,19432.366596420045,20965.844224718883,20520.9639109652
2023-03-26,21116.45400586255,21367.754879425218,20781.830951774493,21032.128289124397,697645667.0163302,0.03447970359651831,58.77995134648078,0.03233236316394409,20767.619929132263,19533.076184146918,20976.04177308896,20558.827938976992
2023-03-27,20310.63794683763,20838.684576854248,19779.533553081517,20307.498563768688,827212524.6471627,-0.03445346640123015,54.37275258972902,0.03323947882215787,20707.519389293568,19611.927176330806,20873.188971655072,20540.21094822082
2023-03-28,20583.166863312308,20724.881799970295,20266.713929790858,20407.217456210175,1293290178.410418,0.004910446854316186,56.3627406028374,0.032751194170255724,20665.121933949184,19681.82977417067,20801.50104620201,20530.359578442254
2023-03-29,20598.448212988562,20818.4707883811,20577.700258662077,20797.522315047823,997200997.6517646,0.019125824462603136,55.28450181270691,0.028536225644699233,20645.75469538765,19759.512988031038,20800.888933716753,20550.149410783404
2023-03-30,20409.55167177494,20476.821094388208,20344.49916551522,20411.761544477544,1451396646.6163273,-0.018548400368401885,47.184880227501985,0.027507556168848687,20669.236689712885,19832.49105439615,20741.023181526107,20539.898457723713
2023-03-31,20241.585307609043,20963.329969835588,19697.94342194255,20415.029769473218,990944696.7302991,0.00016011479403932327,52.80628933153159,0.027373085783019235,20677.259941642747,19907.49038564903,20690.870348902587,20530.648925260713
2023-04-01,20009.748239145698,20274.564593872714,19798.291647778646,20062.55001034986,570481926.069611,-0.017265699002331325,43.797374072737796,0.023765449343868733,20703.472161530375,19971.99084023193,20594.205681432933,20495.97493156361
2023-04-02,19962.781117100563,19970.693431735504,19877.085925757547,19884.9673986666,941584823.8770226,-0.008851447676972768,33.85851100705251,0.01763776451014226,20722.55983270469,20023.69302437244,20485.092099468882,20450.71511431198
2023-04-03,20032.12208501017,20342.891004854817,19848.251179896513,20157.865921816927,1600978035.2717428,0.013723860727507642,34.37327581655812,0.014675804441879946,20767.667237501435,20059.302874676276,20434.74961059935,20429.02258153457
2023-04-04,21311.87240799626,21687.787909057613,20861.18716240037,21235.76013557509,1432573470.188583,0.05347263534437707,42.48111019043102,0.02544332943671206,20836.24431802683,20117.788894486726,20557.981999057152,20488.780918870903
2023-04-05,20600.629089722977,21511.738701008504,19767.277173964798,20675.36357064002,508366670.5841785,-0.026389286814191615,46.80005309745711,0.02727217442529966,20826.321480317103,20156.477670158583,20576.040702377595,20502.601856038986
2023-04-06,20518.16184855602,20557.82930990894,20312.721926041228,20352.06828113642,874611224.4216622,-0.015636740239126645,40.90894138015862,0.026972081026969484,20843.769572339465,20183.65515511319,20541.583406802027,20491.45122086102
2023-04-07,20544.061295226307,20860.229533743048,20360.01702811475,20675.01214160026,1037815558.49917,0.015867864435339163,46.074382423931034,0.027643579194291626,20832.276805361813,20210.579593475384,20562.110904463294,20505.048326100965
2023-04-08,21182.02863117117,21608.333849942643,20933.012731172006,21357.257954257773,644695381.9907376,0.032998568899737846,58.44639385889295,0.028286013872451086,20808.426051409955,20258.664228309084,20684.44121981629,20568.17496522369
2023-04-09,21403.200712897047,21793.674393852696,21014.153938405456,21404.602145469176,771454435.4536661,0.002216772926225019,53.43562184715735,0.02739682923720122,20775.66570506065,20314.012721315776,20795.23520837827,20630.132534130764
2023-04-10,20463.365075207304,20736.42258369688,20035.01006676867,20305.96730272547,912234278.4959548,-0.05132703870304178,49.986787556177646,0.03596843432353981,20676.96968812468,20356.623504525145,20719.963222893228,20606.120294767406
2023-04-11,19918.47805309162,20153.127760989242,19518.033847738858,19750.70712962236,909051958.8104216,-0.02734467975965782,44.74817762285799,0.02879929183046652,20610.568899865353,20399.620755226482,20570.846900851557,20542.756356608512
2023-04-12,18986.09281226062,19502.673958592626,18508.581976277692,19024.204590115198,1622220732.436474,-0.03678362170727256,36.5382544699214,0.030030148946703635,20487.616897989945,20410.274952772386,20332.90192996904,20430.27104057197
2023-04-13,19457.75834812686,19677.53596359052,19379.24977506733,19598.45968581128,1034140390.7333926,0.030185498320095983,43.997773769102686,0.03372695123240562,20409.353079684755,20435.03268668656,20219.910815483232,20368.65538466377
2023-04-14,18659.568184799504,18960.708716675577,18326.289198709645,18626.90255084143,1004601687.9088095,-0.04957313740697844,38.45369941466665,0.0360086999353475,20324.142337836485,20431.6024766049,19974.832620922953,20239.636656232484
2023-04-15,18059.372533531445,18916.102120653282,17389.90405793044,18239.93993609249,693192951.993955,-0.020774394115862238,38.28321445896327,0.02937885659234641,20184.532920184887,20417.565960921234,19707.926054025957,20091.510973259148
2023-04-16,16646.421532872806,16933.505026616607,16364.06238001126,16651.067075351675,1056976514.8721235,-0.08710954456581377,32.403537385068915,0.035839729633167526,20001.711345764037,20381.649305712883,19237.640057306835,19836.663277117852
2023-04-17,16759.83724812822,17033.04791891728,16644.13610978595,16916.2668723797,1507472044.5046227,0.015926895004860997,32.34685663520054,0.03946318879120171,19827.163816572513,20347.91792500036,18880.505721164198,19620.33761750762
2023-04-18,18068.861601726232,18110.604086324005,17965.33124363571,18006.930656046465,1110492262.3330162,0.06447425971078546,32.440818882327136,0.05188484889653273,19687.634233622448,20335.19495053366,18746.109557299933,19500.82599073272
2023-04-19,18310.876715724902,18432.35313406874,18039.81424267673,18160.29166282038,1142947108.3061697,0.00851677666245787,35.688838221727096,0.05109027456507735,19575.06073953959,20300.876348388792,18655.98372738,19401.527151628103
2023-04-20,17266.24378814834,17281.95024161402,17222.7455315711,17238.426680859076,971516882.4715172,-0.05076267491059294,33.41278761605081,0.05083281432886962,19416.230585108882,20236.641919532503,18437.898027915242,19241.297487126692
2023-04-21,17184.87797015067,17797.78837222202,16631.876762743257,17242.919418583373,1233814064.4864857,0.0002606234204240998,31.074168036875804,0.048973284093676524,19275.24905552056,20154.09246934864,18254.05516494111,19093.26948204941
2023-04-22,17359.38983261827,17700.71604880238,17014.09912592481,17355.345827507543,760766722.2763262,0.00652014929693423,26.452132480714425,0.04905192374544932,19148.767976962605,20071.525823407337,18115.79218995133,18964.53439652779
2023-04-23,16518.76662896026,16607.411713728758,16480.71728276712,16569.246093079473,1233076761.604627,-0.04529438607798486,23.823757144172916,0.03906004807661196,18969.336985525733,19978.528202496647,17877.862021201814,18787.105633309395
2023-04-24,14572.598471983421,14709.489870104839,14485.121165457664,14621.717707556334,1264356265.4431722,-0.11753874464672043,21.818428552894673,0.05796180369335799,18638.634864124793,19857.699942769526,17376.916742179434,18478.558379549908
2023-04-25,14577.791628022795,15046.603965077873,14122.457904073332,14590.861991549204,568384167.6435654,-0.002110266155062268,23.01517666095296,0.04623437096870746,18334.409785170254,19727.922619441528,16948.292934390167,18190.580869327634
2023-04-26,14899.719728582402,14971.349566582956,14837.231074294612,14908.822734757854,1032905474.7565341,0.021791772370461038,27.51673711464015,0.04824070512977901,18062.247507851323,19595.90888692583,16634.528288292888,17947.487674174317
2023-04-27,14819.96572051566,14992.430698344875,14648.587001003905,14821.039560896876,432991540.94399506,-0.005888001717018532,22.434660651586242,0.04749111890283141,17769.548878816157,19467.226346881813,16355.530022539655,17715.898925042657
2023-04-28,14797.297190293246,15016.865490789029,14691.10303711465,14909.863495253952,898939817.8128896,0.0059930974471875675,26.120462656842165,0.04795239253410297,17447.179155865964,19341.726275061323,16133.119787572625,17508.04444876201
2023-04-29,15142.067817367255,15375.717231695482,14895.636439776097,15129.085531162642,1410121869.5667922,0.014703155128044765,29.57458329915032,0.04878506445690579,17133.40332515064,19245.465552525115,15978.652978894166,17331.82526968058
2023-04-30,14986.84561674184,15125.181357645408,14772.21116922792,14909.836075293704,1274770937.9194605,-0.014491917268716015,36.06018647199029,0.04731507834393195,16863.596763779053,19138.57097941347,15814.219609109481,17152.41866268896
2023-05-01,14910.124651170074,14984.458709619785,14808.473168942237,14882.670354674372,971989916.4122583,-0.0018219999523902963,33.07451305824566,0.012464910867249851,16620.19492503165,19045.458274255012,15670.904339196388,16984.289158391584
2023-05-02,15850.518990821849,16062.204724220943,15730.743979429137,15941.74039503772,1331817443.9098017,0.07116129129546378,32.72068765740757,0.02841435581708243,16466.071715277776,18974.22880265216,15712.571424710437,16907.063324069073
2023-05-03,16201.571883012977,16585.528841419484,15941.725596254599,16323.72344659142,1562338133.6077986,0.02396118880925968,35.199770452916184,0.02853698316139834,16302.334903316785,18915.58891506635,15806.594812692128,16863.852962774432
2023-05-04,15727.158500266398,16151.986015744527,15435.271085470258,15857.676263031599,672802326.0755582,-0.028550298899920223,37.990776879689,0.032143953201079024,16163.873588926293,18835.458069825636,15814.453497359738,16789.321355386073
2023-05-05,15896.57179744579,16072.650389973758,15656.017989152795,15831.374422070574,1579679354.331248,-0.001658618862231509,37.769337716907096,0.03243710105647885,16043.445313225198,18734.609151770357,15817.05671654602,16718.36232328863
2023-05-06,16653.847924260663,16870.898498316692,16341.970465967845,16557.76883564239,906847591.0533148,0.04588321861424416,43.75378798623735,0.0353535860258752,16038.780401239734,18665.70239966942,15931.01242717623,16706.46650938891
2023-05-07,15568.901116445531,15767.829930223177,15354.178873067647,15552.903277354242,1091200571.4861245,-0.06068846402330885,42.304224262531555,0.044561823029822714,15970.612221488462,18558.66311559344,15872.841788742078,16621.017381090045
2023-05-08,15689.049330147263,15902.293016098778,15330.741447368733,15541.98626975591,1005580455.1760217,-0.0007019273124542202,59.860076915151,0.044527290511449755,15847.36500217393,18432.81738032266,15821.940939667282,16541.08915062085
2023-05-09,14757.794854334541,15076.953850379348,14567.96520646523,14885.48176463506,880361362.9060832,-0.042240708087510126,52.78348170086755,0.03737217349244837,15683.624507264665,18289.330834166252,15677.870297354631,16418.451566473756
2023-05-10,14690.729701602319,14982.11065816843,14508.909587590186,14798.95113933793,976159265.6570559,-0.005813088663526478,48.914496479193325,0.03456558744807275,15561.65073018861,18139.71210412412,15542.651965352063,16298.488571871103
2023-05-11,14232.781326899874,14337.213721884233,14062.011606991015,14165.953656942693,559815521.5227351,-0.042773131449338475,44.1573547040531,0.035993407388769716,15407.802442106575,18001.45671936679,15330.852225596775,16140.523022617148
2023-05-12,13791.006015929474,14155.73652261344,13555.387269210385,13917.948961116428,983824634.2421706,-0.01750709495683822,41.39747702317677,0.035477720372841005,15235.932598787016,17850.15080603665,15113.482492599798,15975.88790695043
2023-05-13,13951.266860002328,14172.244754779325,13756.07476617877,13976.6968698355,1296428633.8578937,0.004221017686097284,39.71958965168868,0.024974835487914685,15106.305137624822,17706.41002239506,14938.592396789905,15827.799681978953
2023-05-14,13891.800883152835,14002.033994862853,13840.884405670333,13950.90090292903,872577602.8041248,-0.0018456411516044602,41.13955459136675,0.019793153291895346,15072.764297393456,17578.805692697504,14786.639859272847,15688.77014279007
2023-05-15,13945.617063006532,14138.35776773362,13814.716234813231,14006.881876082425,1049903708.7029488,0.004012713841415216,41.9506825483774,0.020439844106670622,15043.565291620116,17438.30076443667,14666.677092628168,15564.185826737652
2023-05-16,14247.811087634933,14256.404870232014,14122.04979188035,14130.572860468794,813516017.3933394,0.008830729457180553,29.897190403975742,0.017867070685216337,15004.652797905665,17314.76225037067,14584.199518449801,15457.9922736807
2023-05-17,13496.591048916236,14034.481687141433,13065.516204529245,13600.100789747454,819232307.4683797,-0.03754073355407761,20.734197122399408,0.02115782893957859,14943.60585934819,17178.619917041415,14432.799714034056,15320.370682278239
2023-05-18,13818.97207878086,14134.878747979077,13591.947318424312,13906.417393674381,1044441209.9588673,0.02252311278147623,28.288083809543238,0.01956023957689806,14893.433554269213,17040.797818613944,14351.817818594107,15215.633401640916
2023-05-19,13777.791326119988,14092.490328283642,13437.19129303465,13751.284860102864,1213023151.522811,-0.011155463638110152,27.499659656977826,0.01888211860291445,14824.543520716223,16907.588284926453,14259.428132672376,15107.163139304765
2023-05-20,13625.264174985788,13885.558275655101,13311.743751461292,13571.001224456732,918340073.0546572,-0.013110312053035589,13.363697831269192,0.019131629901307925,14757.601778174376,16770.707714026124,14153.5163006392,14993.373367834542
2023-05-21,13581.93343294466,13825.994797425381,13329.66866574017,13573.579921294078,1256619718.238984,0.00019001522398354176,17.804925584424396,0.01918595259818824,14692.147256505361,16640.928312245007,14064.29531920149,14888.203482905617
2023-05-22,13599.777080295442,13829.099163066307,13303.48483411949,13531.658284524558,452408269.2482825,-0.0030884731229787743,17.627134110787452,0.018892586039334514,14571.643150979702,16513.862129962166,13982.351160020424,14787.71865339591
2023-05-23,12990.83118292615,13325.68317141611,12756.631112500012,13089.700671455596,707432229.0146699,-0.0326610090039301,18.935545364503398,0.020367582392159942,14409.942012222911,16372.498824954939,13845.020315625834,14661.939543622553
2023-05-24,12818.27424455475,13138.895986454736,12557.186959676013,12876.620288081545,788535768.4237285,-0.016278476393177588,18.14127306938532,0.01700389380192434,14260.889213475408,16205.316028005069,13696.035696003635,14529.693672841739
2023-05-25,13290.499592306178,13775.859200966353,12742.68983820514,13225.682367849337,913118455.6678985,0.027108206342846053,32.79797989733939,0.018391788916035243,14130.604610764345,16056.322403949254,13623.67364551836,14433.1002428423
2023-05-26,13092.045668659024,13334.60914360071,12948.914266962602,13190.402436909006,1764644361.7906952,-0.0026675320001706693,35.56627722101193,0.018351869910286728,13962.23629082768,15913.089087064705,13557.016536501536,14341.048553513907
2023-05-27,13364.522329962389,13467.741724524049,13320.304124013855,13423.328949465737,642115680.4583554,0.017658787415383292,39.731451002111335,0.019923019085897862,13855.757574433252,15768.055423222017,13536.449215419107,14273.069323584414
2023-05-28,13212.29011588398,13502.236303896449,13025.677644642135,13314.184658056254,904951285.8069777,-0.008130940679497156,38.53931457922265,0.0200607104362374,13744.367493848269,15607.193957297986,13502.254668132513,14202.040829841586
2023-05-29,13311.640892198222,13411.035111946314,13215.728035451271,13315.097350770335,675733446.5038023,6.855040226061426e-05,37.296261693067365,0.020082847398980957,13665.848273155032,15445.403861404011,13473.461234692179,14136.341312873345
2023-05-30,13443.618600940239,13528.52699531809,13259.782810429828,13344.062419076445,937365940.9950483,0.002175355353630559,35.03614267684023,0.014904558345549393,13593.10383714196,15306.165763731029,13453.55372459745,14077.653987406908
2023-05-31,13384.381645055773,13553.28970423034,13201.293381776537,13370.020202591506,459113091.67141455,0.0019452684422363031,44.582564670834884,0.012385711524592339,13553.307164424401,15178.55202519041,13440.702413519612,14025.236670013173
2023-06-01,13748.402816830738,14436.009236106882,12982.567170736897,13666.055087825462,626365399.0183913,0.02214169318731285,44.31293742116262,0.011003461489469468,13540.712470759852,15071.389035144615,13475.37205572051,13998.630626888158
2023-06-02,13614.836135541735,13709.316681280476,13560.72017346387,13655.040914101015,783803399.9175969,-0.0008059512166213034,47.55616782835713,0.010815436626368493,13524.62967297313,14952.520659710412,13503.01341854828,13973.179537052072
2023-06-03,13804.73202036522,14145.559298408763,13398.26933164885,13737.43510518898,1314384208.8373706,0.006033976141578634,54.44717875757137,0.009341094627019866,13513.956383086124,14854.731310797364,13539.07829341608,13955.716986543695
2023-06-04,13154.023653189137,13469.76582120392,12848.730204658248,13164.235367661568,1300750600.1203825,-0.04172538273253801,41.618150391118505,0.019416814642345646,13471.824057665082,14753.217219428743,13481.410150992308,13897.088718478351
2023-06-05,12778.066883010924,13166.305366156912,12408.08455116011,12795.809311447561,1114991418.7018833,-0.02798689372563623,36.70963682578932,0.021799849776372823,13405.08588021402,14676.112064150662,13375.933098754653,13815.512466105702
2023-06-06,13010.66470735544,13268.674265072206,12720.288892960578,12977.643622057542,1048870959.2495562,0.014210457985436298,47.76621450756268,0.022946835886749967,13373.963021829524,14597.33959914422,13314.657794647404,13753.44810728732
2023-06-07,12761.611934620003,12790.153658947866,12646.753891621762,12675.102134210201,982345348.4430002,-0.023312513169426508,46.12120950698691,0.023870898777328824,13312.397258856316,14490.703028707492,13216.264616118604,13673.570627800125
2023-06-08,12016.895110302652,12179.767937146638,11914.115023213992,12076.478237636453,817067026.6876528,-0.04722832922648079,29.819086754741832,0.023986418522073404,13228.656927732995,14369.026760203815,13040.91286558289,13555.267487788002
2023-06-09,11802.669531451236,12197.287544062303,11439.181733645668,11832.86967006927,1017088685.5585282,-0.020172153070915466,27.786031734586643,0.022862945626996825,13141.750350013623,14260.915619988018,12855.060066273103,13427.682464253281
2023-06-10,12221.718819239095,12308.876464179135,12027.572360271884,12113.961547833731,461627604.66848475,0.02375517398585658,28.90668038629248,0.02686101782655982,13068.769431340606,14158.336462573025,12741.044909590124,13330.36980377776
2023-06-11,12632.76024558351,12897.310522747694,12358.422020277474,12622.762937768723,1459693631.8428717,0.04200123864731742,40.13215001520095,0.032352740290349506,13023.324664002812,14063.684804778248,12722.847683156062,13277.954480369683
2023-06-12,12839.070727984054,13143.234104737965,12611.503240245214,12914.332629347024,1296440376.5733314,0.023098721968856095,44.71852854033471,0.03220508870094104,13014.556261897384,13990.5865355036,12752.30690564698,13251.019528442077
2023-06-13,12950.488720921127,13220.603533269365,12601.559013763544,12869.99492683995,814597286.9092433,-0.0034332167042312456,43.77772033526634,0.031755983757527306,13014.224993835303,13955.552079889274,12770.412755061283,13222.795483878957
2023-06-14,13234.180969766958,13620.664896325005,12977.97440192814,13361.984128627102,1106981051.3925269,0.038227614275210264,49.9060211007949,0.03296598739082287,13021.040081874193,13930.974522630831,12861.423735609871,13233.105753860302
2023-06-15,12978.527932572599,13714.6097454505,12332.43213239457,13064.246701932723,488688483.37166846,-0.02228242630946531,42.96487599865239,0.026760418964829544,13014.732295125377,13894.083001974328,12892.62726889031,13220.59767593974
2023-06-16,12617.4453185819,13119.922245775342,12224.5474827303,12723.715243721765,689048441.7399503,-0.026065908427814755,39.89158943067828,0.027991070751211905,12979.75160983818,13852.136515630826,12866.640803479764,13183.79156984952
2023-06-17,12276.926442132892,12494.380988930468,12150.545729817823,12367.072300235242,1876561940.5074632,-0.028029780347567868,35.962089283494024,0.030695811901324494,12932.395991947129,13801.28069173045,12789.784110672914,13123.293846174387
2023-06-18,12801.878888578625,13098.08595435107,12414.632487588655,12708.683212243504,778454416.4407216,0.027622617844788033,45.100901664429394,0.028045724908496324,12902.075285020788,13752.87264535207,12777.30704937608,13092.581947364693
2023-06-19,12656.734962484868,12958.283274404515,12247.85237571674,12546.78102106986,1005487947.0661402,-0.012739493814565073,47.19740931451641,0.026640201213096994,12862.211215120458,13705.611544267593,12741.841506559738,13052.152249120632
2023-06-20,12789.214071586244,12874.173067793268,12616.162739786083,12700.532623419318,729942259.322925,0.012254266818816806,46.861525517909044,0.02732855959387666,12828.73683616185,13661.968789642491,12735.486293768903,13026.106350920536
2023-06-21,13042.90224303334,13307.509111809992,12869.459267691704,13132.869759053887,891617577.211693,0.03404086650959459,55.036461644473775,0.026340251079429566,12802.077569723271,13605.791376922813,12796.622211505055,13034.014751523006
2023-06-22,13498.583095325714,13665.248649588182,13460.57881169387,13626.883146449192,1222215865.6979978,0.03761656031460525,67.45980774869847,0.028369369756196465,12800.669681340678,13551.85457091997,12924.354663034923,13077.930928924945
2023-06-23,13683.50015546191,13955.120048901083,13542.301155873138,13812.588991411405,581060143.4796594,0.013627903238504269,72.58910356347711,0.024505756735730556,12804.427375651801,13510.952825487566,13061.006098169766,13132.350044664683
2023-06-24,13334.54511312993,13676.464188871521,12869.105757238738,13207.774224527306,743884425.8001889,-0.043787212322046964,61.622097293154084,0.02909559112728486,12806.604318495089,13458.480821536701,13083.58580991708,13137.937020950803
2023-06-25,13166.197451587534,13258.13644094657,12997.965965119361,13089.368460947988,1322665492.4988763,-0.008964853696502018,55.40634618425556,0.028644170530116034,12821.282275970108,13389.11281404281,13084.47544853722,13134.339349839483
2023-06-26,12696.487261246557,12932.158127398805,12425.530713222362,12660.534222843076,781715291.8666483,-0.03276202663133321,47.15000701002052,0.03151733119445034,12805.426806009385,13331.265432952589,13019.253721507352,13099.242673765677
2023-06-27,13005.587811190917,13140.879624369049,12865.228005403702,13000.466544134271,1031504484.2607615,0.026849761258720406,51.373903423118186,0.03278773889171285,12821.69502650559,13280.435038440157,13016.363386526878,13091.92592342261
2023-06-28,13098.124351521703,13345.897812627398,12840.68858361585,13088.275741388776,1011348077.4531984,0.00675431123617054,46.84960234694595,0.03010601110917606,12872.284901693205,13244.49091797523,13027.4268257364,13091.655539568252
2023-06-29,12795.479712250875,12961.810359715777,12624.619850397115,12790.890846403478,841061681.6286416,-0.022721472320825553,46.85340464893297,0.02584543937547021,12920.185960509914,13204.329712116541,12991.036675069796,13069.376673407898
2023-06-30,13016.306768603723,13345.954307088889,12609.473407770693,12937.115365757369,898211648.9117881,0.011431926134762183,52.57147635080638,0.025540574613605458,12961.343651406098,13179.752946292834,12982.741089021729,13059.579539507858
2023-07-01,13613.371780425234,13883.180458223122,13274.415849864945,13542.82636071914,1344231524.0096593,0.04681963311272619,63.365587078663545,0.027844727969157677,13007.34682255362,13172.25049428489,13068.908053898253,13095.375600338324
2023-07-02,14609.052407063617,14825.685542464502,14296.596887375741,14511.787714631078,1066250172.2941875,0.0715479419216658,67.9385245297342,0.036819833210058765,13087.219576817823,13182.952311180801,13290.88954016484,13200.295016211861
2023-07-03,14535.08098862155,14659.137040849484,14447.555019392768,14571.392414924961,1503525847.8128645,0.004107329949003313,70.56073128395545,0.03094803880393459,13172.289451222072,13195.362141420721,13487.889982435627,13301.857786486906
2023-07-04,14323.60434101296,14504.137693517749,14027.301240192168,14206.35681599633,1059762080.2321222,-0.025051524832639727,64.66300154739781,0.03515586480118714,13214.508085590534,13199.351640218996,13598.423341444966,13368.857714598715
2023-07-05,13392.941885500793,13574.750683987439,13177.043567659546,13358.383233444702,928130181.2660893,-0.05968972858662913,52.03150242125182,0.04484334651383526,13229.214912166131,13183.907847678514,13561.49409406031,13368.081827105825
2023-07-06,12946.38638870756,13065.486066635061,12838.906270297146,12957.91027759464,1128575169.6342733,-0.029979148587938265,43.870361773281395,0.04563505348652448,13240.924663859774,13171.06403743546,13468.635045373283,13337.698749364257
2023-07-07,13886.547233218433,14036.309435401985,13675.745125019079,13824.841853387226,936318400.9479,0.06690365631652728,50.09980994961709,0.0517962102972961,13313.813141517376,13169.432526629716,13523.436092760045,13373.783423736328
2023-07-08,13718.815951190541,13817.323612344142,13656.926935736115,13755.270142898784,646473363.314,-0.005032369355559507,54.88586688394742,0.04941708729066432,13366.14248805014,13169.512232285633,13559.102869704466,13402.041699229841
2023-07-09,12567.175442897133,12715.915163408963,12509.196595134306,12657.519511961777,658889766.3983204,-0.0798058212985171,46.71956897252904,0.04763719515219479,13371.679412594734,13151.242598035737,13420.397737744051,13346.891907580355
2023-07-10,12870.148669940372,12958.53843693709,12813.778621871477,12902.02875706674,720488022.6956755,0.019317311332121223,51.88730319897236,0.049155677764818884,13381.754219277107,13137.811574751187,13340.648663793696,13313.939081616383
2023-07-11,12992.249050710541,13025.421286117164,12962.183423453336,12995.348486392932,960806508.5240104,0.007232950033154939,49.95839830240104,0.04969735749340739,13374.878155644057,13127.085378788559,13287.525559578195,13290.339778266498
2023-07-12,13633.681235378039,13729.137628081375,13579.113871528965,13674.407262625577,796716621.2247667,0.05225398741277831,54.34653784626838,0.0496467145029367,13377.254361452879,13138.779510611957,13347.045821585485,13318.789221552357
2023-07-13,14006.444111724175,14166.58472148284,13786.455518786644,13945.903951566976,1462323656.9848626,0.01985436616938019,58.598169544048226,0.04741594527090569,13383.920109460658,13160.165183881665,13439.177841582637,13365.242164516403
2023-07-14,14996.722696632198,15086.71779223379,14951.525547972336,15041.386037121534,716722708.5192895,0.07855224654917192,63.72491333830649,0.04982626451857497,13475.600700090366,13196.479257267109,13685.671410127085,13489.400969894561
2023-07-15,14525.404016718348,14763.676788971317,14431.467321469454,14668.812661060027,1353996897.9928288,-0.02476988325025442,57.57450143452918,0.05155809936483563,13554.572910095969,13226.04746175013,13836.923910270612,13576.76479886978
2023-07-16,14384.874793605706,14526.692290887535,14323.838741825963,14465.314925877821,1227696066.9300025,-0.01387281574073218,49.65148606353173,0.03601755898287669,13644.811945247706,13246.887181278371,13933.59945113326,13642.583326796303
2023-07-17,14361.548108054558,14365.463604800369,14237.088559342246,14240.971182295005,752293632.2640512,-0.015509081187128237,47.58181799302988,0.03841983109857795,13706.837177155743,13265.422911763148,13980.887409773528,13686.90835312954
2023-07-18,14812.173562952268,14847.386998887778,14784.796336679769,14819.995315729884,1258975337.004929,0.040659034136291794,54.35451305626045,0.039384771285962926,13793.423155872797,13295.520871062337,14109.980933766814,13770.840720729566
2023-07-19,15186.26385262491,15415.131711105421,14902.26093648896,15130.285155971229,1214698180.4415557,0.020937242801420064,63.61258601524885,0.036747048522652884,13910.392871351185,13331.245325800232,14266.950814105954,13871.540308525244
2023-07-20,14497.251116163841,14938.563536215317,14117.580470857014,14557.319744744897,1204776598.7570693,-0.03786877810430489,61.97016788561678,0.041656649269785996,13991.403090300562,13354.9913166433,14311.622957281175,13922.338785282254
2023-07-21,14882.400417744417,14936.418371766018,14780.90799595287,14834.753006389867,1233488770.7001998,0.01905799051677226,58.28976112876719,0.028626485992643964,14055.999422584098,13378.365275014588,14392.104503297898,13989.925023882819
2023-07-22,14941.661537374284,15078.098741163101,14798.975206535597,14935.354821638042,753401324.7695292,0.00678149580278431,59.63751956866279,0.026800331010850883,14077.177777934447,13403.971553165327,14475.68147535023,14059.956860753577
2023-07-23,15142.21795471165,15818.745328398316,14464.606577002713,15141.083254292262,1180757971.1954272,0.013774592911322436,73.74196715172307,0.025942842832830507,14105.662319902814,13432.044516147394,14578.05097980285,14140.040297311998
2023-07-24,14648.589481657078,15005.850561236291,14302.086654284692,14659.09913487362,1016778651.7872,-0.03183286897798454,66.06743709860487,0.02885598667124215,14128.299435846677,13461.941791491634,14590.519926736815,14178.48910009434
2023-07-25,14423.889637542376,14526.174190161526,14188.448647094276,14289.782199696952,1039805158.3524452,-0.025193699270241843,61.268102430784076,0.025660929783249957,14174.86938415929,13491.821249256624,14544.252584115296,14186.733033398239
2023-07-26,13575.261608410183,13580.993842917826,13464.893591371665,13470.581624136797,1029785199.8027738,-0.05732771599398678,48.26794883667571,0.029314274294445178,14200.502951486396,13501.680009298208,14379.072436426297,14133.684780860354
2023-07-27,13578.189742892551,13731.49760217314,13513.352534268723,13666.239945062762,667370899.090843,0.014524860647099347,47.592465549726434,0.029513962145698992,14192.572856070177,13521.50276551526,14269.405899293444,14099.05923746794
2023-07-28,13571.974837786405,14036.069999031311,13031.035435538155,13492.409863811808,817770789.0227901,-0.012719671390941212,34.150284188653146,0.026876420070048358,14179.429842115826,13549.821398038766,14149.868047680884,14054.122246826746
2023-07-29,13644.43719437013,13928.702727168957,13373.980177096302,13657.977320508544,792299581.2522864,0.012271155291598834,39.199189023937045,0.027624348434104638,14229.452732543165,13586.323551047553,14074.192551192831,14024.778178210581
2023-07-30,13730.57267450963,14438.3345315272,13144.301511581534,13847.088355159163,1132407181.88072,0.013846196271438682,43.37385572851709,0.027635648661652756,14276.705712447783,13620.986087194062,14039.253444110727,14011.615969095661
2023-07-31,13992.629093387088,14380.813846998288,13747.077463211075,14132.802366321948,985204389.5982692,0.020633508202923645,48.855701654545626,0.028569169276732417,14333.578406444236,13651.186875765126,14053.645585989376,14020.59273926057
2023-08-01,14067.03322146822,14125.361191172748,13943.714892314558,14001.772262013666,710937195.6354893,-0.009271346256176538,40.43781497017224,0.027284670220534633,14349.946656413642,13672.935668418457,14045.665074608496,14019.198629834873
2023-08-02,14136.825528351144,14295.98269728538,13845.281224432887,14002.930963009958,1133476531.586177,8.275388105216663e-05,35.79908146455328,0.012944541130326066,14352.798006985791,13695.594389141856,14039.090595901027,14017.993617477472
2023-08-03,13620.859683578197,13982.189596876413,13330.423684379855,13690.273495087471,895416065.3281095,-0.02232800181250627,38.31156584580756,0.01588201900991503,14285.242379884086,13702.160176471065,13985.426426545095,13993.71805285599
2023-08-04,13857.149836020653,14229.424634330773,13359.48980283219,13728.303110924948,816439925.1129739,0.0027778565454608106,34.05502784155844,0.014798157813514845,14238.216902377331,13715.441304650913,13945.868993372764,13974.057686787024
2023-08-05,13538.432376870811,13765.638563474859,13436.47828955019,13662.74828834893,1129033374.4618034,-0.0047751584479402975,31.473415492095995,0.01433148373665567,14198.08857050089,13734.221965543453,13902.311961830635,13950.997731347165
2023-08-06,13878.305159998208,14251.266425781538,13527.991201239909,13900.394881799197,1455888533.0393343,0.01739376210662691,32.10438848590667,0.01494655781218265,14181.059755476099,13764.888417174732,13902.017026441184,13947.24937212139
2023-08-07,14112.864344562944,14127.471134762656,14010.961604937043,14025.477950369828,1188189638.9766023,0.008998526274560215,39.81171884050196,0.012853625344759199,14141.333887208097,13791.224311937256,13921.011014737898,13953.044081621276
2023-08-08,14832.29429417542,14946.994897808625,14797.019290734199,14911.531448074402,947149797.4490623,0.06317456708712088,58.572788315502905,0.02675194144961547,14130.396201813253,13838.51932047735,14073.398773712745,14024.043145802989
2023-08-09,15404.217823352961,15821.738879572136,14926.632546617504,15342.480246981107,892454604.410453,0.02890037152839553,78.90477814010819,0.027303027551880393,14169.654226925064,13891.358272948584,14268.642077292494,14121.705153297664
2023-08-10,15774.86122085364,16240.487070846419,15343.607300517993,15808.318493957675,1150515779.384097,0.030362642772066017,80.52939113311879,0.02266499019259234,14218.332501303457,13944.867247646664,14505.51537216406,14246.639474828036
2023-08-11,15806.368138380429,16471.706938514766,15017.89151748673,15677.819300438225,1245855482.7362938,-0.00825509642719624,81.53646707910991,0.024454405226514615,14255.455725243464,13985.885970726442,14685.869822667777,14352.652795243606
2023-08-12,15987.123088457614,16424.373773461637,15700.53178296106,16135.129252650308,946946853.6799055,0.029169232241329723,82.97035592228244,0.02211525816878197,14305.158025161367,14032.33677595122,14908.83281189586,14484.688088384844
2023-08-13,16558.98992998578,16671.59889781009,16510.20061231944,16622.622094680555,695728240.0193725,0.030213135227917354,84.2234545120007,0.021983342877325347,14403.334173151714,14100.633733354285,15172.492701555044,14643.053570332675
2023-08-14,16894.381598980017,16968.645944882406,16697.983009428146,16771.708107025635,1053580450.2875041,0.008968862523367482,83.67335142531265,0.021987187058276736,14527.430468518145,14174.28052627584,15418.525840858212,14800.731684161783
2023-08-15,17983.363015629795,18209.991416548237,17582.93157736411,17807.34173797636,620041666.1489081,0.061748846589865236,89.45236821486296,0.02158926040187218,14744.268474210123,14277.216676578502,15786.035978876389,15023.4435399999
2023-08-16,17391.363705204247,17618.185955903802,17305.18655413515,17531.31532088879,1155684557.5336874,-0.015500708704820898,84.60652359103375,0.026512641929768432,14937.522243001426,14367.833652113592,16054.540493032142,15209.211820065744
2023-08-17,17737.534205497162,17974.98927644857,17493.029123902026,17730.388534670143,735143934.9025463,0.011355292522983396,90.5286055168092,0.02618960573076943,15149.421176544342,14460.675907979223,16312.363268668756,15395.965650777182
2023-08-18,18308.18071638804,18407.506980762202,18136.034193652344,18234.96323566126,267471093.2766009,0.028458186350765358,91.33927835910157,0.02390931339812306,15378.27047230198,14569.557355764378,16608.147878975295,15606.261768176002
2023-08-19,18106.79986823075,18185.58706882831,17938.291402913164,18016.68649776886,1301019071.0992033,-0.011970231860162217,88.84986946769482,0.02675687968261949,15586.750379432464,14671.148778404608,16824.846128020457,15784.811748145845
2023-08-20,18092.399677318477,18242.068038292142,17821.697449308504,17970.356212569182,1354972204.0972586,-0.0025715208623636743,87.59969447830862,0.02676082958497097,15778.628071744824,14759.699375441607,17001.07844872026,15946.703930695721
2023-08-21,17928.27770934817,18300.81315228448,17624.28516010587,17995.67776516785,1025280173.8193258,0.001409073492987023,87.3668320955505,0.027031103834397358,15978.323346902534,14829.377176452343,17154.09372817374,16098.479770286249
2023-08-22,18496.999418384683,19788.06415236738,17164.94681000239,18452.93597731993,797784872.2656871,0.025409335403701272,86.25761647193406,0.017249863927436927,16200.823597618033,14907.008047700243,17353.91561265777,16272.883933770225
2023-08-23,17864.53353611208,18668.711748650432,17195.93175554744,17995.218909866482,1002085647.7502407,-0.024804565951782154,77.01122209126652,0.019344417998102294,16416.070868356983,14982.785289577647,17452.577658382186,16400.464302369946
2023-08-24,18571.848190456327,18880.551195233136,18406.97610127502,18714.41347881349,907997737.6978401,0.039965869409495536,78.13914310842273,0.02371210902912866,16665.37638675141,15089.905894485022,17646.70624614085,16571.86794506947
2023-08-25,18268.038377156572,18465.717786914836,18243.60242564616,18441.050408607305,558069632.1797152,-0.01460708723335935,76.03551020982435,0.02309366592826878,16904.29149276433,15199.568697105273,17768.913040366457,16710.32590533153
2023-08-26,19094.701957583642,19693.2689881645,18621.03590109636,19216.579616099352,632400552.047635,0.0420545028785384,77.39126632509293,0.026489599695027677,17170.100729479338,15307.403452359516,17991.630975094595,16895.97432835137
2023-08-27,19525.190699141167,19666.38713464398,19251.00976637468,19391.23751932758,1063989993.456012,0.009088917316060874,76.05980075255093,0.025961613690226978,17438.388707927224,15420.122799888095,18206.955058822747,17080.808638794053
2023-08-28,18843.808964830714,19484.18941970086,18148.73717223621,18787.193634397503,886570810.720563,-0.03115035254083276,67.47429659342805,0.030526919240855762,17632.171817243383,15542.716282336807,18296.222531988093,17207.207527357274
2023-08-29,18387.688750752186,18649.470602504272,18234.49140426196,18495.37605735866,1079908780.4628928,-0.015532792322135558,56.848587118556196,0.030235502800077814,17789.816607762255,15654.583228342648,18326.861535891258,17302.627418468488
2023-08-30,18657.243005416873,18777.211217808726,18559.34196009051,18679.194982819346,966317201.5486937,0.009938642225528094,61.63947513336024,0.028125923350000744,17933.360432205343,15768.260158271172,18381.0666815725,17404.59538619818
2023-08-31,19397.145406836193,19602.10027516107,19194.838553553498,19399.766088890516,1746404084.0080185,0.03857613279019434,65.3084389709052,0.027847092230214893,18119.457771627953,15882.767334796472,18537.789667313733,17552.385808619834
2023-09-01,18712.31928840466,19090.65654047681,18168.52793636343,18543.450902908175,943003763.7368727,-0.04414049025429845,52.65744508187523,0.033133390307422114,18239.873854140846,15974.718273823297,18538.660626635956,17625.79803782638
2023-09-02,19025.763484336378,19504.813162035945,18600.287568012318,19078.16537461706,1267978529.7165356,0.02883575848468567,58.67128779923596,0.030708991975487845,18362.651018137673,16055.453860573207,18621.661357094585,17733.380803514578
2023-09-03,18152.693252831323,18387.727690028085,17906.699595700098,18141.590275606028,722713933.6757851,-0.04909146559014099,51.22119924675284,0.035188002871371436,18431.145126566695,16124.909412864128,18547.80426763481,17763.61854218802
2023-09-04,18634.253045796628,18677.03567794882,18418.30774129272,18460.69189205808,887227663.656677,0.017589506300400126,53.18298858281166,0.034881001556616706,18463.81263427078,16204.816952187732,18534.402363699926,17815.25360514136
2023-09-05,18061.53413370771,18910.061482138743,17391.729761486244,18233.866246240144,1119342271.5722117,-0.012286952577087118,48.45163886134283,0.03469179276728977,18498.940180538346,16284.674853466635,18488.166037936884,17846.261948926454
2023-09-06,17751.184142471328,18158.242928493884,17366.54436121914,17773.127666164743,459067618.61439073,-0.025268287803219325,48.43095329986358,0.0353018958768574,18501.077137113076,16343.737500475334,18378.160134587324,17840.84459464781
2023-09-07,17676.39465078624,17728.250703125937,17632.973919231335,17684.80930161531,1011643017.3712072,-0.00496920779551735,42.01410343390444,0.029363774962249806,18473.56944041078,16394.827983388215,18271.490775668553,17829.28642479355
2023-09-08,17096.00749879691,17294.574963603758,17012.043379517138,17210.050740431638,1175961303.1291807,-0.02684555728516158,40.74128104990264,0.02690842435252427,18433.237652543918,16447.882603301947,18108.19230870903,17783.417114840817
2023-09-09,16917.38377973107,16991.941415686717,16805.067368966527,16879.457859280326,864154569.9709297,-0.019209291485390412,31.160903204391772,0.020669068761440496,18378.692734879478,16488.77670035976,17919.156239566153,17716.457169984486
2023-09-10,16848.57945554032,16868.592711777834,16805.9583496322,16825.944719640487,1263971329.3790803,-0.00317031151628,28.909756530396933,0.015478999953331594,18320.206082603105,16526.588498319805,17750.969851885282,17650.49328477382
2023-09-11,17421.362642655695,17719.147635774043,17086.65061937435,17383.793438547043,1307838186.5154624,0.033154080094854654,38.37380581450812,0.020504399838318105,18266.748955664465,16571.442702004904,17694.481172910168,17630.737740608874
2023-09-12,17530.30802147632,17806.584060578465,17286.108974604605,17561.944316763704,1237970984.4097562,0.010248101419660482,42.11873978141271,0.021530452476286665,18245.085226009327,16629.499605642704,17674.09088734917,17625.64193143516
2023-09-13,16619.809587069518,16773.422032332095,16526.60696906851,16679.882529873357,1374824213.3923552,-0.05022574784321443,34.89964902134628,0.02683089959019977,18143.35867856232,16677.301612246232,17521.135755429816,17555.58567946762
2023-09-14,16715.649519041286,16798.044170105914,16608.12631652945,16690.396490560288,965542429.9200479,0.000630337813716686,27.078203434929804,0.027043880505898184,18055.825982659964,16741.6979095747,17393.329714680658,17491.49759140041
2023-09-15,15654.396590111823,15681.510392281922,15621.313968872413,15648.417414963236,942186549.9904535,-0.06242985756428088,26.253449833485917,0.03371622911559877,17877.41787260316,16781.34145897271,17124.881668570284,17354.973133886546
2023-09-16,15919.894823569504,15924.173052030232,15763.454832309968,15767.692158630312,1324918204.5254507,0.007622160152311874,20.859808658424996,0.03441074626917205,17696.2406045683,16826.84710486908,16916.083282425672,17237.396765349047
2023-09-17,16213.798620441232,16301.720439144996,16146.977724287484,16234.812938021883,823012242.5741209,0.029625183869149474,31.703598281470676,0.0374607389091975,17568.621569749514,16878.383817219346,16811.272460209704,17163.131296658146
2023-09-18,16767.22521615043,17050.050820690863,16650.251698768974,16931.928282126573,909131703.760459,0.04293953658511507,36.32300134504112,0.039239637543049925,17490.449180987915,16940.080615758696,16829.83489435076,17146.005147433585
2023-09-19,17077.80276152645,17656.022906541315,16371.265160627856,16944.988480500317,665407273.1205598,0.0007713355594312077,38.01054425423422,0.03886467451811312,17403.73885587196,16996.324338042265,16847.55083068146,17131.115023957045
2023-09-20,17138.848164084597,17151.117616476873,17057.82839925487,17070.048599038113,898589834.4375651,0.007380360198043778,43.024135265900256,0.033246263956568774,17287.25298137934,17057.689864782755,16881.781256582482,17126.591585074162
2023-09-21,16458.46014444592,17355.18105017393,15587.483118479591,16482.910137533087,923644468.2450237,-0.0343958283480289,39.148986785161924,0.036297124078747904,17184.225943110585,17107.289448273215,16820.416469036423,17078.9114778489
2023-09-22,16442.80697153239,16444.398693283078,16418.30707895889,16419.896582903093,766779267.3802304,-0.003822962941871899,42.29334980723216,0.024743515154293527,17051.31250352489,17161.88191002953,16758.798025015913,17030.095559704765
2023-09-23,16474.261047672317,16742.00490999329,16086.412481294641,16352.172123503467,1280937623.4312239,-0.0041245362939826835,44.57923737194733,0.02510266776603427,16961.84159591976,17214.359290281096,16696.240194013997,16979.87900887504
2023-09-24,15660.59816541046,15931.919963250735,15439.604652815695,15710.226128876846,1208315790.5432518,-0.039257536538765625,39.7678197142154,0.02745221818905895,16824.3183077607,17255.308847091655,16544.545722454433,16885.83064739369
2023-09-25,14711.740734627532,15235.085614607855,14322.484086811548,14842.37259007436,564432048.7918526,-0.05524131426773615,27.946761877870983,0.024140664279152384,16654.74362495241,17274.14840125716,16282.672932857498,16734.463383888557
2023-09-26,14858.27587596914,15003.754216357782,14850.398993859148,14995.804425642405,1170092111.369424,0.010337419751250021,27.6363216054839,0.02563057105691261,16515.87746292629,17293.554930762613,16084.693162516714,16605.673831425876
2023-09-27,15807.381277561497,15880.156926987758,15639.04329192386,15711.376946727387,802699260.562948,0.04771818175098175,41.3073096695569,0.034891697378668256,16417.205845181896,17309.551840735672,16027.259898549126,16539.429617744507
2023-09-28,15963.970430564546,16300.512144384254,15547.176274396546,15881.989726006543,1072024907.353385,0.010859186935534337,42.94695175014294,0.03407239650002236,16350.802794460644,17320.34203031618,16004.910641234881,16490.730366504657
2023-09-29,15526.07332975591,15570.983160243051,15515.451010876523,15560.337399256658,693830143.3246222,-0.020252646695973153,49.12105909400652,0.03455709791686689,16284.846771459459,17315.38240842216,15936.514757853616,16421.81236893073
2023-09-30,14764.00499727074,15059.852521292683,14344.664586301213,14637.986905237067,862789290.2829798,-0.059275738716543014,40.284031668172126,0.03966521081405814,16175.448880739288,17294.585760518137,15736.741242066455,16289.677149397865
2023-10-01,15080.495976547141,15111.764021236791,15046.314547284439,15077.57653878389,762434910.2875499,0.03003074373495651,39.99989503164767,0.041222367747847294,16060.138035751128,17273.43470624081,15635.331287715291,16199.891918982015
2023-10-02,14953.389793813287,15186.57373124095,14758.959573397966,14991.646086527377,1194894278.8176498,-0.005699221757254902,31.253081608359096,0.03495958520802814,15931.623124239311,17240.815186077743,15536.302795224843,16110.392227689079
2023-10-03,14724.558557908456,14876.037801041546,14459.725006418961,14610.02599309267,1183268804.722011,-0.025455516441097115,28.93962242920169,0.03612806979907617,15828.13029740028,17197.581543799086,15393.798671819894,15999.253988089346
2023-10-04,14595.253170846987,14803.960810686065,14302.896811366363,14510.390947462356,1473225242.1931882,-0.00681963506960348,26.806590897496562,0.0283784502934615,15719.130020245382,17131.642527988806,15257.889791149502,15888.967836931792
2023-10-05,14054.691307665375,14443.784121190083,13725.071794930256,14112.801765238366,891124243.9414555,-0.027400308073265434,27.760170533506255,0.027136335654508466,15642.349237759137,17063.272256875796,15081.722402547788,15757.399979769316
2023-10-06,15078.506685767743,15475.398585089633,14719.715466892263,15115.721836268318,652252501.3883184,0.07106456164503583,39.59727496543226,0.04255215641930517,15609.750721641036,17010.978922907758,15086.953084658639,15709.868265435907
2023-10-07,14941.919324317107,15723.142389827763,14267.19909075375,15043.820678758293,1022268331.6403589,-0.004756713459591944,39.57090858970652,0.034917584666689365,15550.20110867786,16947.1560717697,15080.31732990474,15660.531407163491
2023-10-08,15110.177012635837,15354.863244334518,14729.727197724947,14972.178758529297,891038244.3992018,-0.00476221578007463,43.5285127556461,0.03309363276687161,15452.213632497995,16886.265916984907,15063.68062661621,15609.542322079476
2023-10-09,14829.838995458178,15536.8067377948,14215.260590541666,14918.551891731237,1393328523.9768784,-0.00358176773487362,50.779236318278315,0.03304833611064193,15350.891803059541,16825.22983056815,15041.353128941599,15558.357845757384
2023-10-10,14321.811345838656,14778.15410396329,13969.535321244226,14423.3797832735,843861679.5103863,-0.03319170064570354,44.527295129641416,0.034143149133228606,15218.558362271311,16753.783870930263,14946.280306531122,15474.285396684503
2023-10-11,14815.120631638058,15250.68521460771,14319.742027261822,14753.494810951894,621461253.6481279,0.0228874946537303,40.11342367658908,0.03518042737139718,15132.087595942252,16679.795047602904,14916.620999518935,15420.89350144505
2023-10-12,14671.475767228241,14824.987483223127,14561.50140885043,14714.689205816483,926514178.4037977,-0.0026302652783396496,37.6149799579869,0.03278995514340183,15046.82722708792,16614.184453521902,14885.554569718559,15368.58207213923
2023-10-13,14123.93238418019,14212.778658394378,14122.327052673827,14211.16341217632,942713077.1120969,-0.03421926121559726,36.217232730017884,0.01976056683182448,14939.776791521563,16524.11945218916,14781.80208394283,15282.847356586422
2023-10-14,15128.954894302187,15259.590144208973,15002.521708730868,15133.122132884479,993170440.1797032,0.0648756680904965,55.05856173597044,0.034242271376389286,14910.921591721944,16457.960886674704,14835.851322241546,15271.756599275168
2023-10-15,14748.696764974273,14861.616024703513,14530.778156381799,14642.887315742852,1402654130.205846,-0.032394823278161455,45.60447289900063,0.03657618498309083,14900.947328005368,16366.487040667573,14806.164552010978,15225.173689383884
2023-10-16,15408.080891376332,16277.262620682284,14614.535726337452,15480.012825647298,486776378.5244671,0.0571694292152638,54.28702353230677,0.042957400097142134,14925.157748005615,16288.262546793967,14909.833517185796,15244.050662440433
2023-10-17,16357.918795035066,16412.02929497756,16159.68419229386,16213.316360602725,1132915171.9142423,0.047370990141590186,63.25568987626118,0.04145072770879968,14950.254718699382,16236.78500131807,15110.369339249939,15315.848121563566
2023-10-18,16917.889434080385,17008.16611468022,16776.177304959205,16866.178044959168,1568626848.1395617,0.04026700459277133,67.84475761795585,0.04233273326020965,14999.46413464701,16204.20104107008,15380.493755512896,15430.687375148425
2023-10-19,16831.303200187973,17178.654538358853,16628.865070860822,16974.494182637296,679310073.8389162,0.006422091441783406,72.67042982669614,0.041656834806567185,15070.171973816043,16170.107025066442,15625.724590455113,15545.043434962416
2023-10-20,17756.374312924225,18559.756080652707,16811.4440603302,17608.118016934048,842353153.6856374,0.037327995018836324,70.97195353601529,0.03378110313944328,15218.678529400891,16134.274063627312,15930.708194528796,15697.863774367723
2023-10-21,17502.50440329187,17739.802863089484,17302.65725146662,17539.532912224957,953633079.8354819,-0.0038950843379815803,71.01158156097665,0.03245715500136359,15341.776348072948,16114.195703813648,16178.219689558975,15834.283710505295
2023-10-22,17558.993007504607,17717.667875298368,17488.513380927878,17646.835659180484,1220058164.511347,0.006117765364249683,72.383723849395,0.02387964316045975,15474.535826705604,16085.569109504915,16404.160607962283,15968.546817814567
2023-10-23,18124.157645712028,18301.692837611274,18079.16864083407,18256.375632341234,741250780.8135575,0.034541035284342714,75.55576730744758,0.02043875859731683,15656.85330866803,16087.86481663962,16689.116765559047,16138.015618890617
2023-10-24,18386.775665921963,18494.1963504915,18251.275042481877,18358.53071213381,681791783.5586848,0.005595583803151172,82.05849856056773,0.018490881629054115,15849.260296901604,16085.821593041135,16945.949680416703,16302.498218390112
2023-10-25,17818.954018462733,18000.795795146052,17530.189773559272,17710.929160502026,830067674.9825249,-0.035275238622650695,72.90830206363,0.024449944394306512,16029.166666664789,16075.362851326372,17063.63883119906,16406.82643632433
2023-10-26,18187.10790770437,18504.439582066396,17840.220481890505,18157.02730490729,1041135688.3201703,0.02518773240876193,75.08176480616692,0.025354543603083354,16181.231940096735,16083.04084410122,17231.852442538788,16536.470945108253
2023-10-27,19567.423685646867,20180.01945837328,18821.363310355406,19429.64567798442,1088758180.932121,0.07008957753415834,84.19119301241119,0.033094485563766374,16400.52319005804,16117.937571628607,17569.974478761193,16750.780184580562
2023-10-28,19822.16641163117,20692.625988252887,18874.101045968622,19740.996157243764,1119233552.6973739,0.016024506283824458,82.81626394554775,0.0320775835750908,16638.964059993763,16168.556479964847,17903.97781391236,16972.277664037094
2023-10-29,18032.8524005979,18135.48416068262,17854.2814326741,17956.47852021818,1771709748.7225316,-0.09039653433956885,69.92538356993654,0.05220022231801759,16790.86039141811,16190.096893183603,17912.054845651717,17045.181431161618
2023-10-30,18278.414998565946,19187.314385706926,17318.995817201314,18225.251641272625,464115318.3475354,0.014968030661012932,67.7188832345049,0.05077647704313529,16980.95398431807,16218.083031616248,17960.238968054935,17132.594039317988
2023-10-31,18149.722619986496,18705.29156081496,17490.776741630678,18043.08135859705,1132085447.981044,-0.009995487923087687,62.714623026447605,0.050877249717330215,17145.433311700323,16231.268790017248,17972.98395121526,17200.03754444977
2023-11-01,18049.925653612263,18891.30171110985,17369.421367806714,18204.952715361404,903905650.3414847,0.008971380971312115,59.984114501257494,0.04865907085339373,17319.94648717757,16244.128957989202,18008.67145339159,17274.47570525804
2023-11-02,17657.397578861586,18169.918462456255,17162.02516630664,17674.078083884302,1033633000.4214389,-0.02916100029357105,54.907926344897604,0.04922964832056303,17493.09222076297,16264.01286906942,17957.19555039047,17304.075881452576
2023-11-03,18318.333858620277,18834.74633954735,17907.153455080173,18421.255712290837,1306201038.5430894,0.042275338202100166,55.61509847311207,0.0431094051027892,17657.49889973329,16298.630053504032,18028.589421452063,17386.82994299615
2023-11-04,18602.82736873397,19249.982938354668,17846.919839792936,18490.15578797208,1653721834.8982284,0.0037402485887685355,56.56421280205382,0.04226919810890451,17849.86232334475,16355.46482096421,18099.599631685913,17468.557783364737
2023-11-05,18941.125693979175,19331.77689585677,18552.61794062653,18943.226061171354,1384029243.468439,0.024503323735865834,58.54381498142252,0.023164300522879554,18023.02298512095,16418.97549901503,18229.38831314521,17577.79247060967
2023-11-06,18233.956307231037,18690.082761695638,17769.193437005506,18225.098306623535,1052392321.5040253,-0.03790947498746222,49.7967766055266,0.028485828690357193,18123.61208242199,16458.781206387062,18228.728312141877,17625.74105105514
2023-11-07,16943.20958910963,17422.368060448545,16506.481807661126,16984.57406911297,873086885.2857251,-0.06806680636996743,42.22318820883331,0.038644328921744756,18129.531883629686,16459.83412212679,18037.319967060506,17578.247200540907
2023-11-08,16992.685954992685,17160.699572598194,16852.76555867105,17020.54974156153,636530370.0289061,0.002118138041152351,45.80165866872182,0.0382287752601256,18131.834661575896,16461.345347348015,17880.8937785222,17536.936277653545
2023-11-09,17705.00320943183,17942.60565381096,17526.85941046425,17763.86955478735,571180128.6695957,0.04367190393449816,47.692538865135916,0.04156981009034724,18139.62223846856,16475.221766463,17862.89005179376,17553.74615003383
2023-11-10,17625.22751081968,17891.36602754277,17404.550697676943,17670.127049340528,881770340.7082392,-0.005277144439599812,38.014824023166824,0.03747507762890216,18146.151945324338,16498.966104699146,17833.234205262495,17562.36695738988
2023-11-11,19951.495362701942,20397.615745379248,19423.057618986117,19867.29526664063,1463948173.3475032,0.12434365701870287,50.68445800333487,0.0620191982214962,18257.174925697345,16567.9140783739,18146.16667624375,17733.102387704752
2023-11-12,19904.247060085614,21106.67786039804,18799.97979866845,19997.250844197264,818812997.9833107,0.006541181162935894,63.4764022026305,0.061782544268237205,18344.218686290147,16640.815652787776,18430.948855928906,17900.81708818568
2023-11-13,19990.41950633963,20299.385846497615,19827.973635919217,20135.758920937104,955322792.2613312,0.0069263559185701595,62.837039049078015,0.058292508937684236,18433.08009673031,16729.32630862898,18693.22732746863,18066.368335056155
2023-11-14,19503.81896301059,19712.192297546535,19404.182179897318,19612.00284860072,801554353.1388487,-0.026011240718212147,60.079192830486235,0.04975622074677315,18528.133781135246,16824.71891379951,18834.5774076428,18180.8597805039
2023-11-15,19905.619306442903,20383.54329642586,19326.020828510904,19801.443612037383,1237404343.2159398,0.009659429732857605,60.220104058705445,0.04933997878890684,18610.35459649175,16920.831697527407,18983.326054472735,18300.903027284156
2023-11-16,19187.84646314915,19906.244092529676,18591.376892792312,19306.09856102982,1221489553.99593,-0.025015602938486814,60.49529271570156,0.051296991257515766,18604.17724064402,16992.726129813454,19032.983363173822,18375.361955709763
2023-11-17,19427.71478951948,20103.46673216419,18618.376673920826,19289.31466100146,1245742903.42568,-0.0008693574196414477,56.161149901140654,0.05106141330267083,18581.593165831906,17060.872628513353,19072.418947454997,18443.06215610174
2023-11-18,19137.11115289748,19787.325719511995,18624.91334143727,19271.53023038978,625460910.0182296,-0.0009219835398109888,55.586431546220126,0.015067064330256315,18647.345751340486,17135.096485136015,19103.051452521886,18504.43016160456
2023-11-19,19225.553165563655,19350.216978282042,18987.25741252445,19111.179595328893,1008373137.5056577,-0.008320596919077383,51.253238177501466,0.014323146354982592,18691.6421490433,17224.560338937852,19104.301936030657,18549.374564102658
2023-11-20,18430.348067388775,19336.36217169152,17699.66258153423,18598.990716815573,1186627774.3290336,-0.026800484813533254,52.87837875634972,0.014772628795608912,18719.437616954227,17294.988622498488,19026.561748459106,18553.049834673984
2023-11-21,18696.316073008686,19222.139380499906,18113.34271899981,18637.512200869955,370986622.9913846,0.002071159916196663,65.61484755985097,0.01385947264488389,18741.065591229653,17367.90594478534,18966.70797190693,18559.306306244056
2023-11-22,19636.026800677915,19868.825413676288,19562.72171590296,19794.92712327288,890567491.5525843,0.062101363633119355,71.6265679075561,0.029650840158445727,18847.10804319908,17471.603967388943,19094.126302886307,18650.833774172115
2023-11-23,18787.992553055945,18840.357458847895,18710.39686150632,18762.691248832376,1529850510.0419772,-0.05214648520867271,57.45033888380196,0.03483473631639904,18864.17982002616,17556.64997341634,19043.13629457032,18659.11951303584
2023-11-24,18696.55382395688,19253.81797483435,18222.219198451425,18777.431470227704,482943339.9342701,0.0007856133856194436,58.35803120617094,0.03486160914482744,18878.54360413894,17649.94256751613,19002.25862928684,18667.88336171672
2023-11-25,18466.637303317555,18934.389900608116,18016.011228326835,18483.355856591017,725034491.7278055,-0.01566112032430822,35.34304537096219,0.03513674497997763,18855.550093909922,17717.295247922582,18922.427433487483,18654.214657633333
2023-11-26,17539.236017832554,17684.308294819577,17530.72196480483,17675.727984638914,735894381.5019356,-0.04369487219844381,28.499535751588226,0.03804608155757074,18828.08157781069,17769.933394040196,18730.627518280013,18581.73416333745
2023-11-27,17433.208647302417,17663.656817372063,17276.514044484837,17506.305202076208,924122986.2975672,-0.009585052604902167,25.78632993252016,0.03736543694815924,18854.16813445885,17820.615922911136,18542.270238864043,18502.07275879958
2023-11-28,17927.837747839865,18497.552679353557,17390.922454417447,17959.683643020493,1506802740.5035646,0.025898008500989445,34.5845926309774,0.03946407687714538,18901.1248295318,17881.438557936915,18452.64153181119,18461.895787260386
2023-11-29,18503.379928060436,18681.87874404349,18338.669789174146,18517.046946491984,981972418.7401605,0.03103413815911482,38.786936260670394,0.03169229155803822,18938.783699117033,17963.31190120129,18462.5500571467,18465.981058314577
2023-11-30,18205.264902526396,19002.767865068963,17246.574800692775,18036.693286037666,641257613.0296019,-0.025941159075870912,38.88872993605383,0.02694580232154825,18957.11201095189,18028.975870703005,18397.033630822232,18434.181964071842
2023-12-01,17663.04606478178,18009.989807836348,17317.024575945085,17663.9505990496,1249224901.8746996,-0.020665799494223758,36.60752903715818,0.027353848345642605,18846.944777572342,18087.961098567666,18284.251625934136,18377.12778888501
2023-12-02,17346.69049070281,18230.250381121838,16504.30383299766,17385.956876708096,1440876987.588093,-0.01573791325913587,35.10231381644745,0.027357273305690023,18716.38007919788,18151.456967858303,18146.052433745514,18303.70772131635
2023-12-03,17284.673748597757,17916.50191073764,16615.30946511137,17245.713463528537,641114665.7310891,-0.008066476534716593,35.21419969546935,0.02259230144847781,18571.877806327455,18193.708794471182,18007.538746019825,18225.33777629503
2023-12-04,17177.62118560634,17729.800210918736,16710.389665368235,17260.319300867184,1436426960.7480252,0.0008469256647187784,38.48101909983971,0.022451853956444244,18454.293628940773,18246.057434173672,17892.581908304033,18153.854926263335
2023-12-05,17261.86704421916,17952.730914176474,16591.378204916113,17281.480254689683,897664423.3653024,0.0012259885494374512,38.296669731616866,0.019058268208958992,18328.29546107339,18282.08678275452,17798.56626928644,18089.23458022084
2023-12-06,17337.16530127071,18002.351169937716,16846.39806338513,17506.782536855226,854113166.2383755,0.01303720970918576,26.46545480775309,0.013832743654115224,18238.329659864663,18307.95610627957,17753.67646429702,18046.08998441598
2023-12-07,17726.063389358056,17966.99020523719,17662.73139606775,17903.02595695054,855072760.6403754,0.022633708921736106,39.82705833679269,0.01537224643955332,18169.015224662115,18328.693064519393,17776.653309320638,18035.49264904817
2023-12-08,18124.418478884763,18247.19114758877,18044.872984052192,18167.456763844923,533341831.5339008,0.014770173909719464,43.184556075989384,0.013525488715930867,18113.81155133487,18352.55231614355,17836.77691770899,18045.267768662743
2023-12-09,17510.489507389244,17972.84645038078,17058.171669981246,17520.275820275077,1193385950.0373666,-0.035623089790850715,40.02620093799984,0.019259543790534777,18034.26636258218,18350.795472210368,17788.084441180697,18006.379476189584
2023-12-10,17145.69739890699,17306.410600247335,16889.485304243757,17049.294887853768,1375476421.1655848,-0.02688205010313105,43.02630969868187,0.021908981176861526,17956.78157113409,18340.990711722945,17674.424509899633,17935.48432149804
2023-12-11,17622.675634695737,18032.9278869172,17301.934582042013,17710.586809202814,1289774761.6529825,0.03878705399248861,52.04967332509907,0.02672828423868041,17910.435301550733,18342.26573472339,17679.98794056166,17918.825246513206
2023-12-12,18580.86681716383,18889.302320760362,18100.79092904389,18406.32917241656,1267348671.5114045,0.039283981423598124,54.27359950308819,0.029769419587946468,17841.00540400792,18345.264805524897,17791.732745462414,17954.936648431973
2023-12-13,18478.31529918158,18947.96556492953,17984.85853632457,18453.8879494067,563619569.3973887,0.0025838273641987097,49.33035145416248,0.029820431251925007,17825.565239036638,18347.171950270353,17893.60277683846,17991.89600405973
2023-12-14,18702.04377137283,18875.181007131247,18602.816773024355,18775.563934564107,1581363660.1190822,0.017431339457534056,58.106711350383975,0.02945568296215967,17825.471862253453,18368.464645751596,18029.289108796253,18049.945480393388
2023-12-15,18708.28432412929,18869.509885894535,18620.467648709917,18781.35023911396,886458360.9357333,0.0003081827299578066,63.333495575966104,0.029342611840210694,17840.3715813796,18380.95110443573,18144.990821152824,18104.123610668987
2023-12-16,18104.287645599114,18584.049689774227,17654.29042291358,18133.330580629627,1348457601.6596296,-0.034503358397245054,58.19448528847861,0.029085361478191123,17863.25171117914,18355.024802488635,18143.19693799541,18106.28708992533
2023-12-17,18503.80405494432,18811.629157268544,18112.825944964312,18419.244330828984,1305805528.1936688,0.015767304794232162,62.468734773857314,0.025465291112073216,17908.898667616777,18328.58976596034,18185.665767662114,18129.469107770045
2023-12-18,18916.38888751777,19372.822490475122,18470.215349079706,18926.412528303954,1622229469.744842,0.027534690803037165,66.02488443150412,0.02374384276827202,17957.23511188095,18347.988446122057,18299.62680776086,18188.50195373552
2023-12-19,20537.676340472593,20902.00510823404,20173.82000253783,20538.140546185317,1015564915.7717946,0.08515760794450955,73.98474801596056,0.0362721205392696,18058.289791865616,18394.246224220307,18644.013536749237,18362.549256879945
2023-12-20,19971.934571267702,20252.24126859534,19844.444451455678,20123.781837269373,292493187.15731597,-0.02017508391201006,68.751571923953,0.03865115589744774,18162.644219427202,18435.860233793755,18871.67019836772,18493.010929501383
2023-12-21,20245.851178357505,20381.732630402617,20214.94793864351,20350.66939630325,1352260949.3822784,0.011274598426309623,67.97431843254304,0.03860550955221386,18296.98015928988,18478.77456741259,19099.208536511647,18630.615260375595
2023-12-22,20175.715711171277,20650.97203973963,19682.57641218646,20157.40132975576,1605707729.8688633,-0.009496889895061367,64.76754355944229,0.039280649814835374,18435.552381942267,18528.44103233002,19262.007427779972,18743.710524774127
2023-12-23,19654.892700835197,20025.355180689447,19423.161368230678,19792.007266327666,1315802985.8742802,-0.01812704214450056,67.59456990360927,0.036524139662761454,18562.867072082223,18555.856063410756,19343.545864479616,18821.362135259576
2023-12-24,19819.676568739153,20258.907317435718,19576.309789152023,20013.16468775587,763758757.2983994,0.011174077416819861,73.87925636193698,0.03651019495874783,18700.50934142666,18586.31624140643,19446.564144983655,18909.64380581486
2023-12-25,20299.50825402209,20723.613539247013,19947.573757524366,20370.44913399669,817128795.7505156,0.01785247120158906,72.53378405029028,0.03602486095710045,18854.95778539201,18614.86070286294,19588.70029713951,19017.851607902405
2023-12-26,20867.184916960123,20989.152324983836,20811.794885514868,20933.586037843892,1151571785.0511642,0.027644795661739607,71.90248627031264,0.018720537269243418,19026.29796044144,18669.030457487348,19795.605795709416,19159.757861972143
2023-12-27,20869.734207526602,21228.636521124197,20509.160901302315,20868.03397556321,1082027407.262259,-0.003131430141122382,70.85716166463307,0.016155066979117755,19174.548361372075,18746.69965561635,19960.594746456154,19286.29683334926
2023-12-28,20770.733722230034,21068.608751925836,20598.75007548777,20895.591272813475,571223743.5794349,0.0013205507180282794,69.2967899442042,0.01597998859719102,19310.955086820504,18824.20048624139,20104.44036589574,19405.50382886513
2023-12-29,20388.38616930432,20738.255013882444,20114.951836308137,20463.80916209536,973948953.626006,-0.02066379003497698,64.21185780276122,0.017972416845867336,19458.13175391152,18878.19927838755,20159.727873003376,19483.896816511813
2023-12-30,20773.79414740692,21553.04373212097,20185.410461079806,20959.402979695016,1094050066.73109,0.02421806290676476,74.503026053744,0.01705575739591104,19653.637158503578,18943.984796994642,20282.754812494397,19593.193569340197
2023-12-31,20912.293165368803,21543.7715016361,20275.27051777608,20906.576222296528,1111780206.0785048,-0.002520432354378932,72.47441987828411,0.017457828740466034,19813.436629158263,18964.770416107756,20378.72733707934,19690.481173262888
2024-01-01,21614.371621757153,21890.506171117257,21387.697105783598,21663.31834048573,656742049.4267334,0.036196367599499624,73.66227168567198,0.020565610480057624,19976.286087561723,18998.09176603353,20576.356722218785,19836.61725972384
2024-01-02,21174.02229237175,21770.937008463185,20490.981240978053,21085.397545823187,655444040.5072664,-0.026677390119984046,55.76125237913262,0.02251796280394763,20107.861567382548,19017.08453853125,20654.670695081,19929.119503138605
2024-01-03,20296.525820883853,20416.805532641563,20093.35322047495,20213.13877030086,944720864.0528321,-0.0413679075116663,50.85798653617682,0.027780364058188997,20179.74030916939,19029.107256965253,20586.742706653284,19950.157967372845
2024-01-04,20885.488135960815,21321.63637012487,20605.870974279027,21039.951239794358,279359236.3634355,0.04090470455327466,55.93462860605206,0.03268963969873093,20292.670359203406,19053.877409520395,20656.467096367294,20030.883394959626
2024-01-05,20929.78658160093,21211.219120198308,20823.027003548115,21103.57308429146,1008911533.9806784,0.0030238589325610743,58.332437486867875,0.03121266689224805,20441.182484386496,19089.826899985623,20725.252632971013,20110.34189046569
2024-01-06,20999.913385008535,21434.923579150098,20626.078292275073,21060.018510332113,971070956.43674,-0.002063848324896589,61.837735858176366,0.030050204687243013,20573.221193361653,19125.240976972236,20776.75507564195,20180.688306752094
2024-01-07,21373.147225356544,21953.180460941334,20882.5445679851,21460.571062752002,1277980741.0536628,0.01901957266672749,63.07457078262391,0.030716635379825885,20699.929120084056,19169.021793619482,20881.957535197344,20275.49443682616
2024-01-08,21300.191230296085,21781.78205503813,20935.458928467582,21415.082422100088,420068612.55525285,-0.0021196379406168697,59.99955148382082,0.027274889630680553,20743.776213879795,19215.099850154904,20963.976748566998,20359.908361661266
2024-01-09,22514.660573423527,22624.546715516408,22354.755969921145,22464.396792170504,1077663281.275683,0.04899884807296084,63.40563790180797,0.030373393415079376,20860.80696162485,19292.407971662007,21194.810601429075,20515.79639355084
2024-01-10,21253.311292374736,21612.71997963786,20934.001577602878,21292.816735156994,233183085.84182978,-0.052152749430683154,53.116250766327994,0.03349586497044749,20907.914328567538,19345.514062347745,21209.888468156445,20573.35345589204
2024-01-11,21329.608081052826,21643.85864429622,20988.925933178787,21302.781254973135,773333746.4536043,0.00046797565301393007,52.994918942342295,0.030187642635613576,20965.183324828406,19375.67114498175,21224.179666128246,20627.38514471286
2024-01-12,21499.94364265048,22004.90883254499,20844.533433253706,21345.880162761958,633444799.7857921,0.002023158726223162,56.88114805500906,0.030185281922284913,21042.87696965012,19427.334923260343,21242.902819456507,20680.606997901683
2024-01-13,21385.98510578902,21935.459181476795,20687.638635029467,21233.186836488137,671585583.4439002,-0.005279394684807315,52.271526177769196,0.03028218486166707,21103.878077086734,19476.45003058555,21241.40805284599,20721.538837796976
2024-01-14,19988.355001199823,20336.321090499423,19601.27443418187,19948.547537619135,1532931054.869781,-0.06050148330355276,43.40040844751806,0.036847302876621794,21082.782997267856,19505.75386420611,21042.50643511878,20664.280222968988
2024-01-15,19869.331550738298,19988.09842148755,19593.38232745666,19711.20400719747,871585797.2592708,-0.011897785037937259,35.515954729350966,0.036692866733890855,21021.663895735535,19546.463384657287,20837.69067697704,20593.68198476369
2024-01-16,20228.812621968533,20419.062200827157,20201.744315917585,20391.77583264157,409759405.5693511,0.03452715649412341,44.93077357811736,0.03295348734457173,20997.850988589453,19604.17279726859,20769.08839323312,20578.725973495388
2024-01-17,20140.490680744562,20788.143792809566,19332.603965638533,19974.93328678283,1015288975.9328692,-0.020441699108495137,48.134962755986336,0.028608875884437706,20951.818089287925,19644.47779014384,20646.91068454846,20534.000589294457
2024-01-18,19870.865499604977,21057.938590412323,18504.38033152391,19680.05449194081,789716751.1452497,-0.014762442037147605,38.38518009788398,0.028371026397792924,20912.630355780195,19667.737941052816,20498.163577993437,20470.745322823816
2024-01-19,19296.760055471466,20088.39004890506,18685.035991579512,19471.13805100881,1331345902.0599384,-0.010615643417936305,36.39510353635806,0.027807752028207608,20838.217109345882,19696.42683635224,20340.159650765032,20396.70033972641
2024-01-20,19508.096046616258,20069.208479209865,19052.761734899927,19611.46153564621,575824039.8339503,0.0072067428349484874,38.11919717486843,0.02874839660964758,20773.46137501337,19735.37705508417,20228.05224843906,20338.534502387134
2024-01-21,20237.069210054957,20481.333180146215,20039.93182041943,20283.741140558504,1198847934.6374671,0.034279933889187486,40.75972149552661,0.02331450043075815,20704.482515017007,19793.332740361177,20236.61977030359,20334.475734844273
2024-01-22,20201.5371689291,20557.478218792163,19935.547129811494,20290.319202463797,1054171233.515983,0.00032430220143853106,41.114245395407316,0.02248967370405432,20664.728597849036,19854.224855139884,20244.88122140516,20331.20488059387
2024-01-23,21327.22275794532,21510.432795597306,21242.811307519252,21425.63184981714,1014209986.5979024,0.055953414829249315,41.903653853667464,0.028050437464783036,20725.35325182485,19937.53110611888,20426.535164237772,20412.273544980777
2024-01-24,21453.77907195389,21592.10822356624,21141.656521599314,21278.857820246154,1015639095.9179478,-0.006850394452765585,49.870516206837266,0.026210446878898844,20737.29858084744,20017.47865743001,20557.6617267006,20476.464972778213
2024-01-25,22493.032107556777,22753.738069015933,22141.724934157635,22401.368466255466,896336704.375922,0.05275239185729608,58.44708000903932,0.028200019700437607,20802.18834994564,20115.370376018014,20841.308917401348,20619.05041673949
2024-01-26,21359.800658090095,21957.311096127658,20948.891650925023,21542.88009956149,1121915461.9718428,-0.03832303227310274,51.34596767426855,0.03432933817538761,20826.33142940711,20188.167458870237,20949.242945425987,20687.482245096675
2024-01-27,22321.2063624863,22431.04465321878,22167.15103037719,22276.770661717313,937521934.404912,0.034066501728836185,56.57222471809462,0.0348044982028649,20867.141409355376,20270.353736827685,21153.477978701576,20805.2073129945
2024-01-28,21655.944037370027,22274.859711567402,20893.19725283881,21507.88137269847,1201954554.7168117,-0.03451529401163078,60.50254506465383,0.03917217046064613,20871.781356885294,20350.10584787615,21208.00157777802,20857.257243342938
2024-01-29,20908.43983358601,21081.684357085418,20718.101107186176,20891.20280699901,951151407.1665323,-0.02867221345577331,57.56124983875832,0.041701212672773616,20793.12165762672,20426.94400625906,21159.26330535048,20859.771729539683
2024-01-30,21315.626673655246,21991.16986534914,20661.571865145757,21336.475330662455,899201746.7915429,0.021313876839789803,56.24170845784496,0.036346937852719995,20795.304587401995,20499.46177668825,21186.526693860014,20895.083107400627
2024-01-31,21448.129331677454,21758.515111047913,21247.469100565282,21556.837845989867,736611845.8875228,0.010327971790670132,60.73037023967773,0.03638979180775571,20808.00741695283,20562.471950159714,21243.497640341528,20944.101976925755
2024-02-01,22632.0682627324,22765.22199816647,22313.04963644881,22445.103380837863,829622833.7890267,0.04120574368068719,67.35849214062944,0.03390494837893912,20862.968577856627,20642.296258788338,21428.360061956348,21055.28726610443
2024-02-02,22287.93013318882,23387.45069791957,21340.116411698367,22433.448673245606,1313710659.048826,-0.0005192539056071421,69.06916202662524,0.029343832234739926,20922.981669694498,20715.45395356197,21582.98907907777,21157.37329626304
2024-02-03,22445.780208621072,23149.15391210844,21561.023985058007,22258.529906850494,1494896337.699547,-0.007797230329714022,66.96430725050693,0.02687338068135,21038.480788156066,20784.9975469167,21686.91843719665,21238.940452602852
2024-02-04,21394.668336242154,21680.06167465253,21242.41130520468,21526.86386257375,860016270.8003047,-0.032871265413245365,57.90663560647193,0.026524419147496918,21129.26378092488,20852.868212555582,21662.294656485436,21260.268112600697
2024-02-05,20935.74566707053,21405.787504295888,20652.34945120859,21119.8985079486,1006452292.5309018,-0.018904999688909352,55.02066385253828,0.02494863499328945,21165.669914690232,20906.881296097974,21578.849095172074,21249.87036410795
2024-02-06,20537.165595366958,20637.24368093336,20353.097479063425,20452.76427503297,570189573.956273,-0.0315879469148278,43.75844500185737,0.02604838426627837,21189.56146410274,20937.408331032555,21405.605276689133,21190.82546862091
2024-02-07,20967.742509869742,21568.860728047697,20279.078466372925,20877.61278111303,1163761120.64771,0.020772180247473182,47.514447305033606,0.027386567023370445,21249.43937856135,20944.197775731107,21324.37566198512,21167.624528805514
2024-02-08,20127.017508544934,20678.54862756864,19549.125169328545,20099.913572029276,809697573.6681796,-0.03725038955542381,35.10719508982767,0.020994706554889022,21280.878154612372,20943.720410426307,21135.99687891499,21088.53482830357
2024-02-09,20376.811825919955,20958.022214740577,19978.505625410347,20556.209325498283,996773694.3253067,0.022701378880751966,43.26462437760152,0.025167100150389997,21328.115544104978,20947.831209010208,21046.798793773956,21049.10330957725
2024-02-10,21206.05408803679,21556.894737823106,21028.8951806774,21378.296885450014,511648312.72835577,0.03999217691036061,43.93966367060063,0.03207379768856632,21382.843331349555,20972.249120124095,21097.798500185658,21073.488018901156
2024-02-11,21438.38830109489,22036.05536724909,20906.50765513663,21502.582090642867,1248711376.143065,0.005813615830054353,49.960851235506986,0.02978383312792507,21443.456475758507,21006.4606166104,21160.07289871754,21105.2727649561
2024-02-12,21504.825392989926,21794.844928042683,21285.726639789482,21575.030896388158,1281268792.9540195,0.003369307250630893,55.49356168068663,0.028565014594804043,21450.926428087056,21037.697940783044,21223.912590666867,21140.069663580696
2024-02-13,20889.75508162161,20951.6602920024,20685.83529578617,20747.318405843358,811933472.5173674,-0.038364371041682555,45.5409764944345,0.03002589606979513,21424.349457366916,21045.235326219976,21150.590408386328,21110.976977822374
2024-02-14,20535.27537742604,21051.871323538046,20179.030301174535,20692.89192222929,1419323222.620115,-0.002623302084125645,43.29277092394492,0.028926325916348493,21338.925630165606,21040.421443907682,21080.175256669863,21080.00771444511
2024-02-15,21182.724388738618,21358.548113777026,20930.714944503306,21105.901009700392,482382252.26569754,0.0199589834530296,38.77478457653211,0.024723767470872824,21317.076675672553,21045.17878459043,21084.133064828406,21081.925736315872
2024-02-16,20593.033772957027,20827.73343807225,20291.109808663703,20525.03448303454,1038468629.0803666,-0.027521522364711393,35.39709310188064,0.026705089040079247,21229.48986673842,21037.76764879485,20998.117898398577,21040.674532369107
2024-02-17,22024.634967868587,22394.355803050763,21779.094128681387,22147.445811653404,1039618324.260631,0.0790454861335268,49.30414625990308,0.03808528293091552,21261.468088686164,21071.440381786007,21174.93757736086,21122.65759009387
2024-02-18,21799.90986279197,22071.820663721697,21705.17794830384,21976.322146368348,961927062.3417214,-0.0077265643514981,53.02815829596317,0.038419056426446115,21315.724055654628,21091.778765119478,21298.227511054316,21185.892001669756
2024-02-19,23174.373211460905,23474.003134966864,22789.196112278885,23087.705477036652,561172580.9425207,0.05057185289086075,62.108490190252645,0.04229164106882388,21403.28556297334,21135.40135021428,21573.531813513135,21326.767073919156
2024-02-20,22391.42011016207,22734.345438391556,22154.837615936347,22496.65109822205,890243643.3282253,-0.025600394954902406,62.69549751400897,0.040050627280753474,21450.27622558495,21152.068005369,21715.550165006814,21413.425149793442
2024-02-21,23116.344552335933,24086.40694169253,21940.339081551756,22901.380650340325,752069995.2184007,0.017990657825077916,62.60202663185159,0.03952480936942103,21473.090089060068,21188.38766745935,21897.985624288893,21523.644075759876
2024-02-22,22554.293574660252,22792.064882999948,22448.39673731884,22685.551762690433,1492578625.8053727,-0.009424274062126647,67.31223122506564,0.04048930876475765,21485.69524353231,21237.83592730714,22019.149645581438,21609.711311828807
2024-02-23,21269.12397536552,22072.075855545812,20678.71475003821,21475.92601613271,1127575114.5256903,-0.05332141616881991,55.59370799345018,0.045455146734937016,21446.565048996425,21246.555422833906,21935.576779512405,21599.80128992539
2024-02-24,21089.884808120853,21414.859442589084,20631.834059696303,20954.726028690533,1473697385.4516072,-0.02426903440860495,47.32597717276484,0.03350179264239017,21417.958157302262,21243.57848172189,21784.676664001345,21552.01793724133
2024-02-25,22734.290738805248,23245.26326366862,22171.289410158224,22681.065656006056,684631772.3590552,0.08238426142875244,56.18811056484886,0.04767039087146076,21496.016514705134,21275.999424635367,21922.5826627713,21635.65110159427
2024-02-26,22385.824571728608,22594.85622148732,22163.14232949576,22372.045312955648,916855653.6738129,-0.01362459541086769,54.08359642751452,0.04354546828978502,21591.98056660127,21294.228909639438,21991.730762799663,21690.198820954374
2024-02-27,24306.06359033247,24334.68537629028,24091.574733505975,24119.977392277244,864709827.4902434,0.07813018679652717,65.79115298247322,0.05172943715212817,21754.09879715948,21348.326809042985,22319.153321180827,21870.18241883014
2024-02-28,22551.510747836528,22664.49026528877,22448.4900658161,22561.42429581574,885878706.464612,-0.06461668977187851,57.668556456720346,0.058836218210440105,21877.174333348805,21350.267359115885,22356.425778816967,21921.385520829073
2024-02-29,22290.72332497353,22527.17532867647,22062.091531832397,22298.464139444546,1255346716.3574996,-0.011655299458197987,54.95537390813219,0.058897508428769216,21964.287074046115,21370.38030720164,22347.5086035289,21949.317270356147
2024-03-01,22388.584772215247,22794.057723335332,21925.118264616875,22329.521539219706,926367834.5348341,0.0013928044362581105,57.85706066012347,0.05424266720817587,22011.8483067346,21390.915112886567,22344.741362865945,21977.480549531225
2024-03-02,22438.1323219628,22770.05622156014,22210.304560104636,22541.182133405116,818111367.6301867,0.009478957881549288,51.954517446566776,0.05249035477295752,22063.778308872712,21414.82115229943,22374.96301987197,22019.23622241077
2024-03-03,21210.839498403097,21996.95826931851,20253.943086060168,21033.488865776824,875459976.9017379,-0.06688616678155279,45.86804232038641,0.04917714331958093,22036.701207342147,21410.827192885205,22168.58238078041,21946.217899697145
2024-03-04,21513.99953289221,22157.149729735815,20937.937567309025,21579.338245330782,1288223033.9769037,0.025951442627385468,43.0448351258207,0.05089347013673779,22078.30219931652,21443.443007039437,22077.929436865084,21919.041629003343
2024-03-05,22728.17895045182,23005.572603479166,22322.009570089424,22597.81211755171,1359126533.1773326,0.0471967147760568,50.448769858720276,0.043355316865411234,22173.548209082637,21501.175169246522,22157.91138773995,21969.32092445137
2024-03-06,23098.53466082258,23549.025631232376,22424.225442120205,22870.26445627069,633738939.2878479,0.01205658040263824,49.86032327492431,0.03583257108936959,22261.76638141115,21550.744941719106,22267.50416751391,22036.057482363914
2024-03-07,21536.694617119807,22016.597492961413,20857.882085026253,21333.25163417494,375605019.5578955,-0.06720573017573139,44.57336074656959,0.04457591931979543,22302.177238968172,21577.911308666946,22123.773008538683,21983.997789905472
2024-03-08,22450.668150050893,22485.459111242933,22353.589728073857,22388.28401490367,1044613026.1837674,0.049454832241261126,53.70719382812777,0.049257739974793276,22314.219149130684,21632.07589912621,22164.46700951791,22013.944917683115
2024-03-09,22746.026362183577,23367.77738460298,22180.01381613767,22800.41151733755,695025937.0071102,0.018408177337732923,57.56666341368235,0.04961508318543125,22355.423617679146,21698.66136845278,22262.304626105546,22072.201702842704
2024-03-10,23130.970233890548,23450.601921390233,22746.074005960738,23064.79120897503,1138207159.9270155,0.011595391225129648,51.78739625188483,0.038998340964748884,22354.277904276067,21767.727961919354,22385.76410039316,22145.7268514451
2024-03-11,21861.429316594542,22306.602288371923,21556.351146855322,21999.59599054026,457341354.11161524,-0.04618273839046416,48.37929934035164,0.044440656359990664,22329.425148891976,21802.045058918997,22326.35362195425,22134.902343229925
2024-03-12,22168.225110089385,22185.67217238743,22091.83363156039,22109.23426628375,1120403158.8870473,0.004983649508410792,39.79534320542876,0.04020363900410381,22289.81782968915,21838.423360195393,22292.95064415879,22133.001004196874
2024-03-13,22459.3433175023,22685.189766459986,22348.07001439343,22573.351616913802,1177714540.427142,0.02099201379117055,50.06809658274402,0.0408758536831026,22284.207822400313,21861.377755537324,22336.08925535187,22165.619568101833
2024-03-14,22446.974494877675,23052.179950222828,21702.56545252387,22303.913767446524,861035413.1042165,-0.011936102978407193,50.03109053198026,0.02983312809870325,22325.607209966005,21881.87887448133,22331.13918028951,22175.863582868104
2024-03-15,22858.07019742773,23487.629560579076,22428.65749417111,23054.52622580854,1247245604.6218176,0.0336538450690016,53.822379377548216,0.026472736020482272,22430.597219821906,21894.94202967239,22442.429494984743,22240.949704567396
2024-03-16,22486.78667791171,22686.71371899238,22184.886420629933,22383.89869831564,1051744944.2918843,-0.02908875770963193,49.20904670226063,0.028335828652097765,22415.73887193739,21911.76240164748,22433.424757035653,22251.53851891912
2024-03-17,22842.165986801938,23006.24566985642,22630.12137815115,22793.854027082725,1079839595.3233547,0.018314741962173642,59.951287033974026,0.028990589428781292,22436.829307643737,21922.10406895478,22488.875413965972,22291.71003804235
2024-03-18,23658.788528013487,24596.387802819176,22936.235672661453,23867.461942718703,1183287246.7624621,0.047100762967085874,62.20635938010245,0.02624289426787645,22424.203535165812,21969.295680355193,22700.965649158697,22408.43240135171
2024-03-19,24841.513755672095,25355.923775388364,24450.596854600466,24963.09364019748,885128663.791214,0.04590482641632643,62.514944362649175,0.028847267546370767,22544.2870023849,22050.73349701916,23048.98534008774,22597.666567192136
2024-03-20,24862.563496373765,25220.75524281816,24672.264038396203,25029.18048901704,1359363564.7294896,0.002647382162327183,61.67806948348277,0.029343130627698572,22680.822819863526,22124.587600186253,23353.630747615323,22777.778709549537
2024-03-21,25556.224248090813,25846.830932175486,25157.403133196214,25446.76512825525,1050408077.1115108,0.016683911781348648,75.31693704940176,0.026812081657902834,22836.6849993153,22202.386145831555,23675.651421559927,22975.48140723144
2024-03-22,24902.085386662504,25495.058001603174,24558.813686693917,25148.391013650657,1065942869.6033313,-0.011725424159053088,68.73195315311958,0.02821701930045256,22967.04544332758,22256.451898487812,23902.22674342004,23136.437674373607
2024-03-23,25333.82706123023,25522.523254670894,24936.012065584186,25123.138972224933,894621164.3809123,-0.001004121552429238,66.63725475399175,0.022724815425884927,23171.527948649982,22310.245704467397,24090.05939400541,23283.600733473704
2024-03-24,24361.634051229736,24851.84899218974,23994.592783342145,24482.97948964941,871451678.9617872,-0.025480871768581825,59.63930231271852,0.027730558698844294,23316.710010865914,22354.734696123378,24150.508639489104,23372.443604301534
2024-03-25,24131.990789647545,24369.395286173374,23662.924247160798,23898.0270670344,1676810733.1979935,-0.023892207354186956,63.804687303286066,0.024999393920024374,23381.72075834005,22402.157960212593,24111.66532064992,23411.375712652116
2024-03-26,23887.200411261976,24128.441214529357,23628.55241190154,23869.615623477246,1346906809.3062303,-0.001188861468666813,62.953865279922226,0.015106896605743199,23431.688316700376,22457.15230252316,24074.42690570028,23445.319409750275
2024-03-27,24530.419657300758,25357.151364680358,23892.354364101415,24714.3030465545,1009838150.4335839,0.035387558660410656,64.91872955609935,0.021880995308023277,23600.740887319356,22542.383077953597,24172.86938890862,23539.318197661698
2024-03-28,26163.521196996022,26572.026631398927,25552.464875655474,25957.75761010044,1253961397.8908584,0.05031315514759349,72.41787604595709,0.029074540530589235,23779.214567079194,22643.985974533345,24447.467576784285,23718.461857842347
2024-03-29,26244.247566642756,26494.46747467199,25852.425601158648,26101.282440168394,565011753.2434915,0.00552916905318912,70.19776501957656,0.028319760840716694,23944.258113220738,22764.013351896127,24701.900632689532,23894.967086162793
2024-03-30,26215.43148659135,26332.83473493905,25961.583542193144,26078.37298744469,689031453.2314465,-0.000877713682314929,76.79255117448909,0.028314838404445555,24094.937202144218,22874.456625135055,24913.66561034417,24056.70085662812
2024-03-31,25684.546827960974,26673.047649970904,24883.424242667057,25866.257360565618,915284346.927092,-0.008133775331045201,72.93950188881223,0.025778098773547413,24288.270270645487,22964.21583463736,25060.218187301318,24190.742079142005
2024-04-01,24457.38894700987,25131.563529292016,23661.06377172237,24331.775793235727,1251394882.984684,-0.059323679724507916,53.24349051299322,0.03496331257668062,24399.397346993086,23020.799708689225,24948.150126675842,24201.189020926726
2024-04-02,23666.904740619946,23718.83970935442,23547.696684866136,23599.483703986243,884245109.7529026,-0.030096121856139302,39.965024826098755,0.0371906354657367,24450.70395134671,23061.288764841185,24740.662984723596,24156.618256708913
2024-04-03,23401.712197163957,23850.860379818256,22734.2864800496,23179.163289891036,794497261.7920558,-0.017810576679023304,37.06013852934968,0.03378867737668815,24494.466427468935,23109.92566252214,24500.432262441664,24084.214185092776
2024-04-04,23975.19516205752,24539.10577647284,23358.171065026065,23920.802328171492,788357625.595369,0.03199593656617883,39.789577888877744,0.02880492643932765,24537.78023258708,23174.483870640983,24411.258426400098,24072.109603098605
2024-04-05,23983.59756866098,24702.17435349957,23213.37449149449,23930.35609930596,773681000.4197768,0.00039939175130476734,41.52229540359884,0.028368997227538044,24615.103102636596,23230.972972433094,24337.273453001002,24061.609343558408
2024-04-06,23184.89015241553,23506.809514233497,22808.690253645498,23129.84532476937,1612137934.8164592,-0.03345168668676046,37.47775840683218,0.028911120521184573,24631.90266752093,23283.069189267793,24151.515279426905,23992.58978661107
2024-04-07,23059.506878503165,23122.84401049911,22784.63135565221,22847.385858665522,1369198482.330491,-0.012211904668526508,39.241374114466204,0.028751993977714222,24580.89886331827,23297.06799020803,23950.87998392515,23907.759866022512
2024-04-08,23589.18533107407,24324.76651086185,23015.747475533004,23747.480599609768,1178723526.670531,0.039395961818662784,49.04915480734593,0.028865549646404486,24520.118211288886,23332.49115927286,23919.587770953556,23895.887327769717
2024-04-09,24841.712530855002,25270.373712509634,24367.371502276837,24795.23060569553,1148807657.2210948,0.044120470030112546,55.17925439339126,0.030862883087684107,24508.42071712281,23366.641661846035,24054.302053221552,23962.50534835681
2024-04-10,24189.621386791303,24620.279234850117,23898.122153083073,24327.123025136745,699048577.753818,-0.01887893635686777,47.738226752087634,0.031011143697638414,24452.438611966885,23403.251100384332,24096.274510439274,23989.514065155327
2024-04-11,25601.743591845374,26709.87548370439,24266.795533263856,25364.66588301087,1205316199.0909173,0.0426496325439738,46.449956485692326,0.032641536565020134,24463.252355434895,23452.516805037743,24291.41164468106,24091.377162774257
2024-04-12,23833.997213825238,24204.25226270431,23642.34941509077,24011.17974940712,1725818674.8296607,-0.05336108663313044,39.072231009208146,0.04037297367241178,24407.654394294004,23479.029364772075,24248.29904540815,24085.43661363595
2024-04-13,23072.0164417178,23423.774527726437,22617.214981283596,22967.37773595417,814927453.8741207,-0.04347150054043991,35.303527140291806,0.0419522137462926,24331.874306609243,23508.85839916851,24051.234228569076,24002.617437511373
2024-04-14,22831.030617139088,23072.025636278468,22571.408759410504,22812.205063709316,1199948223.0803618,-0.006756220672155422,35.494488140170205,0.04174312834105192,24277.583206442992,23546.007979868882,23860.614357052193,23914.438743155668
2024-04-15,22901.73084205675,23116.749307435046,22592.062949247906,22806.184353196713,237484181.28641212,-0.00026392496892735373,41.52331681943677,0.03812297342522752,24224.411642928964,23548.510353812697,23698.39435645904,23832.34582538093
2024-04-16,23385.986765861693,23536.037737142557,23019.442339230623,23168.095258221347,1337085390.2659357,0.015868980949191647,47.500174473590796,0.033219165736704054,24147.101253512305,23564.431352718013,23616.809879807086,23783.142079665406
2024-04-17,22630.050632563547,23284.849231477932,22164.628911246353,22815.61117287183,1150384097.3732226,-0.015214202178508107,47.87658056772181,0.03306925132239899,23989.993931650875,23538.3440283299,23493.548540278585,23711.47312360662
2024-04-18,22767.14179755553,22945.950922637883,22749.864158238102,22928.550792477217,815413387.248184,0.004950102749808227,43.74513278747902,0.02553345684132056,23831.357349266313,23545.68655826313,23406.625809847606,23653.478876856298
2024-04-19,22419.597872277714,22548.12885125606,22137.461552102104,22265.10683794719,634452543.2203485,-0.028935276395562703,40.302221650361275,0.020420619061164793,23640.694041791437,23545.01941223318,23231.00750647831,23550.63650360377
2024-04-20,22710.283756057743,22802.379154674403,22443.02594483103,22534.40812751912,421036473.2634151,0.012095216588538849,46.30370592951421,0.015755700335791795,23474.101580139115,23549.117143999174,23123.83837125382,23475.3603275975
2024-04-21,21652.66982572537,21754.189657569783,21583.405320161808,21684.822299783547,899436877.4548763,-0.0377017147700478,43.25787648491541,0.020684197855076903,23341.753905466503,23531.989947326743,22902.451283335315,23342.72788109276
2024-04-22,22543.05283647451,22908.960077328662,21991.497157726328,22354.341330459927,975847406.5945504,0.030875006556224438,41.69867597800751,0.0252303563772491,23279.49678679019,23558.406996620404,22818.126675200638,23269.514062527363
2024-04-23,22314.796508426727,22458.75057639276,22292.516219683184,22436.34892320398,941796314.2328647,0.0036685309368658103,34.115968571803705,0.02414136676783001,23242.35606845584,23575.54721017787,22759.39163643192,23207.798126281188
2024-04-24,22771.233043197877,22975.478949716195,22541.228003483695,22745.240773098143,914799600.8713598,0.013767473974997113,39.114653031148634,0.024445519317702207,23183.57799070217,23578.495783288796,22757.214580534415,23173.534618638
2024-04-25,22583.561455033796,23276.766001938846,21757.29679719636,22446.287713675134,1061534967.7382113,-0.013143543407840963,27.645578024166,0.02476678087605165,23109.374571420627,23570.01624843689,22709.37967794068,23119.66447752964
2024-04-26,22263.518364457224,22515.087465593166,22062.31624427413,22313.434240605013,1313201532.5016272,-0.005918728066074852,34.004315506475166,0.02209777512439655,23068.55401721241,23589.61990056549,22648.464995273654,23059.94371923893
2024-04-27,22995.03998241063,23349.598800768683,22719.018767661957,23072.646040846026,805867700.9610418,0.03402487452421976,51.04800979077714,0.02533030303240801,23079.817026321434,23603.30714108433,22713.723617669406,23060.88463195057
2024-04-28,23029.820729710376,23120.118895233893,22947.013638797976,23037.28496556905,712955017.5187154,-0.0015325973108751834,52.29556985087391,0.01816373567113705,23044.3072446194,23608.044610048964,22763.502286577044,23059.136508514897
2024-04-29,23994.2394086136,24415.92067571367,23421.838269815413,23840.823361723407,1367999708.8219829,0.03487990869389801,59.07577765687536,0.019017232553728152,22996.586882420794,23623.565253103934,22929.243990445717,23117.039238382193
2024-04-30,24260.73089854043,24614.801096460043,24082.835126719237,24435.622900469574,1603859345.2645583,0.024948783425874588,60.68220981303573,0.019640442168982534,23002.011876187433,23672.285791302515,23160.99459198785,23214.71210224052
2024-05-01,24673.424725495945,25204.928253900453,23992.39893664094,24520.610613980425,1367821771.933129,0.0034780252526003252,65.04749161792196,0.019907091241402983,22959.809112735915,23720.513318256446,23370.166287679014,23311.445325332366
2024-05-02,24751.78606226277,24994.359927775276,24289.848686246052,24530.251455671572,1028554417.6665211,0.00039317298589836014,64.39835651448226,0.017711524084541852,22985.762698049137,23759.651315031606,23548.64092890864,23401.72726091305
2024-05-03,24490.279569736675,25693.33910067473,23494.388508659977,24689.352777651442,989170102.9955901,0.006485922994608595,73.96564275114557,0.01605872717093685,23071.861450133998,23807.360095235705,23724.135059484455,23497.106928819598
2024-05-04,24032.794638695526,24312.092300275803,23562.11338873326,23839.160729497555,816721549.4163108,-0.03443557454950674,61.569738235298445,0.022038837159768565,23123.20923342341,23823.052785309483,23741.831316409545,23522.444247388335
2024-05-05,24096.638267201906,24498.384601854083,23534.729864113488,23933.76065466748,1240859084.7780344,0.003968257366244954,73.02514332857501,0.021869150894901487,23179.588048496946,23854.05002443652,23771.35890691077,23552.91212940901
2024-05-06,24665.385815534362,24776.05578928168,24452.119971342236,24562.327537690428,1084705085.1052082,0.02626277132508914,72.79703152020956,0.020124049971815227,23249.299662470403,23889.419494648675,23893.04638856918,23627.68364113356
2024-05-07,24534.35094671613,24668.730341845883,24164.576185389546,24297.65917380591,993342819.9582217,-0.01077537800431938,68.51915007891729,0.01852324364612816,23323.402062517107,23898.023439270415,23955.29450937483,23677.31145836855
2024-05-08,23095.72333852547,24084.86349084822,22017.6721965167,23002.834102669953,729306007.9857349,-0.05329011580390608,52.14257606929001,0.026929070914763285,23327.116228026745,23858.81824851987,23808.762139112543,23627.350172761246
2024-05-09,23084.346382113796,23321.784847712668,22764.12990147876,23000.708089400345,1393082751.8281236,-9.242397089503918e-05,54.85101974933912,0.026902143444011886,23363.8962905994,23818.248800527534,23684.446131464516,23580.932240660437
2024-05-10,21930.72306055326,22323.46603118585,21540.7228005239,21933.417848970766,940313957.2472589,-0.04640249492672921,47.14226515706377,0.029208627417209018,23333.846776671984,23747.981854941845,23415.057164927017,23458.89413757231
2024-05-11,23344.37518981432,23399.430318551334,23065.67361529862,23120.20005174957,646260151.4222287,0.054108402573221914,50.336000478733574,0.037956388929189455,23405.615664270284,23707.418035703824,23369.69453213049,23433.805686770625
2024-05-12,23000.908553337682,23718.194237206724,22237.131269657588,22952.92043928566,991298469.2439431,-0.007235214751147967,49.414817798172464,0.03781283239860678,23435.544619711574,23664.01366504504,23305.57544092359,23398.184557327295
2024-05-13,22968.84095799128,23200.07978859724,22612.52084231607,22842.487610462318,1339439045.0041583,-0.004811275720466801,42.33851945125481,0.03521853002598922,23455.85155407449,23631.203827461297,23234.331159314163,23357.02182052248
2024-05-14,23058.817158180394,23442.21024695463,22564.16700421366,22945.678973157832,558899573.4265811,0.00451751860196925,37.63261966267502,0.03561894450207766,23465.87346407747,23612.156865583765,23189.923130674724,23326.55197997695
2024-05-15,22569.56031119436,22828.00726558961,22500.455923194142,22758.324910542884,611677448.9276856,-0.008165113040852545,35.61646183432303,0.029535755285944598,23481.47532392086,23589.931051325082,23123.523404500593,23284.461085944797
2024-05-16,23907.745605183216,24207.42786271284,23523.251806431017,23821.857460862633,1272497849.3649638,0.04673158303610747,45.06685467107183,0.034672009465114575,23556.896484933743,23572.08213961124,23230.959413171677,23324.2682248276
2024-05-17,23864.651635273894,24163.46218141347,23606.815153578045,23905.187742879763,1167009228.0191097,0.0034980598030205368,44.48095361544853,0.02634335556452081,23598.523570035428,23531.030742266827,23334.686848511385,23367.299300238872
2024-05-18,23145.06034835022,23475.49845193789,22894.771027854193,23224.351679651543,1397330251.9006305,-0.028480682542683988,45.56722847761524,0.022965782321989345,23607.87690573955,23473.49212705649,23317.71220714833,23356.710587602774
2024-05-19,23423.16988580496,23511.271947144793,23393.20651891245,23481.234303139132,706860352.9884043,0.011060916878582239,46.81189169632823,0.022931367289890175,23589.89745281034,23421.549353370378,23342.86945268538,23365.934566531392
2024-05-20,22916.13564598184,22917.889173548745,22716.93515158838,22718.673569487582,1643995782.7260199,-0.03247532577747014,37.25189801589338,0.02667622608574487,23504.04998626124,23358.59767754882,23246.839316808797,23317.98930749111
2024-05-21,22722.823190840372,23401.111828554884,22205.537157642364,22880.242146165638,465837306.3593774,0.007111708180668197,40.057389351881135,0.026774953665805994,23422.0315628705,23329.56700460742,23190.439752094462,23285.56359183737
2024-05-22,22412.315631350815,22468.139886162775,22330.814727156467,22386.57486726484,1302107569.126454,-0.021576138737829265,45.12979798909673,0.02790400643197488,23314.847733450162,23305.30882787299,23066.76823135144,23218.971834461627
2024-05-23,22308.905244060017,22776.94304158787,21769.20670755072,22235.708854787936,523833387.9148802,-0.006739128847151665,44.09319402614346,0.017837526491297457,23192.165537306988,23286.439739170928,22938.912942649364,23146.137539670985
2024-05-24,20872.47467510799,21466.618391227017,20185.8976254485,20777.33309677193,762077438.810332,-0.06558710439770754,41.581898907707796,0.02640180182561065,23039.074155670707,23223.57035454293,22606.36219712976,22970.670543900687
2024-05-25,19755.585794091723,20292.426532039906,19415.3797227859,19948.89158930324,790459176.1958607,-0.03987236974110997,25.63650199656915,0.027378727720055285,22839.830702402494,23143.94106434288,22197.52056515645,22746.835065782358
2024-05-26,20134.016158387785,20255.002850354304,20049.0940887305,20169.92930477215,1495758435.41645,0.011080200344937285,28.79489235193479,0.027382510037137178,22620.21079075658,23084.742743942938,21885.58344817425,22555.95315755938
2024-05-27,20010.62490470088,20124.00517738476,19952.636919619195,20065.85713703843,1721858047.9887588,-0.005159768592203129,28.822830495068587,0.027446031673596674,22408.620688918207,23029.112169510398,21605.625554153354,22371.501600483756
2024-05-28,19502.127332410677,20004.707051995047,19124.134801102235,19624.345670448885,1639696931.7107062,-0.022003120204348692,25.911549359886948,0.025257911698296043,22239.696267307154,22946.649470927176,21300.81326435267,22168.00856862932
2024-05-29,19650.722356061044,19966.51108689469,19461.05267009672,19775.635731224655,900476063.7357538,0.007709304723651833,28.253856732236642,0.027547093466559487,22078.44264939837,22846.25757343776,21066.17056694836,21990.795765858606
2024-05-30,19581.171040034664,19750.20296629522,19505.767938357916,19674.440702145443,910892934.6457331,-0.005117156811269008,14.82637947515559,0.027656594450359687,21965.493792057103,22753.203926977934,20852.0582800556,21819.21390928726
2024-05-31,19901.292774387093,20498.115151368627,19495.582735333966,20088.58691251532,751233906.2660091,0.021049961045383814,19.351716528681308,0.020828249233542605,21813.91313509539,22647.68234756802,20734.601146587866,21691.019316933784
2024-06-01,21107.628610399966,21662.916198505653,20486.09641322065,21039.594190172586,1079111608.2763596,0.047340675668171794,33.18543584042453,0.022259140783482515,21718.246822639736,22588.25063638333,20781.52315329321,21642.76560384036
2024-06-02,20843.10118719516,20919.94314008301,20629.63158502147,20705.967970908972,940290624.9524888,-0.01585706531447484,28.890066928689762,0.023875940803235234,21611.420840662067,22543.022441082423,20769.899279080248,21573.37318658618
2024-06-03,20475.71817030431,20769.07822976576,20035.16883743135,20326.38943163492,1010678071.4439356,-0.018331842288529687,30.677416719951154,0.02520002318572589,21480.456363585923,22493.306128440938,20701.66699485789,21481.004019552754
2024-06-04,20167.78208119828,20865.77264679971,19534.015939743676,20230.049763229425,244054009.337053,-0.004739635080274418,28.36632361763472,0.023212942322931453,21354.042606220253,22441.783436641592,20629.11049768428,21388.340741306583
2024-06-05,20775.099930203945,21147.169767405765,20258.850266845162,20628.290839462188,1341143883.0259664,0.01968562019835529,35.419874485952406,0.023912900143279132,21194.364275150227,22390.98734826641,20628.984396419342,21332.04074857737
2024-06-06,21277.47863528223,21299.597840827846,21195.043125679218,21217.09956358585,1512489985.3552954,0.028543747453728008,42.125378478721,0.02461096042090952,21059.959866185534,22359.01711608069,20719.463652906496,21323.526586726148
2024-06-07,22409.806946986457,22853.35506160249,22032.656217113352,22475.105377561278,1169445372.201456,0.059292072896452774,63.544683363147286,0.030683440059743813,21022.49755108102,22349.94820778237,20989.56237977646,21408.828719380603
2024-06-08,21701.014655217787,22566.407454757544,20952.27521887458,21813.777420189916,1330160012.7796366,-0.029424910195598897,65.28547852468768,0.03155537435511319,20939.12470693356,22340.921619427227,21116.36469368622,21438.82491944055
2024-06-09,21537.272681470677,21799.901596080574,21300.807105516786,21563.15188293026,824203773.3991913,-0.011489323120519646,61.36438456649379,0.031100385463095213,20881.348622605692,22321.49649453545,21185.10118433915,21448.034324143493
2024-06-10,22516.071559512533,23300.91628482103,21888.26295442047,22668.847865606138,540472466.2546954,0.05127710404670327,68.25020955250709,0.03301170922015704,20870.77890857772,22341.177005851896,21413.369904534073,21538.46495684443
2024-06-11,21384.047984026864,21566.54266701029,21365.6397319679,21547.993284216303,941345498.5648775,-0.049444708793093484,62.31411463100441,0.04107032525321205,20828.849829425293,22325.05004492703,21434.081193715952,21539.170758871973
2024-06-12,21804.86997445671,21975.160743669425,21612.80027168944,21782.919613886523,1186756787.5259511,0.010902469040692475,62.71337426415705,0.04085073765507319,20806.21036738022,22311.981458740676,21487.74864297296,21557.22622961379
2024-06-13,22157.71155650933,22285.997686831448,22064.306018145464,22192.445727033708,750382777.9119201,0.0188003316546288,65.34861658786252,0.04021590716523941,20876.96599889331,22300.92555781939,21596.163578982305,21604.27952571897
2024-06-14,22218.58528259564,22757.348401308747,21554.97376306804,22090.634286507044,1478652120.4166863,-0.004587662026030892,62.686642319118434,0.033008702138521764,20984.0531337535,22293.812489276024,21672.23599552457,21640.305804295862
2024-06-15,22066.18216971458,22548.23381647171,21497.61420567481,21977.73363036846,1505782901.359018,-0.005110792866981795,56.651330856480634,0.030849939873564543,21074.443350033318,22287.098477071297,21719.2356316544,21665.300458079015
2024-06-16,22177.027798970183,22332.790154984064,21953.899771258253,22109.185631688117,1247865884.5370457,0.00598114453157339,60.2423234953726,0.03032828724257315,21176.6097747658,22267.82926888814,21779.22793935189,21698.180841309317
2024-06-17,22278.957523104855,22804.89986744994,21602.70297570917,22125.01108582022,1029006968.7210466,0.0007157863883244797,63.8646855053753,0.022085643908707573,21301.643045534365,22249.58379129316,21832.425346500862,21729.797896458273
2024-06-18,21898.121875794568,22262.290280463865,21455.683173424837,21818.527921038556,1209861596.9415088,-0.013852339490039278,61.86053726308574,0.010985383248158849,21403.787655025062,22209.137882479463,21830.287281045123,21736.370490871624
2024-06-19,22991.225290832266,23725.35719536783,22436.595469275526,23166.49914732382,1222073723.7640681,0.06178103450258332,66.59780893927399,0.02538214146943859,21578.390577283983,22183.75540741655,22035.85833739569,21842.30594690512
2024-06-20,23609.249962936014,23966.515079103334,23065.06415069207,23419.45724347567,1114165720.0209613,0.010919133466960274,65.06325521542651,0.02505301062801422,21744.934093832,22161.732340006456,22248.719707561842,21959.13196887331
2024-06-21,22439.53543363127,22773.477230255427,22296.336658171545,22629.068939295703,905039568.554537,-0.03374921527697483,51.12501284368173,0.029517514713516334,21824.407831288154,22123.70868967894,22307.23497398244,22008.756929645337
2024-06-22,24157.475160077185,24325.960160418545,23838.36603473078,24005.79313702875,759646333.6216776,0.060838746897904805,64.50102023786488,0.03600645076583459,21989.399089594146,22110.037496866487,22568.551614451102,22156.685537599664
2024-06-23,23928.116331990772,23956.715396793785,23871.26851069969,23899.833771974027,660370013.2412664,-0.00441390811167508,65.75968952494759,0.03656542989790316,22168.0713066111,22111.250957716013,22773.364254070013,22285.8076290348
2024-06-24,23356.244987814363,23931.73793727086,22673.609425844155,23246.395712325513,797982649.4747524,-0.027340694746369465,54.148324076112424,0.03940383643754148,22318.888604065905,22097.503658869173,22846.138324570857,22356.96230187115
2024-06-25,22829.326472548215,23362.764468800382,22514.727561589687,23045.19084474683,1343640473.6171074,-0.008655314573002837,62.390800237877265,0.03897582293092948,22439.733604330133,22067.160925010303,22876.761789213317,22407.942193936015
2024-06-26,22537.137832764594,22782.472998494155,22470.92645679985,22715.736920084706,848545048.3667113,-0.014295994634265452,57.60106404573816,0.03153317814820259,22514.66547215508,22035.52247993588,22851.988732424303,22430.74180328036
2024-06-27,21463.457737510445,21862.383052657122,21042.269625064768,21440.773321860255,1861989770.9539843,-0.056126886955499056,44.63208800450646,0.03659469080040465,22462.948869370026,22004.281264319685,22634.878669260605,22357.41080465665
2024-06-28,21164.16712541633,21929.783888317896,20390.68649351952,21156.008102607844,1104798926.0799572,-0.013281480801910939,43.49552698592778,0.035360745572258254,22430.060403490923,21967.38726458384,22407.360120544796,22268.418011912294
2024-06-29,21647.28610012323,21780.62010238352,21322.138983674642,21454.284212710732,743360618.559177,0.014098884281771529,46.44871705338355,0.021766313783307692,22424.617019979945,21957.804591858632,22260.73305780109,22208.11180456403
2024-06-30,21530.818934249866,21585.043028861237,21379.371932730304,21433.350559000817,1025530512.7621357,-0.0009757330285348198,45.34506866525697,0.0221001029335865,22362.84215464968,21924.06760200366,22133.44344260105,22150.722082670458
2024-07-01,20523.68862105894,21355.142651779723,19881.270054090583,20706.986615438695,1344956915.5955076,-0.0338894258068807,41.10385723144998,0.02282515907527286,22320.791821210798,21879.14892552672,21913.98854611453,22043.778714727363
2024-07-02,20957.161792655286,21406.397395654585,20420.304156367994,20867.620358224725,1360070907.92967,0.007757465910866346,43.92316338817517,0.024505772570906737,22275.02685842771,21839.65158048197,21753.008824900717,21956.655873504944
2024-07-03,21456.07864043593,21642.94590977147,21361.919625129212,21548.38182617504,1484379418.8855238,0.03262286050177243,38.69528441203863,0.030124927922999537,22242.823663384777,21811.705637542313,21721.52774817369,21926.413351480507
2024-07-04,21271.991534173783,21484.01498823547,21040.942343736264,21252.77425418653,996931261.3957744,-0.013718318821946518,34.952491103281204,0.021715778940126162,22200.93066176875,21781.594624415186,21649.411826021817,21876.51415908836
2024-07-05,20495.952343912646,21189.100988919665,19971.80830625965,20660.74275758875,829798896.6222965,-0.027856668946698027,35.942770845152026,0.023692269575412733,22135.081118129765,21718.372330349706,21497.30889241673,21786.45701823654
2024-07-06,20265.537280729874,20579.682034033318,20133.89861225974,20446.86551339115,1379464699.2165437,-0.01035186617959527,19.520701664151773,0.022500004773926247,22051.965112214915,21649.205885759933,21335.70221872049,21687.228017877624
2024-07-07,21788.318037144923,21936.189027755343,21554.126146284543,21701.407298940005,957057169.6494598,0.061356190988160364,34.2674049969676,0.03433327918786418,22030.784922870906,21618.7469981457,21391.964538754262,21688.278334993356
2024-07-08,22855.9442917185,24027.30107915156,21494.441028791738,22655.52649496346,1643052717.0207326,0.04396577525504797,45.946027615245534,0.033259300546345086,22072.63485156715,21602.23284198219,21586.358685863368,21759.926346842993
2024-07-09,23183.21016854001,24538.84537986636,21953.48949291291,23302.782175810386,1093899317.9395907,0.028569438939802128,51.66540707321331,0.03359967580027501,22079.449002991478,21613.915014108643,21850.42383816291,21874.21196380354
2024-07-10,23915.819508389348,24619.11558489118,23089.528811886954,23789.098381275893,1395800076.0351527,0.0208694481970626,56.80165187462152,0.03293927614983972,22097.93105988149,21632.09213881085,22148.68146018029,22016.055402134825
2024-07-11,25019.690007762045,25604.40663928976,24562.642794770232,25145.06906425431,583996745.8580995,0.05699966687454139,73.23475580442647,0.03361184475260984,22223.73106612942,21687.262022750638,22609.66416849937,22247.834191921454
2024-07-12,25392.204116201545,25854.38326891288,25067.34488300752,25527.789403612907,756278810.9297918,0.015220492669183683,77.08860856716575,0.02527540993551777,22299.830879458626,21753.103633727136,23058.60651236299,22490.793837231933
2024-07-13,26234.29939479907,26431.947315829304,25784.23681066406,25979.96861611966,476806097.6019779,0.017713214621033924,77.51740588460395,0.019105376137041476,22403.83762166591,21857.1563441141,23508.046836017864,22749.25122826065
2024-07-14,26967.539585139362,27344.144254453633,26355.01724665111,26728.280638343294,1059300870.0707129,0.02880342287093196,79.57833267108239,0.015163629614357996,22577.9318679668,21992.744125094898,24003.467420991004,23043.99414752603
2024-07-15,26255.17114941306,26655.08115004075,25865.931469546576,26265.68559086946,1050930568.0777414,-0.017307325290883635,81.99464188807386,0.02207450250233469,22738.956605272928,22114.659250816843,24351.50098558769,23282.637958144063
2024-07-16,26776.331697230013,26874.50669035666,26679.669748368306,26777.83929908651,1191778839.6604578,0.019498965920580646,82.69490008502868,0.02185913388773509,22942.06172422302,22248.898894057806,24724.783803049046,23541.541761176835
2024-07-17,27279.042401694067,27916.756896484505,26383.14137949073,27014.675653405313,925820460.2701263,0.008844490837125907,81.80105475894419,0.022271580414814928,23220.756840800273,22396.705493716934,25077.07485695001,23798.810938378945
2024-07-18,26588.44832847689,27708.967455660815,25697.625299936284,26810.6981389134,1321236389.1432796,-0.00755061867515705,82.68257133092712,0.01623953648737473,23503.49134261555,22537.406741870705,25343.786131098226,24021.91369397409
2024-07-19,26859.556616200418,27211.566419384166,26691.251709186003,27042.117565578348,1262822299.731282,0.008631607631621518,89.1866846938187,0.01602996543873946,23782.883010258935,22684.760279139366,25605.06789024901,24245.63249927811
2024-07-20,28627.459762415507,28660.655215140934,28432.232957210184,28465.24030563459,868639298.6968911,0.05262615757087463,92.8720403962055,0.023232533124698418,24134.477497590622,22852.293347001752,26045.094415692947,24558.1960404897
2024-07-21,28779.41639393904,28934.942264218964,28641.487234041353,28796.92917201582,1117488078.8006153,0.011652417573849716,92.09160164706448,0.022214966861409148,24538.974625419476,23007.440046638614,26468.453608973392,24872.1762724546
2024-07-22,28318.787951323993,28735.209887412686,27627.51040468054,28039.830326430034,1228475210.550176,-0.026290957659524272,82.70490135597818,0.024280509658436835,24897.58512382974,23154.117293749037,26710.20387319749,25106.817313489817
2024-07-23,27054.903054095408,27123.576497620415,26858.2686398802,26926.61645360731,540659799.0895809,-0.03970116294795911,70.83236905485212,0.029924337658646855,25166.496855201356,23286.121834188485,26743.49811633746,25241.617249794817
2024-07-24,26751.275313617465,26994.30738018344,26700.466170934516,26943.133837411293,610070021.3445978,0.0006134221814479979,69.16692888519214,0.029733765366494795,25451.014834362595,23420.383515672125,26774.211304194974,25367.655515544186
2024-07-25,26200.976734851953,26283.450231164134,25990.438151083323,26072.50726068844,761290825.1012183,-0.03231348595069383,55.989297765617685,0.03215585750042748,25721.603059517576,23529.267844096645,26666.256835963202,25419.866755925243
2024-07-26,25481.07312936227,25963.151926130256,24921.4526662008,25402.036155088117,442443714.8945014,-0.025715635972273554,49.21699926524359,0.032606371767627464,25969.361591602425,23612.96657592669,26471.761346597807,25418.54597067805
2024-07-27,24898.723873066465,25502.84830331412,24430.351955198716,25031.969883909784,952895272.761941,-0.01456837038255332,44.03631834178746,0.018446200287383963,26135.889720850915,23664.103866053665,26250.254967722725,25389.91070499151
2024-07-28,25160.79191409186,25503.173467838522,24934.99437725107,25276.33899045465,1240356128.4902008,0.009762280303075244,40.24777632293762,0.017946062453798175,26266.93034562548,23733.35509745896,26100.421740450714,25381.497985396185
2024-07-29,25864.877013391662,26226.00442910402,25368.667047831605,25727.881724715207,1403785816.6198068,0.017864245863733696,46.38237384074759,0.021982096080119695,26388.185323070717,23816.649694294658,26043.107891876018,25407.15604016056
2024-07-30,26372.97847153601,26986.25398363523,25558.461768429697,26166.946220062706,866135892.2571357,0.01706570715947109,45.8499197716337,0.02048305979513404,26507.077715010055,23886.611661383788,26062.159942366277,25463.436794227386
2024-07-31,26922.17887739566,27162.15233476986,26838.896874872746,27078.38711227169,1340046897.3137405,0.03483176388042408,50.39648085535574,0.025264475965170858,26603.743617410924,23997.219537944897,26218.502583890186,25583.062743712147
2024-08-01,27741.51135959406,28377.51661976868,27360.265471793875,27992.817088990254,1667584926.2363927,0.033769735727877004,56.758771742240725,0.022990437637556448,26726.995001679792,24121.41748744697,26491.474046213272,25761.5630655846
2024-08-02,26820.31242180201,27685.689862923104,26146.920873626914,27007.59608627345,924811945.225106,-0.03519549317186432,49.818286463334815,0.02560501572471564,26778.376375187487,24217.720494631765,26570.87743699176,25853.861807857847
2024-08-03,28347.955741377576,28613.072846790135,28268.514725781442,28533.112955080473,562290197.2155707,0.05648473355177153,50.353456696839814,0.028580458038090093,26868.617991024345,24346.57006800323,26872.75982439002,26052.324855800263
2024-08-04,28682.25397640231,28769.205271554896,28351.982531826816,28438.19395014142,568909884.2154028,-0.0033266263337086155,48.08459985459794,0.029708707710444877,26977.24340898794,24475.779274398694,27113.59584373639,26229.055899825536
2024-08-05,30035.398899308897,30979.966688408247,29134.03363831716,30077.342690147758,1268665211.7607932,0.05763898870934403,59.942433087799984,0.033396798630274435,27142.218578541004,24635.142415567883,27569.55689703045,26514.114180590146
2024-08-06,29517.775981312134,30120.266250715344,29192.93401812119,29792.402038570417,938055177.6627741,-0.009473597934257616,65.21396244346528,0.03562025343735592,27281.10489779926,24788.490234622892,27911.533072651982,26756.950318218314
2024-08-07,30568.027452992967,30993.15201296958,29940.612693600993,30362.8842260401,1501793350.9646566,0.019148579786588238,67.14635087485337,0.03496380114988774,27458.714202155592,24959.37736072292,28288.664019327076,27024.056533612522
2024-08-08,30203.371529535485,30701.42122857559,29627.780623841816,30124.530240194465,898719973.9741372,-0.007850176026466427,71.6918484264018,0.03517622964410143,27612.834835886402,25098.537982580336,28571.104976383598,27253.721252618594
2024-08-09,31197.135747072774,31260.989623353125,30864.95049886009,30928.25403167532,923064906.2220737,0.026680043973215772,79.16758001124902,0.028814245093593822,27735.98552218843,25248.71391834433,28933.743292582323,27525.908865882055
2024-08-10,31002.502885822887,31439.892473906275,30509.086105244296,30945.67393903977,915756075.1116419,0.0005632360412783921,82.4195849934447,0.024393709163978997,27843.42276053963,25415.04601833921,29243.271084345008,27779.22479722707
2024-08-11,30196.168413867526,30579.30202471037,30049.902392240398,30431.894180399217,625725309.1396575,-0.016602635950105804,77.4524173384174,0.026223382124525935,27963.02595323809,25543.568039206617,29426.136176045657,27975.718825610194
2024-08-12,29721.815321097576,29812.346539742946,29555.847313495055,29646.148053285327,902754882.3436731,-0.02581982319128784,70.1470116284686,0.018916563111847633,28099.002533221996,25658.49432483284,29459.98415715945,28099.4543239565
2024-08-13,28039.944676448828,28829.472178968514,27305.74521107146,28093.860966465323,819023719.6632621,-0.052360498369972364,58.890107274961295,0.0269953676164406,28156.538889674695,25755.44362991564,29249.811358591123,28099.04000117937
2024-08-14,27160.01500460912,28105.24146765357,26091.231682951086,27032.003057133497,1086915860.3239355,-0.0377967952001802,49.78892980776308,0.02600039624906953,28204.51367949695,25835.179874163372,28908.610081443796,28020.000227546345
2024-08-15,27072.699891885663,27425.01721160642,26565.986521123148,26916.26807647071,1838025369.7144017,-0.004281406021528378,44.71717015626937,0.02622473375696023,28280.22527556608,25919.190497291092,28602.095926832553,27938.24229042963
2024-08-16,25846.834148681297,26786.727297775782,25132.010462782546,26065.846573409523,822836172.6765819,-0.031595074794361966,45.316697987799635,0.018719692018986298,28331.919110041064,26011.691962322075,28211.903718613627,27799.546311391103
2024-08-17,25983.385679300845,26103.34633666564,25685.529896352302,25804.665434221555,1006646601.6545277,-0.010020052042138738,34.479815003549675,0.016728071688031518,28358.335432229407,26104.665108954352,27841.55936716869,27651.77735752669
2024-08-18,25444.362989476132,25762.074320822347,25279.755982147384,25596.483203449785,739528671.8862246,-0.008067619838065587,34.04117847336754,0.017763401575382982,28351.76550616614,26187.509088769137,27496.16303428886,27499.533346113585
2024-08-19,26133.136198811804,26358.110823661074,25667.972857916793,25890.861793817003,1720729309.0190926,0.011500743599321517,22.306102279811924,0.022255884945182578,28337.96128485385,26276.659313465458,27249.193612677806,27380.372490387912
2024-08-20,24596.962989301897,24938.25783525976,24217.66604931043,24558.42617823833,1303357488.6750195,-0.05146354826616362,19.59106962400068,0.02203290519601554,28211.963238152188,26353.688104721452,26835.22939199481,27171.339430228683
2024-08-21,25423.51270058317,26530.702098471833,24079.15441707392,25175.544860186426,1133471569.5646968,0.025128592421567175,20.02446321698649,0.0255542025508037,28071.099626711988,26439.846594760682,26579.893310178137,27023.502795410735
2024-08-22,24525.27452021165,24895.940974800014,24249.805911153926,24619.4149773424,227386507.69944623,-0.022090083290451923,19.315097554001184,0.02579527915018511,27951.69057126544,26501.267257784028,26278.281258972638,26845.422216294563
2024-08-23,24248.26158377049,24939.65517934161,23686.26395400387,24374.726494906936,1232026622.313333,-0.009938842277960491,11.043600205899892,0.0243645648397071,27743.771248256766,26563.706302598435,25985.426679885608,26662.407718413997
2024-08-24,24836.446102952843,25110.31968548409,24458.19180842871,24730.90154220116,1107631885.1882334,0.014612473595084108,14.487489874543243,0.02596584252385153,27558.406627859753,26645.109478290688,25792.42281254954,26519.333186842676
2024-08-25,23919.160023098313,24152.634509463784,23693.183263051666,23926.587577443523,1037229534.754756,-0.032522630175254474,14.02191374992799,0.027901134267427966,27250.86887222454,26714.703919571737,25505.371237917847,26327.277956516813
2024-08-26,22117.729991722063,22156.5693398367,22090.286511063397,22129.11173681099,802787859.3346508,-0.07512462171275425,12.610667315503619,0.035372169453671914,26867.704357136572,26723.258008329154,24985.94669928602,26016.302680983048
2024-08-27,20900.20026403129,21164.22452614252,20674.9566628389,20938.567437982583,811917122.5658815,-0.0537999135703211,13.081412159568586,0.035710018990340923,26396.48851773369,26688.918827189536,24363.2729667778,25640.174144464494
2024-08-28,20542.793316764637,20665.51637544166,20242.904916711857,20364.56322525284,1186077361.3273501,-0.02741372896831984,13.774877849095745,0.029066102042320612,25908.490166986612,26630.154448178386,23748.086852697037,25249.388150448816
2024-08-29,20619.48382411535,20766.068388861095,20480.46573790442,20626.99963052701,1156631797.077833,0.012886915489979112,16.365699055020926,0.03325101083818254,25393.427446929196,26566.912473163407,23267.9195877478,24906.989000824982
2024-08-30,21123.942137702626,21642.483893525266,20719.08912019462,21235.49293804017,637090735.065252,0.029499845756171705,23.481619362769152,0.038972817858397034,24907.918396879213,26488.720950639126,22955.23856471586,24635.02632950759
2024-08-31,20952.561801911066,21595.863077584094,20344.171981946216,20986.48815387125,1324531851.022211,-0.01172587727986596,23.513055156710436,0.036391076545359044,24435.648095552817,26397.894925644294,22652.35388612438,24364.76424242342
2024-09-01,22317.313001769988,22846.80711336166,21661.001220442748,22187.413370975846,781627655.2635642,0.05722373406639103,33.10354967653902,0.04667012414591175,24062.711361437345,26322.043820741415,22580.824576101528,24203.47899268656
2024-09-02,21804.80426618678,22253.73314765771,21571.11903804683,22017.765582416243,936099574.274736,-0.007646127366136568,30.56336829481164,0.03686153388675667,23758.90659223489,26227.833519622873,22494.20011553456,24041.5742956295
2024-09-03,20982.312037087228,21736.56544823243,20362.914203515942,21113.30082573127,940725018.2140496,-0.0410788621261049,31.93511986067601,0.03397573813577631,23462.97148066478,26124.78582432011,22281.75407094944,23824.665149711112
2024-09-04,20201.684339939824,20614.395149098902,19959.342560776244,20370.03382967437,960914477.710014,-0.03520373257558396,25.130798924779754,0.03519320200914825,23135.659768324964,25996.62971493187,21987.64326459943,23568.766533412094
2024-09-05,21056.208093597565,21228.168698645713,20708.5287909536,20879.042530675455,715296947.239349,0.02498811269815282,30.548172161220705,0.03618264935773699,22876.319566188256,25873.91705247727,21817.089305534202,23369.527718394565
2024-09-06,21760.77886897575,21803.588079897487,21651.828303821287,21694.507140715035,965911231.6712039,0.03905660946097034,36.84261216961522,0.03753529713056103,22670.81165151293,25771.593232513304,21798.230510946636,23245.452120047936
2024-09-07,22075.4626759049,22629.44966341198,21597.716113109524,22150.088093170583,1427492513.5700226,0.020999829565177874,37.4530586498719,0.037337195728289946,22498.49189599897,25673.75264306515,21852.362446673396,23164.314043982944
2024-09-08,21969.670777207393,22029.205128311984,21876.61443793022,21936.057702892085,940921079.0997068,-0.009662733140302415,39.733554949268864,0.030710989036306098,22300.751691452726,25543.168991010298,21865.238639937812,23073.332092791028
2024-09-09,22449.848705408454,23049.956876820146,21663.00296553485,22257.982346489323,626489556.0956179,0.014675592486009803,50.78399921953437,0.031089194206690516,22185.729499865276,25412.390054499767,21925.660748638045,23012.935815287197
2024-09-10,21012.33045877521,21132.627496034427,20800.605614826924,20920.376207673296,646112032.2686547,-0.060095570119229724,49.891276971573234,0.03593144810029237,21972.971067239618,25270.000972124635,21771.001588489624,22857.93139990839
2024-09-11,21246.34153938573,21530.917167907603,20862.436003849172,21145.66313573961,1269056391.3110294,0.010768779960261154,54.871436401819004,0.032634351321221604,21799.283475159482,25154.38190576728,21674.795672681932,22731.096713673665
2024-09-12,21735.11504189797,22132.462960704608,21159.64401863418,21553.674962218473,1265600063.9187043,0.019295295865621398,55.67626763893204,0.03214427729858489,21658.230898525057,25046.592728263422,21656.161717226016,22643.880287639946
2024-09-13,20894.079302927294,21339.73149872158,20633.125540555986,21076.49942503981,832036502.5088354,-0.022138940946966446,49.01017551459172,0.029557494181157308,21475.510792666988,24946.67257155045,21566.98290304352,22527.77800152142
2024-09-14,21896.738684686006,22079.93257532079,21794.39471898582,21977.212480212125,1296852050.5347679,0.04273542000538422,55.70489494462051,0.033471752345935524,21378.04203780542,24878.17609805293,21630.095145684845,22486.995370313325
2024-09-15,21917.36508884207,22251.94238788475,21648.98326632693,21982.7597961774,1114353467.023756,0.00025241217330318477,48.633407023034195,0.033234840527590924,21370.724440773738,24817.19189629828,21684.351245760623,22449.644587043997
2024-09-16,21361.00198148272,21729.72915290028,21150.11253111718,21517.296661659315,1332649711.8261704,-0.02117400812426773,46.785083649948625,0.03349865049602658,21399.660901957577,24742.011049722376,21658.650540514267,22380.58177775624
2024-09-17,20963.69018187616,20964.049433829427,20851.442072630918,20851.799407126953,765092373.1326402,-0.03092847884177663,48.26695783061772,0.026487402327271457,21424.022711051282,24644.489403370608,21534.51959691622,22267.338639191108
2024-09-18,21234.239372557186,21783.406707273036,20883.622900264392,21429.565047679764,1797756856.7996294,0.02770819099455446,57.179294531813255,0.028360880467563136,21464.15098190892,24549.741779922955,21518.372743187534,22205.281336116193
2024-09-19,21838.776243068063,22199.97761263158,21511.676129740365,21872.374269718006,946021752.3989164,0.02066347221947873,56.791662068337246,0.028502291489000707,21495.995048492812,24445.621523071877,21572.834516499912,22180.621553420035
2024-09-20,21978.418166941567,22585.227179129906,21260.852550469408,21864.51682492873,1591956610.0992918,-0.000359240596945809,51.30670746708,0.02648897001816816,21539.896482045686,24323.05551779065,21617.708717796653,22157.206388346607
2024-09-21,22012.8703556375,22400.835042723575,21428.321922341125,21812.75977084794,766809913.7229325,-0.002367171179460059,47.23566884630525,0.020816374343487522,21521.16380203929,24219.158791482136,21647.716572112233,22131.691824087444
2024-09-22,21929.83072795494,23123.558744911483,20804.69479820613,21995.07536196702,1553325541.3021326,0.008358208362187147,50.48616372905911,0.021113614539608815,21520.02929101683,24088.39803961987,21701.156385936047,22121.5720861526
2024-09-23,22092.17040228991,22124.470926660913,21931.841359142476,21963.954421469785,912302564.7779135,-0.0014149049269023273,47.456033613544705,0.01898185621807928,21562.561970803752,23958.913249046436,21741.58685294124,22109.8967035835
2024-09-24,23061.165390205977,23409.21441704045,22527.473730875623,22872.678025329675,1260371071.0086308,0.04137340600978545,68.24565945040887,0.01694506572424996,21687.694180586517,23814.819955750074,21915.600879462538,22166.399023712846
2024-09-25,21885.02707342415,22689.075083152624,21134.049941193603,21936.337259634598,1323278598.3611014,-0.04093708505222493,56.52253167230337,0.025168150580635797,21740.558917034476,23657.698660171358,21918.7910917967,22149.357411558904
2024-09-26,21720.524411353013,21725.289912769673,21536.67867835728,21541.404880797523,772394116.4431481,-0.018003569792109153,49.898561152461355,0.02504617275928976,21732.9038040386,23481.269073266507,21860.7316747199,22104.323890761763
2024-09-27,22004.790206015048,22416.804304259822,21806.78832164379,22216.893884175897,1120862092.7017565,0.03135770424985229,59.12851242287942,0.028060389283626433,21736.244093588866,23323.116346146133,21915.525860790054,22112.66240879244
2024-09-28,21073.81313706919,21792.358055877594,20466.77111034515,21182.19406089699,543744939.9566743,-0.04657265901674401,43.7697598055775,0.03376520293346799,21698.55091148911,23128.19514673057,21802.705583883428,22043.738827466852
2024-09-29,21276.093494712684,21555.379955172368,21159.213598700037,21437.61275555691,1091368102.5391326,0.012058179333340746,45.888903672086485,0.03401331388216753,21657.53243194249,22938.03392306091,21746.53745644858,21998.840599917967
2024-09-30,21962.016262038876,22373.641592971257,21626.586189129866,22037.065282032556,864240425.7982944,0.02796265299270595,53.84206677448067,0.03601822368690755,21713.366885660456,22770.13734509358,21791.23404499996,22001.672057852382
2024-10-01,22049.264478777717,22658.90800807265,21580.333870998966,22187.04712122156,563674366.953883,0.00680588986189945,60.68426467779616,0.031673401007964314,21765.43608493455,22620.955326452306,21852.12836441867,22015.403544027875
2024-10-02,22341.624188812035,22981.207430679046,21825.64801768434,22462.441014640248,1182725992.5991042,0.012412372494367663,58.68504129333912,0.027408694460877143,21810.874387555643,22508.326927415805,21946.02261829891,22048.5174307399
2024-10-03,22313.14826578274,22604.98607588893,22134.466383914852,22425.405249201103,1234893928.42069,-0.0016487863191273489,54.990786486528805,0.025904340333457516,21878.319678763706,22416.194971257155,22019.773792283864,22076.43504692221
2024-10-04,21934.806953494233,22114.026567887162,21632.919404332377,21811.128496709745,691885592.6884542,-0.02739200231457317,49.56573237987602,0.025856807155137926,21870.015479588586,22314.092179661933,21987.674516041694,22056.782709869436
2024-10-05,21728.487239769518,21938.258300454363,21725.46394319487,21935.20624104678,585130120.6597514,0.005688735654175492,50.984413608163756,0.016976041726893164,21867.637801832057,22231.47937301468,21979.602473734783,22047.7770455122
2024-10-06,21390.449469836396,21560.50920166034,21337.89840682561,21507.670156310065,554514762.4943663,-0.019490862316884794,46.23012818116916,0.018907249420225595,21867.156476564593,22145.53946745645,21906.997501823287,22007.769127793526
2024-10-07,21505.35992689941,22507.08353685592,20627.701993431438,21624.5608784469,1349592613.8417437,0.005434838887118598,47.40930831757961,0.014988624953105255,21905.794550130588,22066.101020956394,21863.545713611536,21979.38333154563
2024-10-08,20799.30912427174,21143.23706247968,20396.69481682779,20739.63602778833,1036356607.2700351,-0.04092221135184171,33.65848415710529,0.02001161649149855,21871.298099136016,21963.076505635818,21690.636531177195,21887.550197933975
2024-10-09,20852.156725734803,20911.909610480296,20676.712257931,20736.13267001574,715205005.7492869,-0.00016892088983111453,39.271652365886816,0.018207990116131355,21814.486019150903,21886.630635471367,21543.789783306205,21802.260010680773
2024-10-10,20823.382339279757,21447.044468031232,20335.491406030174,20956.04524864432,439380378.9370907,0.010605284125451808,44.59860185676934,0.019800360914902202,21769.062440336682,21802.240643240526,21453.367547204376,21739.57743571511
2024-10-11,20690.401113567827,20981.017202164116,20568.68175721189,20858.310055949445,1055495002.2765104,-0.004663818556184807,35.96747798850325,0.01816654380457862,21721.33995459176,21727.01854481267,21361.820240857465,21674.298370547283
2024-10-12,20770.21056632689,21515.821195973884,19992.20278584523,20736.607116234863,786316568.9216096,-0.005834745930429208,44.327841627049224,0.01741443895479474,21658.416542305153,21654.25615723923,21265.633606300144,21604.839759116734
2024-10-13,20666.758912312223,21183.419151480564,20320.7789793834,20834.628925170193,1016876853.9596238,0.004726993590894013,42.003813059112844,0.01712253191641782,21601.95026749017,21576.330704898606,21199.325193818615,21547.787104750325
2024-10-14,20540.07691572026,20809.71679184506,20279.73414377546,20549.257655235047,1367705287.7268913,-0.013696969164177952,28.477277242850164,0.016814593398788637,21485.77924898544,21508.784106454434,21099.314803267294,21473.821960341786
2024-10-15,20414.20984618747,20777.373397068022,20092.900927225463,20455.41591625002,1303319013.8044784,-0.00456667294553692,24.536518056727644,0.00788123928351963,21411.733181816213,21475.310190043216,21000.25343603387,21398.38447559425
2024-10-16,20370.61664102675,20696.869654180275,20122.153801633372,20447.469432132755,1398831923.625309,-0.0003884782470225945,17.84049111048556,0.007873436622073465,21357.036409382974,21465.48822992622,20915.209743126004,21327.94632422673
2024-10-17,19970.080984407465,20009.334225190447,19748.018773203585,19786.911976529744,1632429213.251509,-0.03230509564009709,14.879083291890836,0.012045988624871636,21235.537314000663,21453.93520495176,20741.625471341962,21213.79563180473
2024-10-18,19784.19742145103,20601.696634706135,19023.009827751594,19838.422747361907,1958405710.6555476,0.0026032748765074665,19.11405409132506,0.012687941744793534,21168.34874832391,21438.163667288456,20602.67120611426,21111.916158883036
2024-10-19,20566.006581659683,20653.66049080151,20381.80669186358,20469.047353282236,623535114.921871,0.03178804151676773,30.187469690199435,0.01945854509827287,21119.92047821018,21422.834755593296,20582.113690293947,21064.29624735705
2024-10-20,20908.50207971566,21075.755254575437,20698.62293849064,20865.532386304916,794797958.8522533,0.01936997976406074,41.24921330083951,0.020990319430823568,21061.343833423794,21420.41564024197,20625.716566603325,21049.572998390227
2024-10-21,19598.454513895023,19681.049081642825,19413.026251333966,19495.185608714586,1004738967.7468357,-0.06567514081211545,28.37093126352019,0.032723233008687326,20926.750757798447,21366.571084996747,20451.788726928135,20934.433191747587
2024-10-22,19735.597760109962,20004.194425094673,19333.57964155543,19600.33541911782,1466505275.3503695,0.005393629612647999,36.24933127071171,0.033062727648110274,20783.645478022325,21318.222481730776,20320.795910341934,20835.611134515755
2024-10-23,19216.669814543206,19320.874442906275,18996.648037351206,19100.221209602554,552395774.9330719,-0.025515594443728862,32.369062469511235,0.033759047458009686,20617.386276042398,21277.9608894082,20133.01518715126,20707.063732670333
2024-10-24,19808.75073464042,19816.35794546141,19653.54908108064,19661.099589012694,1203234555.2104394,0.029365020083021998,36.999285425694666,0.03475413416276535,20509.884830657546,21263.782204594972,20060.412787437635,20629.584907214212
2024-10-25,20193.155244432215,20966.68920177868,19478.2647678254,20249.793580049496,442609272.9436425,0.02994206851817105,44.4389581776008,0.03663090323344085,20425.614197607683,21251.19722558245,20089.548293993306,20601.452216313122
2024-10-26,21003.69772378971,21332.639520645615,20766.37184084482,21094.29001341296,766151102.1657062,0.04170395268599081,52.88731561535648,0.03806955190131943,20404.94519046283,21239.192883036405,20244.123943134793,20637.958719801998
2024-10-27,21144.94754346017,21215.172365654955,20943.27529188139,21013.06210725262,1286779746.2392483,-0.0038507058596753962,51.44427803945059,0.03761159895606797,20374.370251903114,21216.45236331805,20362.422122229844,20665.74415590945
2024-10-28,21237.09506346155,21314.907988700805,21213.171825857124,21290.92411355854,1207502449.350095,0.013223299150199486,56.0105205971152,0.023108406219949865,20401.934656191625,21203.549691531378,20505.26858243426,20712.053782401974
2024-10-29,20657.45158283287,21284.708401183238,20155.24803078524,20779.53683315746,427603893.652761,-0.024019026965363843,52.460202546678254,0.02703932670808131,20404.10486434871,21173.980781264738,20547.463697930136,20717.052526902382
2024-10-30,20866.547141476814,20895.458727935362,20725.06245624409,20753.817850947125,1111219621.4167373,-0.0012377071932275774,52.31904565374612,0.023205436388038403,20393.993494463848,21170.649614130216,20579.210490701982,20719.77588423903
2024-10-31,21872.979593772136,22146.30912124339,21652.974502386285,21925.77301752031,692566824.2172872,0.05646937710401567,65.02758140941603,0.02826440329196825,20447.36664254239,21186.251811765833,20786.37395636634,20809.109005222825
2024-11-01,21421.693167203142,21744.393292477424,21132.936684151722,21455.185347254188,1100483769.0641882,-0.02146276301821093,60.727599617350805,0.03062743591397412,20483.295554093358,21184.282019466544,20889.26801650293,20856.966512039962
2024-11-02,21656.17000999644,22020.6536428327,21398.573740298245,21761.80091243894,531754252.2405725,0.014290977226351087,58.96311526914668,0.027271193081928265,20529.6541534568,21197.988049214528,21023.50384664693,20923.991282439885
2024-11-03,21170.274266069595,22152.83346821285,20318.49541848356,21295.99623941609,1476179136.6519766,-0.021404693246531714,52.95614188072444,0.028951692783939012,20566.99108266585,21184.36372439861,21065.4257532268,20951.547205178864
2024-11-04,21971.83138509726,22247.87495274451,21856.63635046006,22131.84101150307,964883494.9834645,0.0392489162136469,69.54138566602306,0.03209396054622607,20650.8123374285,21187.345348705123,21229.489639115454,21038.976376017694
2024-11-05,22636.632234844205,22637.180433244743,22507.174730801686,22507.719807289657,1085975252.5613976,0.01698362081994098,70.71652495544095,0.029328041711548538,20753.824856186347,21207.153811617725,21426.140434219178,21147.772185741545
2024-11-06,22808.10388091291,22910.167326205,22675.76524934668,22777.69260795176,859307246.0754776,0.011994675736751725,77.09232613651596,0.028765600862619305,20903.36388775745,21245.671675634225,21634.071537870346,21268.507031831192
2024-11-07,22925.894508790727,23196.314774926886,22705.324170078817,22975.269399726716,1127071150.8406878,0.008674135487541923,75.79673414775532,0.02174650741476504,21060.206220375687,21276.585762675164,21840.409670463636,21394.933873897528
2024-11-08,22886.82945914439,23044.093996158845,22524.888688300205,22680.737082363343,937874585.6659133,-0.012819537052604746,69.82999352142872,0.020046378376292983,21170.790706829743,21292.753018928073,21969.6908107559,21490.178556006103
2024-11-09,23159.82195252834,23524.460951580357,22588.12705015107,22949.453917096474,1034625098.4264909,0.011847799908676127,66.70210906760934,0.01994240011642102,21274.98678336932,21314.451760771422,22120.423596346754,21598.27302719798
2024-11-10,22700.34438488258,22815.50817826592,22491.040593966824,22605.72435934326,1076604514.5411675,-0.014977679163735935,63.69164444667825,0.01846772607112782,21430.513720900755,21330.311052541332,22195.08525219237,21672.899051801334
2024-11-11,23453.878756180104,24052.028214195918,22696.42044354789,23290.400684130174,981036446.2071016,0.03028774101210896,66.06522066010245,0.0161647603968394,21615.01698415137,21356.217558984594,22363.59531864434,21792.713987529398
2024-11-12,23134.81758100432,23401.00141151627,22939.951690261663,23205.53982328479,859396949.9319656,-0.0036435981499969294,70.92655119651636,0.01601173112307946,21820.282914835483,21381.04926702089,22493.125242435177,21897.36775314091
2024-11-13,23470.647395602067,24079.21754429183,23078.051533723476,23683.06849350428,695700418.8541898,0.020578218557119277,73.44045294875887,0.016982351128463104,22021.381360060062,21397.257076384387,22676.19343490735,22029.641882056716
2024-11-14,23381.12725244849,24106.27781927499,22837.88650499034,23558.906520646422,1153385876.7959712,-0.005242647205614959,65.70173439909684,0.017386856280850932,22186.837007089907,21429.70846160462,22811.995448097972,22142.920744174473
2024-11-15,22349.304695493032,22575.72112303615,22333.477865917193,22559.745268373037,1236519890.8774097,-0.042411189644890546,59.639973152773926,0.02430078819794282,22260.109769837913,21450.075269356134,22773.18772814029,22173.796634855848
2024-11-16,21919.15322627322,22368.44945606769,21606.80547754025,22054.177610990526,1525319762.9607053,-0.022410166930886266,52.4660597460335,0.024841156132810224,22312.16554502481,21446.820943892424,22662.570787040324,22164.93596642138
2024-11-17,21934.746945298375,21960.488616941115,21807.540018779942,21833.162475276145,716176021.1199443,-0.010021463489268356,54.72589378875372,0.02459214787209088,22339.277463110688,21459.840312180007,22534.969508307375,22140.360152262474
2024-11-18,21113.768740653533,21161.392174986016,21077.774664631947,21125.378307347346,811671843.2650853,-0.03241784916547452,40.941195795909124,0.020863554940799264,22356.56953682018,21453.59562321582,22318.109323544293,22065.17631189839
2024-11-19,20527.183443674505,20800.541950065257,20301.921951179687,20574.75837907954,494346274.8705245,-0.026064381913402324,33.13269003929278,0.02079175920692591,22347.616563226806,21424.34948515676,22049.901485934333,21954.77498354144
2024-11-20,19701.138490578818,19847.01625399841,19420.18362870423,19565.053747925835,904564069.9988974,-0.0490749204705303,25.171409884174565,0.016007767953664546,22229.58059974708,21371.90961769084,21667.61721854841,21777.75859571806
2024-11-21,19164.68685577917,19526.12576830365,18641.09510190762,18999.417087674756,955556461.890261,-0.028910559998387098,20.926958959527084,0.01289001108194171,22106.792186768107,21302.64913915153,21257.124890721694,21571.955521048185
2024-11-22,19562.14128391091,19863.245611876526,19098.115377713606,19396.67278193691,975045276.15614,0.02090883590949022,26.34102396730961,0.021929890435808813,21988.535780243004,21242.074489806248,20970.90148937019,21410.823466299204
2024-11-23,19618.43151016748,19830.328304421626,19337.7582694923,19548.90410492097,871263445.2031338,0.00784832144644021,25.08365487150165,0.02447285660631651,21901.18117351825,21196.830001970473,20752.13266099339,21272.90351360452
2024-11-24,18515.194050499056,19048.76515669617,17819.26657019547,18348.020053956694,941856456.3372571,-0.06142973767322246,22.284498481697952,0.029325488700463694,21711.990125640932,21125.08627822867,20382.269182987744,21056.24547955653
2024-11-25,18955.312908004315,19194.97380576341,18859.29894852547,19098.235901364234,1422865789.8895185,0.04088810919114727,22.94200223258231,0.03776178549238447,21541.515930344664,21076.897593129757,20184.725601199512,20911.20773302377
2024-11-26,17990.42481170056,18078.216157414012,17815.22454885111,17902.58725670649,1111553740.1213396,-0.06260518776879997,20.064899377474305,0.04204064000485346,21297.7606627824,21002.458120694948,19833.62739435443,20688.346957000267
2024-11-27,18098.092992299768,18363.88259512001,17837.79258064133,18103.50435319137,1581998456.1754746,0.011222796660835366,17.488104263805553,0.04099439376612084,21054.17241045563,20949.73548720301,19567.45461879088,20496.877134495902
2024-11-28,18262.96503556189,18363.69915612083,18127.17963451155,18227.71934834087,1142506954.933703,0.006861378478228319,18.935578814741575,0.04051412638466082,20831.52152375451,20899.56722076951,19361.34150026011,20328.79137255849
2024-11-29,18058.196564084894,18390.2143752933,17826.210748326153,18156.959791209327,935813409.4069852,-0.003881975346410216,21.232857606287126,0.038904378937949624,20591.89681746015,20843.58551162081,19176.05200655999,20167.91495912522
2024-11-30,18419.044395597142,18699.175123632256,18137.839540984576,18417.953680602895,1453933067.0805073,0.014374316647433938,25.457059682818482,0.03944228540436193,20382.50828352313,20794.77838411388,19059.42149487428,20038.288197753194
2024-12-01,18875.489652727018,18946.150260812447,18641.99246681872,18712.04120379486,1637051368.9720836,0.015967437441309462,29.139550466217116,0.032058510114803034,20153.590309506366,20754.28706586508,19005.978373169753,19940.047679682208
2024-12-02,18811.89416358268,19356.679522790226,18330.203804958717,18873.413912381217,1347589827.7894242,0.008624003486783272,33.76270403731898,0.02778110681726983,19936.984013961184,20715.062765609302,18985.583840740746,19861.037770993247
2024-12-03,19506.019316417496,19646.659078026747,19252.569252448753,19392.389736853234,1212618764.48783,0.02749771858347061,41.435708844188724,0.009579604593053204,19722.450076128633,20691.925407241662,19048.16936321959,19826.32310179769
2024-12-04,20998.185732286944,21612.061389139373,20241.998087857388,20851.588004131474,1415848142.6575956,0.07524592312133582,58.74908629613009,0.025902002505047844,19587.084150302886,20699.848848999292,19325.618384898342,19902.26865011871
2024-12-05,21491.30631126717,22353.52619558194,20722.17460539716,21581.17815275448,736506002.554237,0.034989668339814095,67.17431057974991,0.025582670665193354,19538.155794521957,20722.523023411726,19672.627579953132,20026.63231698062
2024-12-06,21763.81365379858,22176.58982291782,21236.30765396983,21646.865769749133,740295171.2057714,0.003043745643991569,65.65944797806563,0.024400184746473597,19517.790202459888,20759.722099276114,19976.356532229438,20146.649609778287
2024-12-07,21320.040959396505,22243.64766237735,20606.73463026502,21523.53308093081,1008046473.0629048,-0.005697484805891606,63.79724988974588,0.026991633643573217,19502.308732742626,20793.424305947494,20214.38369356811,20248.640978011805
2024-12-08,21377.287427121664,21780.26815414701,20858.798890961694,21259.5603588922,1028916246.8261559,-0.012264376905317786,73.40855046101831,0.03011319462546483,19509.017835319864,20809.23456605969,20375.18010361797,20323.523895114056
2024-12-09,20475.588214601466,21119.79434724733,19825.826710358608,20469.85238132827,860237895.335511,-0.037146016391332304,60.958099551606,0.036891415612687675,19503.772535432297,20801.32096596016,20389.745069419558,20334.363042241035
2024-12-10,22309.289455934562,22567.871014033335,22130.209798153293,22388.158265740705,808766282.4905703,0.09371371364466863,82.12645679192742,0.04820938123257753,19644.927761323044,20859.18041910068,20697.193253468966,20486.49602175953
2024-12-11,23047.61676847704,23321.255757701852,22617.84011570723,22889.603044770458,934896919.1297563,0.022397768189672096,82.86413280154225,0.04218801983449454,19839.43705917783,20924.965771613737,21034.48706751535,20664.503949389968
2024-12-12,23336.121272441767,23375.87742819714,23155.98370271814,23195.500292114943,1202983009.0494106,0.013364025874375018,83.28127692705213,0.04118739713521488,20029.378434686732,21006.871353263985,21366.95064053067,20851.985159962187
2024-12-13,24255.116017603472,24440.45192565311,24236.470173517853,24421.678038911352,794101806.3615474,0.052862741969537774,86.34356411439181,0.0437934165388993,20273.017131386252,21102.082922261954,21836.908701820008,21116.406854699162
2024-12-14,24373.578016832846,24533.475419110135,24154.16427671361,24313.668657047416,471310066.6770966,-0.004422684702166779,84.82094115818401,0.04368009787110818,20571.299561540785,21183.360423801914,22217.948694931914,21353.241062280515
2024-12-15,23573.554576553463,23762.3705875723,23161.137976911894,23348.148563803927,551567481.5181392,-0.0397109998849815,75.36942864090183,0.04791374412153002,20783.79519466277,21228.437594809733,22391.825597835305,21501.011988319286
2024-12-16,23614.996620750164,23837.30130124952,23567.925003692344,23789.881088135968,660168674.7471709,0.018919381257358037,76.10267883011885,0.042199142313651364,21078.159886234243,21283.973974427397,22606.91105788156,21670.557847564967
2024-12-17,23516.729252604007,23556.505532135252,23393.62538616748,23433.26048633047,521761168.7380186,-0.014990432297004808,71.83027791046604,0.029774096962293353,21344.647692891198,21326.82070188284,22734.041739181393,21801.12841339945
2024-12-18,23163.23439752915,23779.59156518557,22717.8987327126,23331.029869547834,961180257.9451576,-0.0043626287874992675,65.69618671593997,0.029166934385803804,21599.81321895155,21377.850562610645,22825.886066930078,21914.45444718822
2024-12-19,24015.809332348552,24943.236126882053,22875.63159355921,23794.51249164709,1482615137.3169658,0.01986550206702198,64.50012324871764,0.029648016110862097,21881.690853973436,21438.664455424645,22974.90551688654,22053.718006037023
2024-12-20,23349.302581710985,24318.107421725585,22412.29208302239,23379.870239039188,888620199.1417365,-0.017425961248563437,60.85695852304425,0.020988005741083005,22129.786681895253,21467.746399855023,23037.2077818331,22151.951504777924
2024-12-21,23976.749872555698,24195.574896716673,23858.581665724534,24076.91304074464,1000295220.6889657,0.029813801128012463,64.92369058814737,0.02502305920486916,22398.030273742737,21520.18095372483,23197.16243705026,22294.541248182868
2024-12-22,24691.952439863206,25049.205929191834,24522.230390713536,24878.203667789316,1178611338.5084085,0.03328045525141343,69.89992002158947,0.021177858452109365,22698.269761513144,21582.50900883184,23455.784164856268,22485.9236496352
2024-12-23,26526.714945652424,26613.675828613636,26314.4394101996,26400.988130748,1311407384.0651958,0.061209582624740966,80.18333892194745,0.02897581330075262,23048.699681207883,21684.608846658477,23908.89246730115,22775.928426013925
2024-12-24,27826.324470995653,28237.6597203396,27152.87617775239,27560.278675804813,1749218946.9566948,0.04391087709731001,78.52429702585714,0.02719727105150082,23384.13421479155,21793.17759994451,24470.644191686326,23130.324740813252
2024-12-25,27395.166745392922,27442.58506096432,27371.279657632793,27418.67747313489,1201715851.4022808,-0.005137872673045107,76.01026042072394,0.02733209947143534,23676.00918081057,21891.396753261415,24924.187773447644,23447.980498763005
2024-12-26,26323.63285687804,27432.085142848933,25392.470017677806,26494.86519184877,730007372.6488001,-0.03369280966200061,67.69241081452412,0.03499008974993356,23918.409151915555,21965.740204939357,25165.830453201663,23673.6756612138
2024-12-27,27065.838343039955,28171.488679176786,26123.48117405999,27223.637386641105,947582415.6137829,0.027506167308846807,65.87182854292448,0.031814723530798825,24203.414367201065,22050.707564677643,25482.416135269268,23936.635789023232
2024-12-28,27519.881313846592,28542.501605616897,26648.880959170623,27666.849721603907,1273762359.19155,0.016280423099533703,68.29932436137518,0.031701021896512464,24523.778835336652,22150.429817462456,25818.482840859215,24212.947932177358
2024-12-29,28107.41036328616,28224.860078718233,28079.95873886778,28197.32064175633,1539082636.4227226,0.019173520855835013,77.7826278424056,0.031195998121510415,24910.152248358056,22255.387151955656,26184.45788715108,24508.086651405432
2024-12-30,28191.51270241093,28725.703511814503,27702.71794798668,28236.135078322168,1188298469.9666858,0.0013765292475469426,76.70721841375345,0.02514141055637564,25202.55108898713,22367.99536633523,26500.10053194663,24784.2383867326
2024-12-31,28350.091127871718,29503.13140653695,27258.70793906788,28409.462615095774,547868747.8662692,0.006138500764811594,80.56344285000152,0.02019649882856226,25478.544067503393,22470.376604954545,26793.84854473881,25052.7735147595
2025-01-01,29430.380765334296,30013.92342335899,28729.532436359383,29310.702118088615,681775900.5301758,0.03172321543716761,83.44416618294115,0.02198476429499495,25784.30415880208,22592.479850850617,27181.056786792622,25368.17563352462
2025-01-02,31519.808655704972,32028.798137787915,30816.25170822976,31322.047698619182,888219977.0849882,0.06862154213935723,85.88762778047902,0.022269667956659387,26129.32264178747,22745.259434952917,27818.132311689016,25809.203193901994
2025-01-03,33038.98747329972,33466.69992128671,32801.44192501329,33227.796860773095,981835036.2542546,0.06084369644319021,91.10580682720656,0.026252503825019147,26575.029051973754,22938.637241755452,28650.38839616349,26358.728650707264
2025-01-04,32918.90675031793,33387.985741455115,32218.357419952223,32684.090387991557,571409431.5988475,-0.016363000985581633,86.3927003905203,0.03133088292343041,27041.826143183134,23141.12414414782,29270.957933367805,26827.273964580178
2025-01-05,31595.995579336926,32317.488231112256,30655.282725579946,31371.652517070805,353272447.49707466,-0.04015525154106647,76.31789768886311,0.039872859571420526,27420.91471462988,23327.47364226943,29594.14171547596,27163.894598098002
2025-01-06,31817.741386902628,32431.472832751035,31282.495819697502,31894.92880062545,1239762700.208223,0.016679908183667047,74.23001400137872,0.03935187385331604,27843.998130344622,23528.708968776413,29948.10895934511,27514.341576062998
2025-01-07,31300.503758458708,32055.890956410723,30435.513814779533,31188.190513630372,1107014095.7640147,-0.022158327783481924,66.66548983513479,0.04215262723242669,28236.856162548753,23729.965212902072,30138.890736927457,27786.47853440132
2025-01-08,31265.213912405652,32450.158364623592,30287.073404412513,31465.74421300077,1207728179.3541927,0.008899320377342645,68.36161104771114,0.041445388985680516,28620.417748616437,23947.7849295805,30343.022040938737,28059.016732816097
2025-01-09,32496.455678288163,33295.929733690165,31453.557638312028,32246.891955790554,872143379.3245211,0.024825338231378558,76.4393120889983,0.03390008445106842,29063.768834454007,24201.421693737797,30635.925104762093,28369.229712295684
2025-01-10,30139.08658236842,31432.197577868286,29100.577131296282,30385.20748223772,1144651487.1528995,-0.0577322141961818,63.16146836833774,0.030608363291034033,29379.183556528656,24429.13750162905,30597.353162835265,28518.56139895806
2025-01-11,29841.09375413569,30833.72166567356,29015.435261610975,30003.56776008093,1413490286.7505887,-0.012560049898618919,59.77777339327557,0.03055765300913702,29635.451761143242,24641.275401191935,30506.001562411522,28628.561870152345
2025-01-12,29647.77266648023,30104.322994179773,29209.128204910794,29665.417474307047,1345662892.583637,-0.011270335863982961,56.243601370490445,0.027917734530485423,29798.673228321197,24843.605668579658,30376.680933472373,28705.36598897862
2025-01-13,29735.56828094792,30956.708625908595,28268.67900861818,29479.295069850818,1192082043.2539296,-0.006274053099621035,55.22155393834042,0.025860559685124605,29894.624048023492,25066.23116889754,30238.621569838288,28762.69406904323
2025-01-14,28763.523589979275,29360.50861475273,28443.108476627025,29037.046555784833,890199340.9382213,-0.015002004390474166,52.57776176115841,0.025479766351832085,29975.542502155993,25265.007381985946,30053.763875368524,28783.016475468536
2025-01-15,29049.78155928853,29598.85242595438,28415.368154454005,28962.7948831227,1252148401.9880433,-0.0025571358478033712,48.46683573414325,0.02441882110305785,30098.938986719684,25486.211534514274,29885.92249194609,28796.33339455403
2025-01-16,29025.97898769116,29921.598748249475,28192.72569695117,29086.605055555297,1448979563.501065,0.004274800582340976,38.18291123799138,0.020191752904261336,30192.087370165398,25705.873548561554,29762.9505786552,28817.834999072642
2025-01-17,30340.384027451997,30816.87320646855,30055.993441551356,30530.698737024715,667273754.4344871,0.04964806579218184,35.010894138992384,0.022484607878711534,30335.279820936434,25951.93313633523,29881.065679942818,28944.713794476498
2025-01-18,31380.094883811318,31723.064497415995,30734.95973319821,31074.590326305006,942105537.9319985,0.017814580464243113,41.05539757036582,0.022386105683722124,30479.14330516387,26210.285747037142,30064.68485630623,29102.482426463797
2025-01-19,31232.440310103728,31982.501489548693,30355.759340114004,31102.704864149335,965661178.9402418,0.0009047436361704353,48.25646758864602,0.021338595100640182,30622.471794455232,26463.980770708073,30224.380242128245,29250.64705147754
2025-01-20,30411.733344163873,31233.75129833391,29881.416780324143,30698.435257101857,714293208.2715199,-0.012997892267352595,42.12181834236381,0.02216943671793419,30736.920426555538,26703.70865177421,30297.311782893416,29357.890622264527
2025-01-21,32203.47644625928,33167.24432385152,31170.919789589796,32132.565482992395,864068314.6272699,0.04671672070187238,55.67457441993814,0.024562835946501497,30878.013594800723,26968.891683186434,30579.658505985568,29563.422093429555
2025-01-22,30898.893817063316,31656.613512890613,30137.463832016732,30895.090254794774,1124781924.2346525,-0.0385115601445708,46.92569700259354,0.03156546053159934,30856.665722609505,27198.94569354526,30628.18646734083,29662.064179456607
2025-01-23,30192.62631163346,31069.51251797657,29591.421695488592,30462.925621042996,1381313090.1529737,-0.01398813307187885,40.013675560806995,0.03281781301652678,30718.422160622995,27391.172445883494,30602.76172175655,29721.387249203748
2025-01-24,29505.432126665753,30060.866503306665,29114.421333849205,29667.70524074888,1171244098.5814257,-0.026104530805301174,45.43897589707956,0.028670602401614776,30567.602903260868,27552.90298764339,30458.906878524598,29717.41080413302
2025-01-25,29736.78952974995,30063.569999986084,29564.290235183646,29890.180901783056,1604814035.046364,0.007498917062469745,49.264334937741374,0.027624183781746463,30493.529322496477,27717.769290284064,30371.410574410515,29730.208589144135
2025-01-26,29879.799437531,30751.543891600206,29145.28402967249,30013.73600931081,1008763998.9798658,0.0041336353210355,52.324657934822596,0.027769911904756903,30399.469682930747,27887.57334885166,30316.383718241326,29751.210620267593
2025-01-27,29409.954488229258,29913.749107565418,29033.483457238217,29535.668832036365,1295429810.7582836,-0.015928279542611445,50.362123850674664,0.027936550523381006,30316.843598851043,28053.095518314545,30196.273735748255,29735.244561880096
2025-01-28,29370.53514978315,29526.571299114403,29263.142878355477,29419.001811138747,945567559.0071328,-0.003950038225343122,52.56064423527391,0.016458676309429578,30214.50647875794,28232.078506910755,30076.693439654482,29711.81917293629
2025-01-29,30440.298837904345,30945.622409706877,29722.508889963265,30224.245878943395,1160830672.796178,0.02737156321530132,57.70193801992952,0.017823902978781798,30113.374174915585,28388.800259174808,30099.3938149297,29749.776706714598
2025-01-30,29885.14934097838,30010.44417960795,29855.753345783698,29980.953947916976,743835674.7987378,-0.008049561666513383,55.38202791387649,0.017348457181279617,30093.161498199548,28530.62727723774,30081.172296927743,29766.90094680366
2025-01-31,30317.251486198034,30841.88736848801,29829.234201392024,30353.289971602782,1409656643.2381032,0.012419085274358865,48.77427705797621,0.014329478573310994,30110.64760877564,28673.783070827496,30123.036554570055,29810.337170862855
2025-02-01,30359.762521977285,31350.93748682148,29585.61430987153,30571.392879959967,1145636234.9903488,0.007185478363671116,46.35950579627364,0.014314859077580316,30155.946379058285,28796.77736764847,30192.01445078389,29866.711667833013
2025-02-02,30619.8566752872,31316.21743303389,29691.95288430295,30382.925318355097,1069263561.9951066,-0.00616483397877543,44.91067771793232,0.014739227706305305,30201.127891483502,28918.16250087462,30221.385353487152,29904.949716019833
2025-02-03,30851.978816881707,31550.09871645798,30079.324991831945,30775.71928750759,1327996525.0980234,0.012928115546372076,50.54733795405665,0.012856382799127505,30288.061528069637,29066.713915348697,30306.667497182607,29969.451165759667
2025-02-04,31140.510958010997,31464.179260380137,30805.04398496563,31128.588366278007,638451383.8342301,0.011465827182588484,41.60376040668321,0.01217776427435051,30396.3512022274,29213.488060911535,30433.116861658822,30055.313180612877
2025-02-05,30005.65262672087,30343.3144519582,29662.549009961032,30000.148900257424,1098527822.2057838,-0.036250903919659794,42.376594043740006,0.01786719804973776,30442.028394462504,29344.825829190075,30366.506406058605,30051.22693762358
2025-02-06,31345.38728779111,31455.352714301105,30940.10580173077,31049.031557427676,1095566730.7880929,0.03496258170776123,54.51795110352206,0.021940019810262,30467.94503548266,29499.185862947674,30471.5102755,30125.138390942404
2025-02-07,30138.250728837997,30919.100745539872,29484.99539791755,30263.138437295158,816510757.0906055,-0.025311356931662865,54.59645911360727,0.024376258776102378,30427.372441032163,29628.558381860632,30439.45306962233,30135.360616598162
2025-02-08,30243.584245530874,31202.17551483703,29274.925044566193,30233.186758342126,874501988.6320926,-0.000989708288685609,52.72895604499401,0.024160037965618674,30383.896535741806,29765.624712246692,30407.719790963834,30142.606997468083
2025-02-09,28193.141358668705,28671.821796136835,27891.69987650537,28368.50531991998,1296001832.3997822,-0.06167664207305679,39.75022036091847,0.033365565518406345,30267.400038882704,29851.4565578302,30093.99448772632,30011.192058390447
2025-02-10,29444.64542310737,29705.657687001047,29311.518519895955,29571.95518323913,1144642465.9812331,0.04242203985537807,50.207325206782976,0.03815419428350274,30139.36952389505,29945.331588139197,30013.680748574443,29978.65599356442
2025-02-11,28862.13437491919,29258.146509072514,28556.490939404015,28951.556117649547,1761906245.9495382,-0.02097930494434186,47.47457778369147,0.03778178703659088,30042.192817037787,29996.342947877227,29850.276959201383,29902.574521274433
2025-02-12,29216.366787846706,29744.596006955282,28851.39954986337,29377.614482724177,1177687760.80069,0.014716250944967202,45.23057729914291,0.03670552508744894,29987.927260121844,30032.689664015612,29777.559655127967,29863.688592492934
2025-02-13,28975.395189961175,29400.94391538528,28559.747284725192,28985.1559928264,1122852823.7283106,-0.013359100008905278,44.4829815886959,0.03284704056156689,29953.79979772572,30064.019234409443,29655.651399389266,29798.612103628748
2025-02-14,28337.096179724613,28716.177067688754,28215.452245836965,28593.432746233106,1427732740.9823875,-0.013514615780927386,40.27076531908999,0.032185270262404225,29888.962389948218,30105.99058549713,29492.233145057548,29709.33955863648
2025-02-15,29158.33133231548,29548.96666468054,28487.93199504913,28874.76842377455,1221090836.8159032,0.009839171114510714,40.68546582469658,0.03281154936440346,29832.01401067141,30139.0132062398,29397.23857255247,29647.51947457263
2025-02-16,30153.966765600846,30818.25635796994,29305.75214281563,29965.898607989275,610761552.9293746,0.03778836138877306,47.91696329558614,0.02542795315473376,29853.525499469055,30184.994183967505,29484.724731850438,29671.103114084974
2025-02-17,29307.929391532434,29509.14440297745,28953.46216792183,29153.617745271258,1158047611.3978426,-0.027106841458158448,42.22353291651764,0.0232902774732035,29840.256296175685,30204.120126037804,29433.78519545364,29632.770864543218
2025-02-18,28430.561899655528,29141.475843059223,27536.580823324803,28242.79972234762,779157613.904059,-0.03124202391901687,36.86785855631352,0.02496169010265066,29741.183988345892,30204.253418918313,29250.556661129638,29529.810039195392
2025-02-19,27263.747070551475,28290.226223321195,26511.275343162182,27530.395085935128,878800956.9231948,-0.02522429232994161,38.318774763516565,0.0247293246064683,29618.6560452468,30186.6720683351,28985.91641879202,29381.70522784278
2025-02-20,26286.937317223466,27384.759193843747,24952.984914459128,26040.515470689454,1049117474.9616435,-0.05411762564958,27.259785070406878,0.030140274008662808,29403.017320201132,30121.26833538712,28532.77781139163,29134.209690275868
2025-02-21,25345.430363809333,25494.916923327695,25079.968118022512,25228.76659828246,1921194913.1753182,-0.031172534711176536,27.19593275876862,0.03074788039410874,29135.886006117256,29999.402713380383,28024.468393990217,28844.917609387467
2025-02-22,26735.659204704585,27168.727061811376,26483.52711883804,26914.9045925815,963867521.1800727,0.06683394480385862,36.93024337346213,0.04388001133235462,28962.484969828576,29873.14486801655,27853.766270696568,28701.953682216656
2025-02-23,26562.12922164357,27013.011047923235,25861.346612873123,26307.913221289313,739075660.3589272,-0.0225522393811306,40.991408577223154,0.038742113999476725,28739.094666517667,29745.62132468251,27615.942724633915,28524.617351777593
2025-02-24,27109.81215953067,27915.908666341256,26464.733528232046,27267.08766071543,1374538147.9755304,0.03645954095096826,39.70355545392399,0.04336975561169678,28546.019631239535,29663.530027555396,27562.272714800303,28431.467004291506
2025-02-25,27760.664326073056,27976.332397735827,27558.922869398357,27774.49046417026,755640827.9806058,0.01860861745737008,44.68811355547685,0.043146766652722046,28434.73670943518,29581.121260826298,27594.921599318757,28382.802075393636
2025-02-26,27558.02603278781,27761.250607410188,27426.808507868936,27629.69184576453,963746357.7843895,-0.005213367229635502,41.90648022489005,0.04196705514826655,28263.76972385202,29509.95128746898,27600.27086800272,28327.016132458146
2025-02-27,28866.724014576594,28968.42187629283,28501.93162077362,28602.69931989587,649829148.1794592,0.035216008906755025,48.319438182277906,0.03538593892424968,28180.747767982055,29452.69038960688,27754.490629832435,28347.437109305385
2025-02-28,28725.301728324604,29235.04739912991,28184.702420877293,28693.890686126782,1000461662.836575,0.003188208399879322,50.453399539250306,0.030052432901650064,28103.782964371283,29381.630364213604,27899.01371541618,28373.100337218082
2025-03-01,29610.54315014463,29901.964208058384,29046.265143865618,29334.97410622953,523050667.35365677,0.02234215732942424,52.01173143708581,0.021807296992335492,28152.10640368677,29360.625696693445,28119.930698618235,28444.350246033748
2025-03-02,29194.58315037452,29920.953039929354,28694.425485884094,29416.985213266686,1318566255.1599853,0.0027956768170367408,47.36831408913834,0.016447391000431726,28144.357905188146,29348.89404575716,28319.47754702569,28516.397280643596
2025-03-03,29601.563631582932,30317.258889203014,28916.79797728851,29631.7939250035,1016664059.1720289,0.007302200078611154,52.431867977742364,0.013966301645897648,28178.369795555842,29348.221574771083,28521.372374406892,28599.019254299885
2025-03-04,30900.602401736258,31048.36951650817,30631.248207701687,30778.431097580888,597806326.1366282,0.038696178013368554,62.5934312893997,0.017225652934876767,28248.41062629868,29374.204295325686,28868.61217797212,28760.457168616995
2025-03-05,31592.521314872363,32340.689190766614,31156.100596704277,31900.020660781283,1015105778.1565506,0.03644076462651635,70.85448958807548,0.016287044793071297,28394.15385969642,29431.463777425615,29334.982713788915,28993.017427295832
2025-03-06,32560.08237226278,33215.50788007309,31928.177665849555,32583.15538772086,1060843401.4145277,0.02141486785240354,83.83056341338822,0.015046907894851254,28593.63999177081,29503.87098751758,29834.70158670152,29258.953572512502
2025-03-07,31478.52381054523,31900.94030426574,30846.949465933503,31266.521053011133,1391457401.086524,-0.040408435556425815,79.67071242624507,0.026944599849885023,28713.227623232633,29547.469307466694,30054.981504595307,29407.662274771657
2025-03-08,30099.205961942465,30472.714025214,29920.343270759764,30292.701498634702,678950748.031574,-0.03114575979608858,67.8487385770556,0.031016129711706655,28729.567767764915,29542.709362698897,30091.5538113706,29473.22073579855
2025-03-09,30036.552923146508,30169.688857983343,29995.715685011503,30128.726302331204,1375575746.1065888,-0.0054130265110521325,71.18139118409331,0.031268119387213356,28778.323195617908,29523.79208221942,30097.27265613377,29521.77670368986
2025-03-10,29474.63112515846,29604.44799574797,29313.33403539726,29443.01164241867,504525118.02841693,-0.022759497133454265,62.43981005115312,0.03274313073360143,28838.33379162146,29490.598217784805,29996.617115562218,29515.942254706806
2025-03-11,29206.76423994566,29986.333809528838,28715.339751073083,29490.141300953026,1223936867.4688826,0.0016007078048516643,60.3532887131401,0.028010747418976925,28936.321102372352,29466.43233866183,29918.697759468494,29514.03107294727
2025-03-12,29295.26216398627,29543.976317312565,29029.626936250002,29278.19620107892,1160169301.2906265,-0.007186981497008138,59.86811389623987,0.02104538998644312,29098.20513889183,29409.344953023563,29820.159058177793,29496.561823179243
2025-03-13,29222.495055183135,29637.42404245547,29074.73789525819,29488.32278272056,995579982.7356666,0.007176896424851975,55.834299508979534,0.017701718619716627,29311.182948113732,29381.209603582076,29769.107323492066,29495.951523886008
2025-03-14,30262.01957300051,30964.69877303932,29326.9748338678,30024.130283069582,924663209.3342329,0.018170158550454785,58.27838254708448,0.016978855032018625,29466.64423263814,29372.43369682261,29808.34162496553,29535.075876418123
2025-03-15,28957.503077894085,30417.047265081732,27717.725915690156,29168.24736518706,845480280.0234993,-0.028506501597654887,48.989438965017165,0.016335470436969316,29609.660939833022,29362.44453931137,29709.865584999614,29507.90339410471
2025-03-16,28967.52989496834,30245.265108603508,27975.92393561947,29244.18866669219,561165942.9137044,0.0026035606649361664,48.95187755960605,0.016602921172820976,29708.515990131866,29349.524694609554,29638.222982183084,29488.36896985193
2025-03-17,28178.053980265744,29273.841934678734,26925.045133278323,28014.471701236398,730224554.8465044,-0.04204996006117223,41.265324179767106,0.021180544770196562,29720.515051985167,29309.539408448065,29388.41509280667,29379.191394398928
2025-03-18,27298.01839581553,27783.4532902565,26567.772163983605,27048.77481243388,926140815.5137185,-0.03447135820019398,29.455717450412536,0.023075375107467263,29691.469200318632,29259.801528056014,29028.47043428778,29206.567943882997
2025-03-19,25839.777346940184,26306.049649351524,25531.60320486119,25996.012196299765,1214114406.44369,-0.03892089839315671,17.230130392729322,0.025000496143807113,29561.134844138833,29191.341735759237,28561.938397674243,28968.748999617572
2025-03-20,26790.367741540835,27716.970303387032,25720.295994480817,26641.758588745288,1107955992.5933802,0.02484020962789968,16.88516749207733,0.028450277477208675,29458.52823926976,29119.691989955274,28266.526119377482,28796.379339552957
2025-03-21,27094.377768244667,27224.51322298469,26715.27263874516,26844.206510237833,268293043.2578383,0.007598894825886937,21.856459569004045,0.02668060214883869,29333.989859470166,29056.95704120169,28047.70771797138,28651.773944788874
2025-03-22,28150.847292817514,28153.152818132545,28001.97558776858,28004.269108481723,1196930530.8372877,0.04321463544848925,35.77368628399854,0.033721509778443425,29263.354054230924,29009.97662393927,28041.024854972973,28603.81062358094
2025-03-23,26936.928859531334,27165.927326950943,26801.99548545232,27030.525107385125,1173828785.8393474,-0.034771269956182405,32.50142662982624,0.035186337402525955,29133.290613350004,28939.159268487772,27885.563355344075,28487.270955714583
2025-03-24,25382.55362943499,25428.01586862887,25120.051689078955,25165.12449482695,1229485810.9820538,-0.06901089065593191,28.679665716914144,0.04030010203129091,28852.625283212306,28834.80325201721,27467.034299879902,28241.18603268587
2025-03-25,25621.65492441753,26131.89136519448,24901.99325652989,25407.97440672819,767575474.7425212,0.009650256725380446,30.044414904607038,0.040106373850979364,28528.02297050965,28727.448354401622,27150.255854779636,28031.318504837152
2025-03-26,25633.315028868896,25967.146091154023,25086.430558440636,25417.450344193094,1129145231.3811128,0.0003729513149381969,30.745681430870647,0.03777182886649182,28169.737718333265,28613.225593959924,26883.670391612475,27837.69864108574
2025-03-27,24406.35653626445,24547.517850759523,24241.435414571843,24382.458507816864,990396451.165274,-0.040719734763352666,26.47181521287216,0.03796528177863367,27825.534591073556,28500.871786111114,26498.86856333623,27581.75492751027
2025-03-28,24162.132955918874,24350.842864091177,24001.22235481998,24189.74835495459,668886812.8039111,-0.00790363911828218,22.23687477333729,0.03707647431169941,27520.386933889542,28363.68612206165,26143.619300508286,27330.495181395036
2025-03-29,25644.743022361985,26616.664234026553,24692.770704092753,25663.97788795166,991977098.781891,0.06094439311085753,34.25157370409208,0.04193675001750596,27297.14951317057,28271.702911074783,26069.828313961116,27207.049455954788
2025-03-30,25309.992231077595,25478.081321504273,25175.855942157832,25343.766040296014,1072791866.3491596,-0.012477093342804557,32.84781693305713,0.040715514657248986,27092.187233064433,28173.914496713856,25958.126425704948,27069.02846220229
2025-03-31,24607.291342719585,24968.43118768819,24490.16520771221,24850.149094900928,787168482.1338359,-0.01947685851464409,35.121599025352495,0.03175395876801135,26860.18762276183,28103.547372213478,25787.66837481202,26904.667027587373
2025-04-01,24389.999317962363,24612.657407108687,23991.388811127345,24212.425818801265,858818333.1040517,-0.02566275452369493,36.239296215606934,0.03250700470602764,26606.89910364795,27996.35678492472,25545.32336619498,26705.241752862476
2025-04-02,23830.8732602721,23950.561228840877,23665.656606583,23785.114758052106,957660618.0005593,-0.017648420028089307,38.580691041226714,0.03259309375146172,26321.73870241453,27893.02795773277,25274.522041865308,26488.93604954319
2025-04-03,24076.129963009564,24207.070740235293,23985.194096945543,24115.984343640634,393252024.0035594,0.013910783654155656,36.515748858491705,0.030181098831942917,26026.331405443078,27787.795354951104,25096.285472907664,26313.161849105963
2025-04-04,23425.89508936437,23806.12138025753,23242.244785098832,23620.941980909745,740571385.8766862,-0.02052756195545591,33.3133953897232,0.031014925710716856,25748.966136229214,27680.51107471277,24869.30955106183,26113.7381551655
2025-04-05,23890.24807227207,24719.162040925734,23281.009210921708,24104.46042794294,750220696.0834931,0.02046990536719373,28.29024221553729,0.018258336292155175,25491.97972429175,27590.731628346966,24751.640455197383,25964.902767963828
2025-04-06,23878.050693891302,24335.48473307629,23649.55739342819,24104.82142329897,795303957.8480312,1.4976288604806598e-05,31.733332194864943,0.01844550413474616,25296.497210394875,27495.332688337454,24652.129834905318,25827.11896465532
2025-04-07,24088.17629579366,24995.90497685187,23336.009310536796,24239.027574736898,1333831598.7899754,0.005567606126640312,42.62323160365593,0.018044001371199398,25156.009848510028,27380.795267672405,24588.575641033254,25709.482565402104
2025-04-08,23066.655529431435,23153.454119704325,22911.719085665703,22998.26030838217,942861749.6672685,-0.051188821933100814,33.43847166039275,0.024657736861436998,25006.12225411415,27257.688118934628,24343.91174370232,25508.651287104334
2025-04-09,21716.575931053674,22227.90715748831,21282.631558389905,21792.446721578548,692259775.4777834,-0.05243064347628679,28.60439150587294,0.030060381151746845,24763.656660755812,27128.681058919243,23951.378663375584,25233.376874843165
2025-04-10,21084.87222031156,21239.958155642296,20746.95293463054,20900.68410786468,856259725.7760694,-0.04092072015166881,29.09633603112559,0.02930989756597461,24466.480540637152,26996.086839357835,23482.04103945083,24912.436669881798
2025-04-11,20958.18728958984,21146.338185483695,20693.971255120614,20881.433094736567,830251616.0691547,-0.0009210709577142095,29.71524719842452,0.030159893502202564,24110.338739949897,26892.905191838774,23081.94750949479,24613.843812463634
2025-04-12,21493.958304993477,21538.06659737687,21262.444649151705,21306.16757144809,917639569.7600212,0.02034029344559607,19.33361004986058,0.030133041735373033,23824.120863153046,26814.453211302087,22808.750595949143,24368.830757573596
2025-04-13,21237.761591435246,21365.646542150007,21164.187477043324,21291.88492793454,956342309.5356551,-0.0006703525383274789,20.203515828779416,0.030069299619361556,23630.458884808428,26701.992818009152,22575.38664702382,24140.908844267
2025-04-14,21812.17591055173,22774.290945195913,20840.50015889667,21802.174019309616,1538179414.607004,0.0239663652655564,27.640806712639986,0.033045414470062894,23450.168865437496,26611.87803396955,22456.430858144715,23967.669227603492
2025-04-15,23195.134497399285,23675.84187931429,22579.719019679607,23057.57556253414,1457060456.9568267,0.05758148440208988,42.232238938262604,0.03812616307778098,23332.17512635455,26527.68779200593,22548.91465882001,23900.2548820428
2025-04-16,22573.5903185191,23006.673305827964,22208.726695156594,22640.724571656512,687793004.6941434,-0.01807869998071099,42.291749001299266,0.03178769648632153,23245.08842954653,26425.012474155654,22563.039260794856,23806.956340532703
2025-04-17,23077.651769345215,23410.326809765946,22877.923836034028,23209.45814449601,1502954781.5577192,0.025119936910123597,44.083510943892115,0.024552563870423313,23196.0739190236,26336.607800130285,22662.488319825803,23762.697214900356
2025-04-18,22676.524513543452,22937.93473727496,22375.115490257787,22636.059238779522,686708558.402098,-0.024705398210792207,43.6371915482733,0.028504627335484988,23044.677986564995,26217.274998507957,22658.422307357145,23679.242550002517
2025-04-19,21670.685626194907,22609.127922358664,20570.963749265913,21502.105746195844,1575269180.3912926,-0.050095004639368335,34.49097288329543,0.036385885136647304,22852.594971859984,26073.439299709335,22480.527451793867,23517.973157127948
2025-04-20,21502.002836012,21621.278829791423,21448.720008252996,21567.832872554427,1070295583.4140031,0.00305677625877232,34.99741691636562,0.03636971313644127,22688.47916074266,25918.096475035833,22340.112901141645,23373.518321233612
2025-04-21,21744.840556317715,22397.358520461592,20893.16642716644,21539.52324074146,895669402.0138128,-0.001312585830029911,33.833901594938,0.03510519995595824,22554.834031839673,25760.54723558533,22216.945261080076,23237.66683378975
2025-04-22,21644.4967593376,21787.988405014734,21312.09864534568,21454.329582517596,561131024.3314466,-0.00395522487994171,39.26887260957109,0.023822339817011283,22438.294773062946,25596.997948735614,22099.619772070462,23105.567778139957
2025-04-23,21513.17277666194,22098.425512014874,21025.19045681243,21608.28574894014,628187760.4534246,0.007175995214877107,48.50076829647914,0.02430172630563805,22312.90984332792,25413.5950417628,22024.029922358102,22994.657998199233
2025-04-24,22263.55387314188,22507.44649546696,22146.721485243495,22389.95081470035,952964814.2212459,0.03617432103787088,62.34523441857172,0.026909681873523526,22251.36028501745,25223.393644841184,22080.32544425691,22949.86487349561
2025-04-25,23157.44464151997,24041.963540140612,22375.61479486755,23256.779984260585,1324749958.4715712,0.038715099319964086,67.26438789272092,0.029632859488801212,22208.976262833334,25036.866136771972,22261.31845041132,22972.59932614487
2025-04-26,23964.960674078004,24893.840486292225,22834.460777776927,23755.21069901845,806600514.9355491,0.021431630479162855,67.6113581081472,0.01769844531184045,22191.49572661931,24886.639929692123,22491.14802712011,23030.570538950324
2025-04-27,24274.87678060002,24740.145734399302,23871.33626926115,24335.595841991137,727723700.5992515,0.02443190886943669,70.23979657574097,0.01723920536455565,22196.324139982018,24767.497816559247,22774.90922940796,23127.23907991631
2025-04-28,24757.90117352537,25336.87047610169,23951.54082912916,24525.06520826563,559229397.9175341,0.0077856884008389304,68.91342031329506,0.015871101961965207,22272.664384976193,24655.424594677937,23044.16399538606,23230.781756090335
2025-04-29,24238.41883154588,24591.40339262553,23678.89855958112,24028.83088738636,1060464889.8034195,-0.020233761527860272,57.541812480650776,0.0203308926646291,22384.48359326658,24547.140979577292,23195.651209539956,23289.896506556706
2025-04-30,24179.557185778984,24431.197681889258,23920.045944695834,24171.603667274445,290774405.62962896,0.00594172810808824,62.415769802831136,0.020430315899852457,22548.02957123707,24440.77022690372,23345.797741499107,23355.208148091355
2025-05-01,25384.620267211794,25779.81389854116,24869.0526300122,25262.342614603665,860821890.4050449,0.045124806874355494,65.34966855505687,0.02209241313780535,22767.075047230424,24360.453155174215,23640.650798899806,23496.477367833006
2025-05-02,24252.632509437644,25008.623880161045,23499.986004136998,24255.87669606895,1065710137.898288,-0.039840561656894646,61.37491250674507,0.028578499112392238,22914.560503461467,24255.804233441184,23735.30093692583,23552.729169924554
2025-05-03,22744.78301425755,23206.022571684356,22444.818623888823,22903.958926057203,1017299772.5652728,-0.05573567952012415,59.55188663463579,0.03577963968313393,22995.164203367603,24113.40080630094,23607.402166022963,23504.67211482327
2025-05-04,23136.041515959714,23423.29057547599,22868.91151469172,23155.930929945833,898484052.2346362,0.011001242392290944,60.5530712253055,0.034289510741773326,23062.852048899415,23993.154477596112,23537.945052780327,23478.839434461977
2025-05-05,22130.837347304438,22364.325648888887,21798.890953768474,22031.329410797814,915512019.2517588,-0.04856645679892124,52.85249468392277,0.036876204191043996,23011.539741312597,23848.89729247822,23306.158030936862,23371.616469746114
2025-05-06,22551.38079786818,23245.56929546505,22087.339770384166,22776.88799376341,1187763592.6861534,0.033840834979308454,57.125087662990005,0.040942760497803515,23018.347912417943,23744.145618328763,23224.731871371714,23327.56250856221
2025-05-07,22111.603990729942,22815.46135236764,21587.134783418107,22286.835789742883,885431477.7743632,-0.021515327473828227,53.527833229343244,0.04082355156045846,22972.216794680287,23648.906837874943,23080.440166505738,23250.47164050152
2025-05-08,23015.105861625852,23446.172270768377,22557.677212448794,22988.240439856603,675666043.1238099,0.03147170180329173,53.13673113227685,0.03792910443349633,22989.82585473414,23588.751402746082,23066.2555931751,23231.047107120416
2025-05-09,22351.304884123252,22874.690409509487,21668.417201484033,22187.978215747513,1237198486.868074,-0.034811808507170916,44.357065830249304,0.03737434376606462,23024.119478211724,23499.675795286126,22931.13599664778,23153.782744796496
2025-05-10,22618.35278623402,23296.977688599894,22030.41744033031,22706.74470701034,703891064.1612939,0.02338052102893462,44.47629349175358,0.033746497279751,23081.06506993452,23416.92655922157,22896.614259780483,23120.668816071597
2025-05-11,22050.5296186455,22294.352503570277,21980.841731090033,22224.11601832978,1140836098.8705275,-0.021254860390955033,38.76016947656753,0.03407624979282869,23115.294708813937,23301.323497418536,22793.15299186499,23054.25749772035
2025-05-12,22384.05683427123,22878.832613442097,21820.781065839223,22314.00850107524,1429436513.2879126,0.004044817020902869,38.103987917137985,0.028261886803166603,23158.278654741815,23206.99316529234,22719.438454820414,22999.424238709606
2025-05-13,22819.690252190954,22824.346324073056,22700.82509443512,22705.45785862856,795257604.348343,0.01754276276870903,42.79874088341915,0.025779772089729744,23213.137260226235,23157.799832568373,22717.287593867823,22977.648951296196
2025-05-14,21424.99310324799,22035.89507372964,20919.446785839824,21527.920080883636,1033704575.6977774,-0.0518614416444122,37.070237235021,0.0318140987841128,23170.035723535402,23080.19874605148,22534.30797648564,22870.26162756193
2025-05-15,21812.029668395196,22049.612707435663,21690.863045762853,21927.80295993415,762352456.4959195,0.01857508191911217,32.509429625151625,0.029686136060903277,23103.58687231908,23010.405798366304,22440.999512400795,22800.44987440432
2025-05-16,20996.455491534052,21195.145570809305,20989.407545992875,21188.03331774315,550755642.9023132,-0.033736605693816535,33.44515464474847,0.029516567470585,22975.228003255317,22946.517294564823,22248.235482453463,22681.011610947935
2025-05-17,21261.988045086837,21773.383529947932,20722.889285264977,21233.602026744666,1018986575.9265339,0.0021506813925649126,39.50694790211958,0.02695135797659742,22820.12831249299,22887.39436800063,22092.138027729034,22573.79608619214
2025-05-18,20421.090993268837,20491.47990849355,20190.010204159167,20259.8433190658,1518296710.2602825,-0.0458593274213378,33.31964672579464,0.030192098475952986,22606.867218033,22779.311676622907,21810.246534088536,22402.392177516114
2025-05-19,20451.466016019345,20596.1479306735,20361.799168628502,20506.24092965173,1125745119.6593592,0.012161871476767727,40.22746276308795,0.031086583920427374,22430.73772014627,22682.561174410024,21609.630287252105,22261.93652952616
2025-05-20,21421.696841495836,21514.876605887664,21210.053351589693,21302.715573107234,884937584.8978891,0.03884059717175248,40.61496489836854,0.03518369622765005,22287.293315437906,22611.612503974153,21562.412638922124,22190.88312534698
2025-05-21,20874.339282604844,21103.971922174525,20485.35762329574,20713.21781161928,920916668.7719434,-0.027672423239417543,40.10712763853431,0.03117883568535905,22059.837075288688,22541.62834383051,21431.76728087553,22081.426435441226
2025-05-22,20942.217083729418,21815.95938247218,20145.91631462188,21016.821862946475,835968654.2981342,0.014657502957212465,36.95373623039292,0.03071523684918433,21897.884333632566,22486.2624859284,21367.92952427106,22002.56683747865
2025-05-23,20673.08073503804,20753.62510954337,20550.0438309354,20630.42200278567,160476598.02080315,-0.01838526598743473,39.09523102869079,0.028866974133004937,21784.20748746899,22416.551239111297,21254.46682865792,21900.926479353246
2025-05-24,20384.946313883444,20703.735372420448,20056.758967021346,20375.398715879925,1421480497.594602,-0.012361515768863685,33.05186961040661,0.028919299551822663,21645.180876765695,22351.640373810704,21119.22558053823,21787.924422799668
2025-05-25,21241.56110102949,21467.726530007963,21109.467577210842,21335.051622721538,836813367.4765917,0.04709860750325778,43.95598019088469,0.02864841029265005,21610.366987361882,22296.252197706275,21152.429587027968,21754.378289460547
2025-05-26,22039.702901398647,22086.97104542772,21882.959583012453,21929.992433024912,1007951476.2811717,0.02788560444211763,47.55713664220079,0.02964974851051225,21568.022209324954,22252.755617900795,21272.054640258266,21767.386744539388
2025-05-27,20901.770990707133,21184.927963026646,20688.647690059097,20971.09777713177,744822910.873661,-0.04372526159421375,39.70999714137372,0.03254966330250194,21502.2353086944,22187.39702194869,21225.753584392653,21708.402376583268
2025-05-28,21650.394752489028,22831.817758172907,20665.31490288294,21838.193193244508,802136584.5089399,0.04134716385988502,51.911264047075754,0.03382979990243806,21444.732946363794,22164.195679645934,21319.975062677553,21718.016511150767
2025-05-29,21580.07920607136,21991.847265559365,21127.6307417493,21538.607482022388,586959366.2977495,-0.01371842938521095,47.572584500709425,0.034600728667955404,21412.26440967754,22159.11889485481,21353.610819499838,21704.726953437552
2025-05-30,20674.434862782975,21026.55525159298,20399.201916169743,20750.31217167043,1633061874.9378943,-0.036599177129251426,47.28635545849857,0.03715686676505979,21314.44278291054,22156.11145613093,21260.7956429107,21634.02956219554
2025-05-31,20884.659703850353,21360.523887226234,20516.64976961445,20990.646355375116,995925146.9415636,0.011582196051624027,48.52931599603529,0.03677708828576107,21252.76929976281,22158.2957213437,21219.23421405907,21586.371546875507
2025-06-01,19691.39111298465,19727.616388839284,19630.844886611245,19667.025337957708,1206705752.4119244,-0.06305765887378056,46.55731378748831,0.039170245467938264,21120.420141606934,22125.512876673896,20980.432848505014,21444.197753622335
2025-06-02,18390.96455747275,18967.799624904885,17850.444497987668,18426.242721735704,991199110.6672456,-0.06308949090675509,39.17141602290337,0.03924982235739012,20906.459384762293,22068.200032549914,20587.480521309735,21220.64552903814
2025-06-03,18929.085022573574,19265.109281468,18544.844484846653,18879.99735201235,356171265.5163377,0.02462545604815003,36.920461735990976,0.04190624252063085,20774.063248318726,22009.756499203973,20324.79080295629,21047.26418259178
2025-06-04,18712.39361251176,18955.193355003496,18620.788808242218,18862.85199553886,1397650931.1839292,-0.0009081228219379733,39.3524101040204,0.035068573940506095,20620.81570009896,21925.862027864066,20099.877140276687,20885.455872439714
2025-06-05,18716.02133503169,19080.71725453452,18292.31843430795,18655.841707978056,1278833820.2503283,-0.010974495670631468,36.26144748545748,0.035167856508029345,20494.206119610702,21846.164370590493,19877.717842999973,20720.299267664777
2025-06-06,17924.7191414581,18340.239302856033,17414.303997416922,17827.57215525098,476945403.92360574,-0.04439732957065523,34.48791250042841,0.035905421857676104,20323.904626036023,21738.526650805594,19562.310814115513,20506.023185263755
2025-06-07,18007.358172295233,18133.871765548174,17994.666699088924,18121.10012772438,737390469.535927,0.01646483154953593,37.57676157970893,0.036680411166309795,20216.967466468952,21648.227468584497,19340.58609313226,20329.362218038616
2025-06-08,19343.58214351882,19984.015490289203,18666.360521835755,19305.534164249384,404574101.9625544,0.06536214844444665,39.085906722262756,0.04320214042651579,20156.932128198834,21604.29603694556,19335.19348868874,20253.523102943116
2025-06-09,19134.700537149783,19443.436047086565,19016.325011901812,19323.890113374993,1023356421.2339505,0.0009508128068065336,35.05864903120896,0.033836949980898305,20057.99085521222,21559.41718176198,19333.45450787124,20184.66140001214
2025-06-10,19101.599152799958,19608.68520610119,18658.8985888681,19164.526237782073,1207352446.53078,-0.008246987260738803,38.59714557712173,0.03330920858164605,19980.55627652036,21511.917241702788,19307.46554324214,20109.095832439543
2025-06-11,18681.405455936503,19391.893026753994,17963.958281091618,18674.170701124327,806876230.6846813,-0.02558662450475968,29.031867114909005,0.035006079628473366,19863.42371842925,21456.314064074922,19210.035567531708,20002.80508197175
2025-06-12,17423.54688746524,17887.926067021814,17064.90953902744,17527.156080128116,1080765141.9373627,-0.0614225198727113,26.100305295079636,0.04192974661755137,19708.260422296375,21374.691470698683,18951.131031008077,19819.42367442778
2025-06-13,17419.177649960206,17707.010158323843,17195.74359532328,17482.760532394557,485807999.4839134,-0.0025329578586850143,28.63888843637605,0.03875960925562077,19563.628513122105,21276.547665052567,18725.22787737523,19646.337515758652
2025-06-14,16910.155880776456,17317.32120016179,16427.065071908415,16832.357141347944,556850092.7999328,-0.03720255676107054,24.19914953480402,0.03976001255171391,19338.493789053427,21148.059208194314,18434.016994909492,19437.89452506156
2025-06-15,17200.769038851264,17347.739683160642,16954.177004364406,17100.28910563471,947467116.5054529,0.01591767344506989,31.673357315269655,0.02628953943498834,19097.00862268392,21014.96077632664,18228.82808886722,19264.73856806698
2025-06-16,17062.20656723944,17614.418879023873,16605.774173081998,17155.49102518997,785431236.8246274,0.00322812785294202,39.07756806827726,0.026559597674263802,18906.22828508683,20871.358679990615,18063.69930983995,19108.498009335348
2025-06-17,17658.62836197289,17820.491709968486,17391.51723687347,17552.406933022143,1174871559.5085602,0.02313637699144655,38.47642965212681,0.030544509575623224,18691.93897207571,20731.905514485745,17985.03894417567,18993.23200368252
2025-06-18,16821.444832414218,17035.28961863813,16631.460766599455,16845.039075697685,821442734.270144,-0.04030033373905284,34.35936924556022,0.03209684065317793,18457.26055175947,20588.22967825197,17809.65434902521,18834.10660160957
2025-06-19,16313.83309604471,16422.089406403895,16310.282334511136,16418.51586030888,1456482009.4189456,-0.02532040522269552,33.228596176357726,0.025450726458816582,18240.670736191398,20433.16792211266,17595.633043068854,18655.173954105812
2025-06-20,16082.140976465242,16300.840893734437,15889.868884640779,16108.256573551304,1473293513.7373683,-0.018896914276375854,36.0264848342461,0.025508046626522986,17996.551247100208,20250.08620129161,17366.805893912308,18466.513407398073
2025-06-21,15335.222703317815,15415.658591362286,15295.65914310877,15375.989855394993,853321410.4873377,-0.045459092038466986,29.17464868100906,0.027047266445851384,17781.99947297207,20072.488464478134,17060.526503371184,18237.58573687933
2025-06-22,16443.352885382974,16570.82600508561,16218.394003365454,16345.105483829057,1081490441.7330766,0.06302785300642144,26.782668402765353,0.03866907962359283,17677.942611076738,19941.31139563357,16950.461731133935,18097.40201443116
2025-06-23,16145.438775111632,16326.979135102254,16087.427614340975,16268.525718375973,253129140.8199081,-0.004685180253431009,26.254980355028763,0.03847642474174586,17547.36902939492,19803.563291402173,16845.548498401942,17961.92969620485
2025-06-24,16906.383628131553,17076.46487925406,16688.818531511908,16858.417232088403,969049218.7870827,0.0362596785919036,33.20196584341657,0.0404543440904397,17447.147291222394,19700.105047827983,16847.528303584473,17880.188032196224
2025-06-25,16307.798687810822,16352.020838359025,16185.882457458449,16229.893350705042,1315057579.3367097,-0.03728249649599513,32.5468381135649,0.040029971107027405,17325.849873358748,19569.16515496682,16752.507541603023,17757.943981715398
2025-06-26,15708.757193328187,15834.765084687297,15636.820643135037,15762.582049402235,356742203.41158515,-0.02879324535318073,36.045697185357234,0.04034949640697378,17222.60036806631,19438.680080160004,16600.211312033673,17610.139394136648
2025-06-27,15401.05488528014,15865.552224485049,15073.994468246166,15535.633856818271,429455903.0961009,-0.014397907136830534,35.03416850890817,0.040128672511554,17093.327054521003,19289.627948499237,16436.430165077458,17456.47231729825
2025-06-28,15127.396319200981,15201.36187422938,14913.678465469353,14986.957342722964,1097357612.5065029,-0.035317291792024585,35.590724914459656,0.03855458294230022,16877.39821344468,19145.607531038746,16213.434346253689,17273.545282144525
2025-06-29,14713.627457511318,14982.1114526392,14304.611622775194,14570.483629324428,611907389.6752766,-0.027789077120497607,30.694565934434465,0.025788943803228312,16639.727889242153,18982.88230948503,15960.672697495342,17073.31849304674
2025-06-30,15075.27759017687,15957.905098323623,14347.19929513259,15222.706548037779,1228465975.668682,0.044763299236045384,36.48227851347161,0.03465386380070945,16442.636904754938,18842.85412007919,15847.13944373264,16936.23612674978
2025-07-01,15809.709992539418,16325.718391734657,15318.180343284988,15833.450637180445,908768280.9381319,0.04012059795118317,38.32691451135107,0.03551318564642206,16300.600901557747,18713.24296280129,15845.03347349384,16854.548312707608
2025-07-02,15522.413430766499,15724.685567678498,15279.933519067034,15481.674791911219,779662066.9260985,-0.022217257206283203,40.271846250015706,0.03388944261871752,16198.326837146902,18568.767301466945,15789.132137865745,16752.8539778338
2025-07-03,15168.942317569434,15251.832073857788,15120.577263245088,15203.357289931142,21956095.1170068,-0.01797722182651007,41.14200585192276,0.032922169070069916,16084.356675023731,18442.276045647897,15699.012930491192,16638.076445396568
2025-07-04,15090.343624805584,15234.873517999262,14884.640620746928,15028.57895410061,877428691.9307343,-0.01149603554645684,41.97101658848612,0.032797556876290455,15994.167765661365,18304.291565531228,15595.869241815719,16518.854409004274
2025-07-05,14926.547347246518,15326.065469116958,14670.80727378466,15067.903507065896,804228060.1323884,0.0026166514535663765,47.44567646984283,0.02981121166240828,15892.548485732923,18181.88896931768,15514.643744161898,16411.376564416245
2025-07-06,14930.119941512336,15840.581975063125,14177.392693007974,15080.283953898492,1048481912.2284492,0.0008216436232677538,37.53612189976648,0.02701291679138454,15788.788132168347,18058.822607860755,15447.81916104445,16312.7771117853
2025-07-07,15666.26306954515,16337.894419992177,15148.516380851395,15815.224768741326,998881054.8552988,0.04873521062929598,46.04608805593179,0.028005146308684066,15701.929023954308,17969.930236854267,15504.343100690123,16275.921382670931
2025-07-08,16331.5247811336,16510.014388576383,16295.62439875787,16473.801250366952,678997004.9779457,0.041641929928640575,46.68491345960992,0.028320009475049406,15683.36713268777,17889.281443268574,15653.49050833271,16290.579150648415
2025-07-09,15783.433209444107,16062.362134192645,15538.428851146837,15816.839218387895,1578343672.8653522,-0.0398792010413761,46.45716701178256,0.03182475981466034,15653.28330059172,17779.563916174186,15678.621079110431,16255.487303814303
2025-07-10,15891.466503349433,16248.214328081076,15572.390644197172,15928.39696290672,660085132.5726728,0.007053099736205937,51.514656850879234,0.030383679349450445,15644.290320059494,17683.867499199932,15717.048138156015,16231.258389673001
2025-07-11,15855.444934398609,15958.691895700254,15723.037010077664,15826.092837365788,1201074827.1270278,-0.006422750875632488,52.71505957811713,0.029924022694509268,15666.795469158033,17580.05291868832,15733.82424572675,16201.246126539134
2025-07-12,15725.492955384365,16098.751582804647,15477.06336198927,15848.380623657213,585369700.5319234,0.001408293665433602,58.931022632215,0.029962336041415807,15641.959226149436,17484.412091105754,15751.448303869898,16175.107941140473
2025-07-13,15909.759246483281,16010.313434764636,15842.785196569497,15943.198617785309,1305525858.3390055,0.005982819089198177,65.24903170444045,0.029830297607156876,15625.692871119909,17395.768089143858,15780.948352164578,16157.929472743795
2025-07-14,15642.926598639315,16298.045239287689,15145.31738375279,15795.580043001533,819223892.1436918,-0.00925903128492045,57.167393843724234,0.024286026933646038,15572.551011665564,17284.978657549458,15783.19938152411,16131.088774244368
2025-07-15,15448.688103611245,15749.542843308906,15222.238722062588,15522.018571836461,1212425642.8925786,-0.01731886201205246,45.744537743497276,0.01641635912467985,15537.157272722132,17156.81918032569,15743.017718495239,16085.972462954895
2025-07-16,15699.111765329859,15991.486554137931,15265.449231442908,15555.142792247185,1018824019.8334086,0.002134014996659328,51.09963860034028,0.008948687563210798,15526.785309864379,17048.500080627997,15714.113883687845,16046.651746606176
2025-07-17,16412.41528997229,16418.261320799334,16273.800569111023,16279.599291457998,1276799606.9637167,0.046573439336853095,64.2108503011442,0.020664481466399064,15563.983581596369,16937.328202592267,15801.111638729406,16063.907120298903
2025-07-18,16560.694577690963,16737.64166370869,16453.911083294384,16630.40865238698,825469371.5970318,0.021549016941286414,70.2112292478784,0.02116940340800593,15646.156147079568,16839.16422599956,15928.695794676725,16105.870196749873
2025-07-19,17228.207277761652,18204.713640188653,16393.4740171111,17363.428693046815,992247432.8484411,0.04407709130795312,74.64904768713097,0.024989945037893518,15785.803400265688,16771.426556427086,16149.423932887508,16199.022677957053
2025-07-20,18569.950588843887,18913.395250100504,18402.662539744768,18744.534456129357,1084734877.2997754,0.0795410737993012,80.40799660249492,0.03486863471867508,15961.894795670267,16726.504318442174,16548.671705693945,16387.579105969817
2025-07-21,19653.967799518578,20290.997602799765,19051.314320460944,19687.321395859453,1444647993.0877383,0.05029663136935425,81.0613142904774,0.03262297152409267,16154.588333604217,16726.910239600205,17031.54088879633,16632.004460776458
2025-07-22,18679.661162837663,19188.669113448403,18059.203163376365,18565.089103991188,746200654.6159546,-0.057002792269358116,65.61444501125641,0.044124944509834244,16308.759049208214,16729.687167245316,17267.471383441694,16775.1959158294
2025-07-23,18268.34760326197,18614.313868886573,18101.635896794527,18445.981129747248,675215243.4142711,-0.006415696341491528,71.34462756143114,0.04502858242076509,16470.89024119902,16721.006842800016,17448.78057518101,16898.95778352702
2025-07-24,18060.67587015693,18636.437822550877,17535.686280426617,18110.014065079733,1046185359.6481588,-0.018213564369623625,67.08874127163126,0.04660972967358697,16624.961996747974,16705.95008419083,17550.5088043962,16988.66565623463
2025-07-25,18158.203156268035,18644.438314784275,17648.78902014329,18134.386420948947,1363700211.7452512,0.0013457944196857419,68.30448333200262,0.04685263970880798,16778.286142442128,16695.520978450248,17640.3361300197,17073.53386102828
2025-07-26,19516.531714558096,19612.31768128433,19450.741551729883,19546.426742417658,1159396285.348827,0.0778653486636589,74.02882448384267,0.05200044752739988,17001.59328186809,16729.898070193583,17933.580839619386,17256.71111150157
2025-07-27,20546.55282738596,20682.26181166625,20451.562968272665,20587.084568110735,1080625048.4406605,0.053240310334305097,76.87166307571971,0.04759321185103425,17240.18627183656,16779.217759001313,18341.812182464208,17503.405441620765
2025-07-28,21058.14777940078,21476.102143094988,20520.861477124112,20936.399424292853,1165075670.486302,0.016967669949887076,79.06862455004098,0.04500560812993349,17463.316180532853,16811.83506420218,18740.979450437844,17757.701292189067
2025-07-29,20728.37047059056,21104.494576458204,20425.166719418303,20800.23956184521,1271388865.511885,-0.006503499464652673,80.31663859946553,0.03559877723224538,17712.486197705723,16841.362053171582,19057.78869834667,17983.07449734878
2025-07-30,21682.401885641575,21703.683766816932,21673.63104912272,21694.907871450927,810640573.1401907,0.043012404109366464,82.0892545085357,0.03510234225475998,18000.811743132926,16891.969685844964,19463.49934036271,18258.025117652644
2025-07-31,20698.315882250085,21404.986929735078,19890.868916582698,20593.97770472126,956579691.5960906,-0.05074601714158089,71.69517897092379,0.04290334144136969,18239.205986500703,16930.365825916902,19637.419088725565,18431.058642620686
2025-08-01,19536.25425736975,19655.537185411085,19515.02585509564,19634.202351192023,1151380879.272537,-0.0466046611922476,64.23310317936931,0.049561259950933516,18428.497072877442,16972.50675133818,19636.9242060281,18520.180398811157
2025-08-02,19208.258435883985,19467.092911105086,19015.751090315895,19273.92742349186,1067536318.200768,-0.01834935391089576,59.384147661635566,0.041002272775277626,18595.033513162773,17008.330089160125,19581.07854717637,18576.01351175047
2025-08-03,20153.586763998144,20250.06080595089,19910.552532416692,20006.321624754863,1034403957.8191448,0.037999219628187086,56.619605548253936,0.0379126757349069,18805.57059225044,17071.80937882826,19646.500559111522,18681.962260861907
2025-08-04,19616.597130410224,19859.397591471236,19508.497609577083,19750.55985360227,884467005.2185348,-0.012784047759990314,50.35753566495911,0.036894863981111733,19016.997656338728,17124.814793787617,19662.50968134087,18761.117638101932
2025-08-05,20169.58845411034,20392.676796724365,20011.75039927523,20234.33208756703,1500249414.5228841,0.024494102321688027,60.17186386811091,0.038871203490528854,19250.957121104722,17186.391615035154,19750.482359221816,18870.244634358605
2025-08-06,20522.487819531238,21184.131108227553,19905.522216042136,20565.8615639759,646395337.7978485,0.016384503079920343,62.59192476554578,0.03466048896711339,19465.270234730615,17246.660707654228,19875.92531379937,18995.845888404332
2025-08-07,19223.54381245122,19296.38287481484,19013.68051731461,19085.998412610676,1253655573.4822018,-0.07195726504147149,55.103711946171906,0.0396776201713114,19588.0497227418,17291.47989439249,19754.39809823188,19002.523853160357
2025-08-08,18786.568584037235,19034.932662048806,18455.62697828728,18702.884730627746,1068598846.7589889,-0.020073022835933818,52.86534088275977,0.03677200420190262,19655.022524620847,17337.16727179887,19592.626810908165,18980.328362602388
2025-08-09,19102.537323529188,19674.302451167056,18422.066556766433,18990.47758275262,783692840.1659279,0.015376924804221037,46.83969274165917,0.037141801134385616,19667.31968095201,17394.811691982894,19499.988468115003,18981.08015668759
2025-08-10,19194.92413638092,19251.743166514538,19144.236454881007,19201.039336718088,542181863.0157118,0.01108775453634192,41.299929452217654,0.033594206876780774,19643.00557799494,17471.312681609354,19453.996294053937,18997.37342928244
2025-08-11,19067.098778159085,19109.136024656862,18958.08620631717,18999.975465999974,1384604344.3886354,-0.010471509754871433,37.614752369982526,0.03352024050978575,19664.74989609538,17524.410081252776,19384.14693589179,18997.566172742998
2025-08-12,18990.602985410245,19584.881703529594,18488.078694212196,19079.992023356313,1105514548.6429906,0.004211403193626673,38.91781350633929,0.0313499035913385,19696.450440775836,17580.63940735238,19337.353872424792,19003.671791306948
2025-08-13,19702.528761640035,20788.185613393012,18816.69946325314,19893.758587062952,769613008.27431,0.04265025701847702,38.27440367422934,0.03597451450139755,19785.637666874994,17641.34623445187,19422.954597753742,19069.604146548132
2025-08-14,20496.669535258556,20723.102160612274,20335.160602824548,20561.085644397368,1113921702.333523,0.03354454385348693,49.77305845845794,0.02236716006180133,19906.972628047417,17727.97008032572,19598.05168185276,19180.08425749993
2025-08-15,20564.765824566693,20775.3005674866,20170.167520978674,20378.798395642847,1234842089.6300316,-0.00886564318184202,55.7548198955883,0.02006266682728555,19948.591210708673,17820.29440725053,19718.166560897393,19268.877897362367
2025-08-16,20213.238261883303,20332.680182147713,19973.964376885207,20092.693989742223,361055519.62514037,-0.014039316761767173,56.40146007819711,0.02231512665143555,19923.871681790253,17911.43560990901,19775.78616533506,19329.901311612728
2025-08-17,19776.599208749456,20006.38451887687,19471.5199415782,19700.42012304169,1046774347.9418184,-0.019523209127695673,47.47399042775206,0.024564337389083687,19862.072716727693,18005.704865515385,19764.191389597618,19357.347149496356
2025-08-18,20014.211645738447,20196.874177476715,19950.04674101919,20132.33058731304,1023060476.921376,0.021923921498820498,53.06338878511124,0.024450380003738944,19828.677268001084,18116.941804675156,19820.828189246145,19414.75333007537
2025-08-19,19993.27241137973,20038.197408053944,19896.737332983375,19941.54610034287,1218638866.4977355,-0.009476522658057207,47.534722540687724,0.02538535065700637,19741.009179445682,18211.318595721255,19839.400175568717,19453.775016761854
2025-08-20,20095.21481560086,20847.359919664188,19477.396432813784,20225.534904101067,1173158322.7275949,0.014241062469740662,47.11130024201929,0.020453513885230055,19722.58703941467,18299.16028105967,19898.80551841985,19510.942415824018
2025-08-21,19730.94750783507,20033.591333578992,19292.34216040958,19592.868049572466,975774228.896792,-0.03128059937738992,55.02502043161939,0.018676010141003226,19720.520324333695,18381.384146212895,19851.73821552025,19517.010981286865
2025-08-22,19938.317041668968,20116.269872772482,19715.055482785487,19892.600284143384,524295265.7659192,0.01529802751759246,61.992914107583246,0.020369102695149625,19751.45396736627,18475.16900609714,19858.024687616115,19544.83241112809
2025-08-23,20671.804513503474,21048.471635072194,20124.221472849964,20497.716484467976,754269482.5558392,0.03041916047581461,64.27958538324107,0.023186182841163215,19776.023710351925,18584.551756704488,19956.438810208707,19615.416416560674
2025-08-24,21357.36338010427,21473.32789226935,21178.47898704677,21294.099996726978,1255955765.1247537,0.03885230400481232,67.84845619690033,0.024175865743178544,19853.20071750816,18709.07568649771,20162.232838903827,19739.763348424844
2025-08-25,22211.49980029981,22593.401079521405,21819.781356917596,22201.510888246183,1369541632.3649213,0.04261325398390525,74.36566148783716,0.02679599175002053,19951.55965754212,18851.500225184664,20475.967923418037,19922.11501804124
2025-08-26,22742.119544700527,23203.92410191288,22281.005386768622,22742.796223786332,1025306694.4461883,0.024380563028560065,76.047393278971,0.024749432604828384,20060.40639053264,18990.051654285562,20824.71073885931,20131.05436661495
2025-08-27,22890.422799399694,24019.79221826847,21896.90883336606,23020.62699419144,1191421346.148682,0.012216209813045165,74.0709718121285,0.02482899728468726,20257.13781961168,19120.988169162054,21162.54400891041,20345.09678347247
2025-08-28,21920.12996241095,21935.515862194497,21689.69893457965,21704.933786591104,896888915.1439672,-0.057152796400042116,58.006251983363036,0.03383946408834454,20407.240272409847,19238.750060526116,21245.988590092053,20445.825450370146
2025-08-29,22173.498144304336,22902.211848750965,21296.183916195558,22019.84803674992,1216897456.8916166,0.014508878638153977,61.27699388847496,0.0338405234698496,20558.708795109713,19360.579082002983,21365.04388957788,20562.419716027907
2025-08-30,21697.633693770418,22438.613840272,21077.904108791357,21815.51725538205,1049028691.8089269,-0.00927939107603537,61.973493451263394,0.03417402848878925,20689.432691042908,19480.367570363305,21434.347484316982,20655.241755980067
2025-08-31,22756.264662287653,23743.789422746388,21553.51114863219,22531.27219635868,624822398.7433199,0.03280944167390998,68.82765598796367,0.03337443587957658,20865.997527560845,19614.025401817333,21603.1051323234,20794.20697378589
2025-09-01,21555.54775851412,22111.116681000945,20992.101247942443,21547.4617634038,1044169317.4683484,-0.04366422030593886,58.76817417063059,0.034621296419067554,20989.371014563218,19726.110664729706,21594.544614028076,20850.0036248687
2025-09-02,21153.082988255504,21211.916404644933,20981.77703602013,21040.296758219527,995145385.2052585,-0.023537111273386424,56.551035977712175,0.03282512188011734,21046.69792312105,19831.004999034063,21509.27571313445,20864.099412524316
2025-09-03,21253.949493233093,21485.043996541695,21127.12421172961,21357.600216712173,1215003163.726159,0.015080750150003874,56.72295887009838,0.033172775880876526,21086.52365173679,19947.71663193158,21485.941021377177,20900.65502764934
2025-09-04,21341.401291874517,21631.430298544583,21218.01204087134,21507.08312742576,762919425.3019152,0.0069990499492831315,62.06000174792723,0.026149835592574857,21142.937888325934,20066.75543863515,21489.19365307696,20945.57562763278
2025-09-05,20996.78117716731,21137.64995852679,20665.908720724907,20805.49414484473,873261090.9492067,-0.03262129868677388,55.47425115310245,0.02751917627092365,21178.577896081057,20157.273335702885,21384.009113348926,20935.199221500334
2025-09-06,21172.65071666567,21489.046233336678,21042.11520565529,21357.371863070406,1589111201.6050596,0.026525576099446724,55.18812788273558,0.030366602959502727,21261.425483082494,20251.812599916553,21379.91107484454,20966.471269024045
2025-09-07,22186.09067071907,22571.009467493197,21842.723411295843,22227.008928851745,1585309789.9925818,0.04071835576759564,55.58087676928397,0.032007729754086486,21366.159400159428,20349.084204632654,21510.23382161488,21059.844429011282
2025-09-08,22603.25921654892,23139.46240291641,21955.740892875157,22489.23925394865,1189444722.6812751,0.011797823356993309,51.865239872642825,0.026161446561626604,21493.544057839717,20423.978300589035,21660.85004197392,21165.72552715479
2025-09-09,22766.26676367426,23313.79842345626,22062.11852153198,22605.790711506714,951621102.3969346,0.005182543359602443,49.060083068120235,0.022703191240960475,21612.556848210002,20482.347686901983,21806.22552959435,21272.39702229197
2025-09-10,23416.579774305992,24136.843970954924,22481.423786533047,23194.868424175987,1525484744.4503534,0.026058708593166946,51.146412950749166,0.023437539770603658,21792.65686694018,20574.94327330568,22019.862897991527,21414.802311320414
2025-09-11,23255.618129700684,23361.885840415667,23195.14761596691,23301.29655118436,425814433.3250827,0.004588434176994172,62.49080203894932,0.023542360305539127,21963.091680292226,20672.04958173442,22217.006536944267,21554.54262538441
2025-09-12,23125.213295685222,23883.762554728677,22271.715678083405,23027.04483211192,1166667544.7978048,-0.011769805103763797,57.931319635188366,0.01754856354739892,22089.558097674424,20770.390197075067,22341.627813123905,21663.616862919782
2025-09-13,23089.53061524007,23570.043753863116,22530.03173845311,23008.866180291086,1350657958.0667267,-0.0007894478841453667,59.68102695749836,0.017525113647296885,22175.296406852627,20867.87979226191,22444.279869611164,21763.264960502842
2025-09-14,23529.327413929797,23892.651095336107,23199.33910284591,23562.201736555846,868937988.7881452,0.024048797186657422,58.58976365947858,0.013443664786147742,22243.33094926811,20948.195292144675,22616.267849141117,21896.51953650677
2025-09-15,23806.723854157277,23922.911917002526,23798.099128317415,23914.24823711213,1002420833.4080728,0.014941154671895385,72.04058543199125,0.013625576375646094,22301.903549934403,21014.7385655247,22815.957139598195,22045.980921736795
2025-09-16,23150.071241181777,23264.345309168722,23011.207176848417,23125.359260825295,376675845.0977148,-0.03298824066995221,68.44900981585104,0.021000662948217928,22307.140163266093,21058.517762255353,22863.557465940827,22125.934872780388
2025-09-17,22755.540574584174,23458.235180681946,22027.294205051185,22729.1746266048,871605695.825532,-0.017132042350219367,61.96886369601522,0.0195422487828416,22358.35220526678,21097.096463550544,22842.883182966056,22170.619298989604
2025-09-18,23116.14089294984,23780.088173794582,22233.22866225341,22890.700799262944,1321292763.0218313,0.007106556894902694,62.04863287108312,0.019721743844266733,22401.89484339243,21121.01232210678,22850.239739319422,22223.958669380223
2025-09-19,22722.23867181635,22942.179569388558,22456.710451592462,22676.205771705754,868853923.0174446,-0.009370400209158136,67.80033297101946,0.019551236616499722,22444.929269208616,21162.65688344647,22823.465282763475,22257.45845473767
2025-09-20,22838.92238761426,23280.476368145504,22248.974734811585,22687.603201260717,1088689128.4271004,0.0005026162520180844,64.10868285892144,0.01957094814332176,22452.745819453718,21223.724900447844,22802.563424070744,22289.321028554194
2025-09-21,22495.778306422388,23019.3017558948,22146.00156918382,22666.864870632035,472172105.89037275,-0.0009140820405185712,55.689758327475424,0.016019032288461497,22508.715974815128,21291.583649390646,22781.686723541712,22317.287239078476
2025-09-22,22544.626975442352,23370.543054540867,21899.33490805458,22720.224870342536,1156791568.9854193,0.0023540970493733937,53.15859598795503,0.013923544900178213,22592.71238042128,21345.861714302402,22772.231053818763,22347.13447102396
2025-09-23,20725.832192450474,20923.487746429382,20703.261806195853,20900.726900217756,692949236.8392336,-0.08008274480151956,34.092793546654136,0.03025627110916171,22569.86871459656,21368.86505523471,22484.307337880145,22239.99316948276
2025-09-24,21639.72656770707,22233.832426302462,21192.255227043042,21783.39037180689,1330078039.8261259,0.04223123319122157,37.51565621547579,0.036818236656734546,22583.684076815618,21399.84622091951,22376.473958484257,22206.17074002529
2025-09-25,21299.60083606199,21612.93424154732,20844.402647023333,21155.6179542858,617277762.032197,-0.028818857248850582,32.62421822459193,0.03727671736085769,22601.190267287668,21411.641348725705,22188.64995783834,22128.352015155695
2025-09-26,21060.101188049848,21482.218131473426,20507.338935555177,20926.783738236518,1063887745.4868369,-0.01081671150158603,32.865975448684836,0.03727286826729344,22579.660861045973,21448.457055238225,21994.516693284215,22039.34695760613
2025-09-27,21160.244891394075,21457.689060642813,20742.90700566412,21038.641831696103,649908203.2837244,0.005345211899676849,34.168798173168895,0.037561265557212634,22520.24250618819,21495.17219725959,21847.45902227066,21965.220651983167
2025-09-28,20832.90724779469,20950.941144838995,20771.625980001547,20889.49342535195,753887201.7362536,-0.007089260206875725,27.032320213014117,0.037381645831216254,22440.255214758356,21533.15251411158,21700.079699667785,21885.537153714187
2025-09-29,19428.117225319293,19450.00701274815,19285.34805502866,19307.10149323643,798855960.841239,-0.07575061299452546,17.31943878182038,0.04383663004263179,22275.32075384484,21535.273757241946,21331.929206370653,21694.541919604722
2025-09-30,20220.196935696924,20267.323831068818,20049.73791699254,20096.576692605737,800653333.1945693,0.04089040499662122,28.51727147526171,0.04093651181309794,22120.40616726633,21557.20578177406,21141.874973483744,21576.174125012203
2025-10-01,20093.32530739239,20329.19233116894,19885.946010448075,20121.522021430872,945086299.6943684,0.001241272541423033,30.476100649764035,0.035671037779061714,21961.417440778656,21578.03638173555,20984.89759624484,21468.422117339513
2025-10-02,20335.956111002048,20750.20801236077,20083.952459191525,20496.218386619024,965864041.8755738,0.018621671103660642,32.62670772264083,0.036161273094537566,21834.876118504013,21590.08557772667,20909.716179379328,21396.40702617503
2025-10-03,20585.377792499487,20863.75047687237,20422.680363819014,20700.145972886716,769746124.2544347,0.009949522512934683,35.64057536856238,0.036354092175605625,21719.440108133793,21592.86678429646,20877.474609149693,21344.83213333886
2025-10-04,19931.934621279746,19985.46709978707,19909.400150952362,19962.897623582438,847494085.4887961,-0.03561561112998601,32.08975927653114,0.03840670835559279,21539.474902485123,21584.548768855253,20736.77045752396,21242.466614097644
2025-10-05,19961.170834991157,20167.006384143766,19577.120731230563,19781.0994204421,983378378.6307834,-0.009106804361185383,31.424385046652773,0.03841661898377794,21332.81746165162,21578.31687746925,20589.74414412675,21134.21719234538
2025-10-06,19926.793537358135,19978.8940320303,19733.499013275097,19785.229374996718,1108344051.6748626,0.00020878286220771258,30.986990497152064,0.023709324913037916,21165.810967360194,21580.013062508348,20465.97264118367,21034.292168838074
2025-10-07,19699.937344915994,20185.23278710775,19213.389804183265,19698.65362269355,1000083120.2524996,-0.004375777033577166,39.95839736688591,0.017155694290708987,21014.28491716463,21571.33952321596,20347.92356141596,20935.355980234777
2025-10-08,19906.71502930451,20455.13633010548,19533.689511402266,20078.88458242967,1077815022.9956596,0.019302383148566138,34.45654200251144,0.01909969837575739,20873.694106322968,21574.086292857697,20306.53294926422,20871.913654471435
2025-10-09,20488.77553294357,20767.799816089595,20173.362912258428,20451.884802788572,741529201.5237596,0.018576740098665834,43.269911259426316,0.019092346534614772,20762.478057877106,21578.613290831447,20328.89477288335,20840.800406198632
2025-10-10,20286.37342392648,20627.66173508711,19945.21124276078,20286.49746783682,1254661970.6785748,-0.008086654924303271,43.80145820026997,0.018715274013770673,20642.42277120591,21592.485879196734,20322.372110568496,20799.740929282943
2025-10-11,20714.547234681122,20865.853420208794,20390.31086785079,20540.344617480205,1298400925.3964453,0.012513108783112736,45.30510894759133,0.01239198489752444,20536.096758548323,21605.44076586347,20355.906342401067,20780.526387667924
2025-10-12,20903.946335147255,21508.958999436945,20273.684420327743,20877.944527040665,857240139.305379,0.016435941842628976,49.89491934498643,0.011572220091936584,20443.982741383228,21613.04532671492,20436.219909268697,20787.742546139976
2025-10-13,21506.073479755923,21707.323551925834,21362.877043261557,21563.74312678952,481946100.11202663,0.032847994152902515,74.53585594011989,0.014267225656152726,20477.133552711814,21618.438189316174,20609.685019656514,20845.224070632536
2025-10-14,21662.658962528014,21736.39781644921,21469.074942875654,21542.40445510099,1158016342.1561127,-0.0009895625060576396,68.87245213807483,0.01364513165317089,20465.084256876522,21605.25606065327,20753.180317417202,20896.86706207464
2025-10-15,21812.62708496986,22580.6606485407,20964.846436918906,21729.969588491746,388205645.0638438,0.008706787293947693,70.1401137874579,0.013407710350798255,20493.801838586816,21584.999527947377,20903.45558989021,20958.57836032776
2025-10-16,20564.45148757268,21077.222168712782,20217.394412043657,20727.41483348034,674756473.8140886,-0.046136960796409165,52.5015831832571,0.02497701853326493,20483.83339334901,21539.13528473316,20876.372396596384,20941.45513611684
2025-10-17,19986.39667381155,20307.32838880477,19714.136173600244,20034.41378555156,881386242.9753662,-0.0334340318605193,43.48608335813517,0.02832696469371567,20433.621991041782,21505.724884712366,20746.840302589488,20874.266887926824
2025-10-18,19976.00499270142,20602.976117225757,19493.27337524464,20116.841114121336,1389673015.5005744,0.004114287018930574,51.727661938851504,0.027810792618586502,20394.98937548025,21467.664746259794,20649.917350517466,20818.16127505234
2025-10-19,19989.678570055225,20336.15143701048,19497.111303305708,19841.007312577556,757273198.5373334,-0.013711586226634487,50.658431139630636,0.02667614778247436,20421.684666447305,21428.1745474037,20525.469652372863,20745.77950005421
2025-10-20,20496.37911929081,20774.17424934192,20085.745376390056,20361.715357867357,1386063163.2621758,0.026244032729110245,55.689902521199365,0.02510485626319717,20434.941599710386,21384.783410633878,20500.276683987402,20717.330304336665
2025-10-21,20634.55483903947,20765.381425134085,20383.069307643284,20513.12601434324,778008733.1433532,0.0074360462178537645,57.9372387584758,0.02568591592946867,20454.521799356007,21364.096695652664,20502.253504042146,20702.20406063345
2025-10-22,20360.544153953055,20513.979127707255,20123.59267958228,20276.39350265387,1041663389.9927044,-0.011540538069324091,51.9801563566764,0.024788372409470193,20443.530555157748,21348.818630541355,20467.505811520874,20670.662537820146
2025-10-23,20201.77061235002,20294.276987881443,20005.11689971412,20097.14417802133,699615761.4710916,-0.008840296209928988,46.299739136157605,0.018937894347830282,20413.38046541448,21323.609509767535,20410.527098674793,20628.179696353567
2025-10-24,20827.630938145245,21084.59825235055,20484.387180253532,20740.276735062325,1269329383.7886226,0.03200119138043189,54.30432644311553,0.018267859299705133,20452.24942098847,21308.273381920266,20461.257811965184,20636.483180702366
2025-10-25,19760.184138762386,20214.408150210114,19479.29570451273,19931.090307120106,597216398.5054057,-0.039015218469783175,44.77173040156017,0.02477152701787303,20459.748965322375,21290.785305165773,20379.693580450556,20584.23185673331
2025-10-26,18915.63813661519,19153.0975352759,18821.583218512278,19058.333089847343,1313874635.3321064,-0.043788734275163166,35.69869249631863,0.02949057794979712,20423.404151064904,21244.804529701312,20176.40735112698,20471.20231844546
2025-10-27,18661.257608312168,18735.611684317064,18573.15191483403,18647.450979588182,944499960.1113325,-0.02155918402318424,26.04404673533564,0.02631710244853138,20370.844018909636,21173.21337071604,19941.183293967166,20336.109626678255
2025-10-28,18437.856822923084,18783.437436371,18248.884375536632,18592.87617169354,1199265604.9246254,-0.0029266631645461505,25.902608620867042,0.02530116951539876,20296.54359837283,21095.28610907094,19733.751429001994,20206.981222605315
2025-10-29,18775.41786366517,19041.64610069497,18594.3051309386,18859.720165283266,932241673.920334,0.01435194808622331,26.85019332612285,0.02746410856306668,20216.935366497568,21020.36469814647,19599.285080737573,20107.184107248126
2025-10-30,19281.86087144063,19615.92757966303,19015.621748791036,19348.76466611408,1324553488.7207587,0.02593063399376616,37.87634135312492,0.030660497027213098,20170.048726411427,20943.442622985232,19560.743478487802,20051.004889386342
2025-10-31,19584.910791871756,19688.887755158343,19326.88931219061,19430.04408280581,1025397477.5126544,0.004200754833411979,44.04451877606164,0.026600454707154417,20114.533699677708,20866.01757361766,19540.635879152112,20005.0077926026
2025-11-01,19588.71118841429,19705.380497109265,19295.226582148753,19410.836478653586,696002748.2895879,-0.0009885517536843969,42.95523089680647,0.023094360904562624,20041.178297258353,20793.693406548497,19520.666740613877,19960.99510268045
2025-11-02,19646.008262784148,19743.741524254696,19613.597607755353,19711.223281900326,1091348539.3364594,0.015475211672463463,48.71128277428609,0.015491751607995593,19948.552305013895,20727.74054858068,19549.983131581022,19942.493486326366
2025-11-03,20328.460595787634,21064.105576516526,19676.08611453527,20409.141896659807,936107455.6767442,0.03540716904162622,50.454921528889344,0.01416552657201447,19891.889177091834,20664.67935178276,19682.161403131602,19977.060035239952
2025-11-04,20056.1858783297,20363.334014486198,19845.578113069925,20151.72302433898,961596404.9470159,-0.012612919917174836,46.602470698156026,0.016300201049337933,19812.9768488842,20589.428847527295,19754.40165254812,19989.998034432472
2025-11-05,20519.75059471661,21384.097959400897,19551.7974295405,20411.58872383676,533179310.62785864,0.012895458079883237,51.26545863306372,0.01626968588252893,19797.185543402018,20535.15343678753,19855.507355823298,20021.226974388344
2025-11-06,20100.341158963813,20236.67282635479,19814.31905174621,19949.628502269246,922373953.8126394,-0.022632252090599714,48.68862338792806,0.019172064745018962,19792.9462792379,20479.562514300815,19869.987532199597,20015.923383861
2025-11-07,19713.298575722154,19807.605366313386,19608.08699031189,19702.34136250096,383911400.9554103,-0.012395576175273537,40.074468245759405,0.020217946473123482,19772.221291656882,20415.795325565574,19844.195813784423,19992.69508598248
2025-11-08,18843.1999993498,19267.67006670395,18419.75657680624,18844.204080500353,829042440.2462722,-0.043555091560533055,39.70276657789573,0.026689733142949118,19722.38113005302,20339.155291741466,19690.350931740722,19907.621678168987
2025-11-09,18427.750304894467,18717.471071929984,18112.07848816577,18401.38473619266,1224500614.966056,-0.023498967768339707,43.22402039708288,0.026027100458819535,19624.36459896929,20253.430922440104,19492.048440117942,19796.048571355925
2025-11-10,19268.261390434494,19333.65634888667,19233.518117902386,19298.857906711488,868119869.3197614,0.0487720453316558,56.105927726482896,0.030048594923652007,19563.6511935877,20186.070783161693,19462.326819593873,19759.219633234115
2025-11-11,19771.08062569314,20086.9354441215,19609.324726181465,19923.929024684494,1200791176.9886296,0.032389021205012636,61.27110392059303,0.03341648706954289,19546.027969689232,20130.14486624853,19533.342543453968,19771.420328897108
2025-11-12,22277.441717556627,22380.741329556073,22036.81161598064,22139.471465403418,810692057.6666793,0.11120007695138878,70.8810591164356,0.054381369330189104,19648.144334058336,20154.91975755225,19934.285454523113,19946.831524193873
2025-11-13,21753.309328269872,22113.8639476454,21576.816972539003,21935.89024780664,1272702019.994937,-0.009195396462598704,67.09264690111752,0.05314124653424034,19707.92500969555,20157.96975507224,20242.22465348981,20094.16920742445
2025-11-14,21677.17489344383,21860.385158521483,21400.068407121216,21582.478319547252,1002268656.6304244,-0.016111127666438185,63.72711653974769,0.053475854399877835,19790.494410316907,20166.506962377473,20448.417525190955,20204.414326840953
2025-11-15,21777.584656436262,21827.377158560816,21621.504236706274,21671.053164089062,1351209591.0475204,0.004104016379879338,64.28807981440329,0.047594849478208016,19921.130414028994,20181.39235089452,20636.515315790664,20313.054240711183
2025-11-16,22461.17873725645,22850.939920612906,22209.13355348553,22597.366523386052,819766470.6617751,0.042744270538359386,66.90694993420504,0.04367475835867103,20118.62619121889,20212.56684472832,20938.1847323438,20482.26255794636
2025-11-17,22618.276350103126,22905.303506261927,22384.83916332415,22671.318881687035,438272508.9001582,0.0032726095859201276,64.29692856215354,0.0438973524376244,20322.548326718563,20248.203353855024,21204.820755319684,20644.414878223448
2025-11-18,22177.686774806592,22631.88187528504,21807.251024707253,22260.070070139373,984988046.5501577,-0.018139606861595214,63.07058019333251,0.04638305418228902,20492.56582196137,20307.26272539308,21367.16680375348,20764.09304058759
2025-11-19,22757.887166732857,23095.813454520227,22529.306511818242,22866.14545132018,830755112.3534253,0.027227020367461607,64.59057077489354,0.022748315537072263,20668.434861221675,20362.65410056737,21597.778903379127,20919.800626567783
2025-11-20,22547.650483100002,22559.904238846848,22392.274847733956,22404.450780109146,1594515194.9519222,-0.02019118929309427,64.59260997068296,0.024211840050038895,20817.155196086842,20408.312675740934,21721.8822690299,21029.77471201529
2025-11-21,23188.328434143586,23543.61597677331,22690.716413209622,23043.78935313299,345310916.17378175,0.028536230559664144,68.97852425975056,0.0241352438057198,20998.802839810807,20459.264095071216,21925.25258966114,21178.960981727712
2025-11-22,22222.221546117442,22661.39465924434,21652.74389970898,22089.289912790086,968824089.8557614,-0.041421114631614686,68.23164552672976,0.03102828702451893,21117.7061713553,20487.04697386928,21950.48910091175,21246.392754399
2025-11-23,21624.022422481623,21873.63642920696,21353.477672284236,21602.847246198136,750084480.3009418,-0.02202165250727639,67.8988245663725,0.026591973312110072,21177.391438832215,20519.845966321598,21897.005738648117,21272.796790828565
2025-11-24,21844.96749490045,21869.98538911187,21667.860083701562,21692.703598067183,470034426.9106422,0.004159468001832867,64.71215866577057,0.026646157742928566,21254.440467518627,20558.078049874097,21865.574640097202,21303.900998772166
2025-11-25,21605.90671103252,21807.941631197085,21335.60819495329,21536.998762998504,896675608.1157897,-0.007177751466744375,60.52060980933665,0.02612945397484843,21310.710969476713,20593.113437634132,21815.02450515894,21321.16749982597
2025-11-26,22823.73620115747,23389.43825163558,22413.776084966437,22976.730058659687,1110945189.4787867,0.06684920733406474,56.07552149546437,0.036399186740338485,21462.066047296234,20658.674966353457,21993.748436466747,21443.80176344328
2025-11-27,23573.862422942148,24056.55252398627,23126.06260290379,23608.1022967697,1483430591.8053682,0.02747876814925876,61.4249967235469,0.036178320338722224,21657.354094009672,20729.25932064026,22242.110568821045,21604.12032146746
2025-11-28,24274.699898621162,24602.314956267786,23725.04777123015,24049.62518617884,1432266713.115059,0.01870217622148962,66.65566905208497,0.03543384028839575,21917.625149293595,20801.214128308064,22520.189740722246,21785.2688299646
2025-11-29,24423.89542311243,25265.129235807064,23431.334397686212,24267.1701102752,521586482.6106966,0.009045667964147075,67.22637257723217,0.028472594021100396,22210.914417997723,20880.82758115683,22788.9559514227,21969.113369246865
2025-11-30,24314.482021317348,24593.077625806913,23856.251228282592,24132.764713849123,1157586963.9077566,-0.005538569013828654,61.38446855753336,0.025540997117642683,22452.609758354607,20952.67598308421,22995.695761026764,22129.383839217404
2025-12-01,24007.998105067774,24493.927657476397,23434.195903621865,23918.31014302262,1347928667.744225,-0.008886448501419841,59.05731273179364,0.027001667922919168,22652.32881427151,21013.48329540385,23137.63643517997,22261.896898758532
2025-12-02,23944.634973334305,23974.40009409475,23800.207710799834,23829.830119828304,931702703.6597608,-0.003699258963749452,61.96258619293071,0.026567902382445444,22736.846746992756,21058.805035264624,23244.127771279716,22378.040100319256
2025-12-03,23986.621020107643,24101.09675991501,23927.449318866034,24041.78896692191,1092039531.068732,0.008894685611595676,59.53171910151731,0.013459050838942733,22842.14168294852,21108.792725501044,23366.844878301592,22501.28075710464
2025-12-04,24973.207092597906,25736.82361932467,24337.26163230073,25097.707736463162,612827019.9898398,0.04392014134197941,69.91691326294753,0.018285161659251155,23017.903153794316,21176.147488460472,23633.131471864912,22693.608681501566
2025-12-05,26161.193356518586,26270.208577016994,25818.735233234613,25926.773612971836,923506822.2592508,0.033033529803367934,70.73803501691219,0.020258823770414963,23230.689176238455,21280.1346640503,23985.99949357367,22933.102380128996
2025-12-06,23834.78495721469,24188.135590090118,23636.09081933847,23988.162846697847,820717552.0478332,-0.07477254189869775,61.96506814283296,0.03831116750312654,23300.228992404045,21359.209645273226,23986.332317131233,23011.255007282245
2025-12-07,23312.57970987553,23315.097697049263,23196.07717467974,23198.58284907484,1292514742.9714549,-0.03291540092790812,59.684969345641115,0.040201613449598016,23326.592190773437,21420.844479972297,23865.140091276404,23025.13114371133
2025-12-08,24110.336491971277,24142.345176365317,24028.295010147347,24060.23718311106,1614956523.4459393,0.03714254183723065,63.138359230052316,0.043103910879772216,23416.600546422014,21505.229077382966,23895.155028481735,23101.805665148346
2025-12-09,23928.213139579486,24209.247640990525,23881.664475222427,24162.243706102945,1744875018.8409817,0.004239630815588313,64.65584589604518,0.043043870850860255,23481.405459161157,21581.239644347675,23936.245594269614,23180.356631144983
2025-12-10,24536.457184347797,25708.5738516731,23189.859126524218,24353.222602386995,1069621253.1073807,0.00790402160523751,58.929503019806894,0.043022084053698166,23578.84405027505,21658.04157610855,24000.39590321075,23267.235591977726
2025-12-11,23995.858561697572,24813.423779301767,23228.65125433128,24044.65628722642,848854465.0728625,-0.012670451060975085,52.95578117766021,0.03911398243377986,23628.88739697972,21733.406831800003,24007.20519305931,23324.822310144296
2025-12-12,23882.277149382626,24672.90572003464,22992.70493232965,23779.94579883129,1497659754.6809552,-0.011009119250157684,48.12928834615538,0.03524588997239397,23713.42019128178,21807.062864216205,23972.242209331926,23358.535161158146
2025-12-13,23398.524523757867,23556.347251480485,23201.12183310628,23358.6757816084,1121482153.543295,-0.017715348083072402,43.87118251538286,0.022544609608890764,23801.211618052293,21859.430845147126,23877.847374297537,23358.545577487796
2025-12-14,24683.977471680937,25020.0249853174,24443.856564815324,24778.979913273954,1700560628.6205182,0.0608041373982271,53.71492253202388,0.029093477962866224,23955.525433812632,21956.3886372702,24016.48314952468,23463.76293569418
2025-12-15,25212.90629276648,25281.737442265385,25072.641052953455,25141.276653778492,944869390.2314521,0.01462113217624661,56.91300716785182,0.026715682997771103,24135.739328351632,22078.047508548825,24189.528304025265,23588.023211107833
2025-12-16,25069.41520724243,25262.5747734717,24841.384569119564,25034.27336786605,786004578.9713497,-0.0042560800466097115,56.794074010685954,0.027031695354836602,24238.61649381195,22205.783956314383,24319.489083077693,23695.15285234918
2025-12-17,25412.50041502656,26012.874759394632,24770.871239002452,25370.247347973967,923343313.3476208,0.013420560492048095,57.390227143184006,0.027197361884941026,24326.723746372165,22341.33137983999,24481.144200754043,23819.23392609916
2025-12-18,25705.150011192276,25911.23121282531,25597.85251960353,25803.52309592502,969300062.917459,0.01707810499473328,54.218710650504164,0.026063182287795743,24414.41864185947,22480.207438452824,24684.587107703424,23966.218309049225
2025-12-19,24821.762004440272,25099.050736923287,24347.555661236554,24622.619736703084,370131589.8185732,-0.04576519860609374,42.51959537965864,0.033168183961743196,24432.191123180866,22585.684539864604,24675.053666011063,24014.840637023586
2025-12-20,24159.202740480257,24961.719151164794,23325.451880258377,24126.8951011086,1354989275.377483,-0.02013289572333954,50.953584795139896,0.03346095386617015,24431.897642543838,22679.621560230662,24590.721579102992,24023.140967696552
2025-12-21,24287.413451521268,24623.281339905414,23958.658478842262,24294.431372490915,1033723594.8576478,0.006943963186320623,58.23673179406203,0.023111752025276475,24450.703704017254,22777.293458107408,24545.138470393442,24043.236553236875
2025-12-22,25401.150706848897,26378.458006704655,24313.3905919354,25286.278180255722,1058595214.6754651,0.040826096835009595,59.03840457114348,0.027973965485202493,24523.526107038626,22888.794556074514,24659.15996421841,24135.313710793827
