date,open,high,low,close,volume,return_1d,rsi_14,volatility_7d,sma_20,sma_50,ema_12,ema_26
2022-01-01,2115.856708637056,2116.5420913960957,2096.8994005907766,2097.5788626650883,409076155.35155827,,,,,,2097.5788626650883,2097.5788626650883
2022-01-02,2154.067212019988,2292.5310332469912,2019.1903627509805,2157.4428203696316,293592445.45191664,0.02853955041694256,,,,,2106.788702311941,2102.0132299024617
2022-01-03,2152.572041613373,2168.332817395373,2137.015020328509,2152.774334106653,570090015.3163618,-0.002163898027285227,,,,,2113.863414895743,2105.7733116953646
2022-01-04,2240.463443275799,2264.5323587530042,2220.934727022496,2244.964410389093,458238311.4075041,0.042823845872677735,,,,,2134.032798817797,2116.0837634504555
2022-01-05,2193.534545937122,2231.136705992786,2172.8596243396846,2210.303728288591,651605345.521531,-0.01543930137159466,,,,,2145.76678796715,2123.063020105132
2022-01-06,2241.968275667705,2292.950305311001,2170.2247378563975,2220.723668243922,583853788.8349899,0.004714257059774685,,,,,2157.2986157020378,2130.297142189487
2022-01-07,2221.33528430653,2284.7894161436607,2154.3982440075133,2217.7499582798655,404869275.0374347,-0.0013390724864061898,,,,,2166.598822252473,2136.775128566552
2022-01-08,2283.0763609444025,2291.136100305246,2273.5534268780775,2281.607982554614,447932590.0383727,0.028794059508979952,,0.02117277728945374,,,2184.292539222033,2147.5034881212237
2022-01-09,2158.947464016329,2198.573745757769,2139.2593264487655,2178.7054289417565,502753371.7337165,-0.04510089130107364,,0.02870124165746007,,,2183.4329837942983,2149.8147429968185
2022-01-10,2195.2686935980887,2225.2526065473494,2180.6712584971215,2210.5535349223837,648828917.5630735,0.014617903621829464,,0.029018420279362956,,,2187.605376275542,2154.313912769083
2022-01-11,2241.913738843341,2282.959311053307,2190.4113399257717,2231.261895259115,172489886.1172327,0.009367952419871317,,0.023889580205434337,,,2194.321763811476,2160.0137633239
2022-01-12,2334.9211426268093,2372.1639945182496,2316.1165108294226,2353.2120541670647,449208208.07620484,0.05465524202562855,,0.030438527850858123,,,2218.766423866182,2174.3247478308012
2022-01-13,2230.589566218887,2307.0986549308773,2135.1380088634605,2210.9742949438883,437815239.41210943,-0.060444089163703696,,0.04042907992354364,,,2217.5676348012134,2177.0395290984375
2022-01-14,2125.375732393118,2220.3976415334228,2015.6090106927015,2109.940852799698,349470545.47298497,-0.045696344084703355,50.783083186907334,0.04400630469711738,,,2201.0096683394418,2172.0692567800124
2022-01-15,2096.027944591713,2139.8023072456403,2054.6909288594743,2098.4181527935675,472845412.84907174,-0.005461148349652056,50.052400746080934,0.04127889746886535,,,2185.226358255461,2166.613619447683
2022-01-16,2033.900356210241,2110.4147213402644,1960.5323546954535,2036.9371740195797,452645805.25302386,-0.029298726134321607,42.49143879220688,0.03950691125595491,,,2162.412637603787,2157.007956823379
2022-01-17,2145.4144591270456,2216.5070522276155,2092.9843754419794,2163.631770116833,562172006.7570672,0.062198578195340914,50.58721785416196,0.04750915789204295,,,2162.6001964519482,2157.4986096599314
2022-01-18,2173.569576379599,2211.667710625966,2130.025358197429,2168.026330930507,524572467.3168469,0.0020311038478773025,45.402210698034935,0.04729451637858669,,,2163.4349863717266,2158.278440865159
2022-01-19,2122.647070192236,2138.6655136580052,2122.0700694636917,2138.0843166113095,460608091.2267438,-0.013810724478768854,45.65971847591073,0.03984104743083827,,,2159.5348833316625,2156.7825798093186
2022-01-20,2111.1234797210736,2205.6360370569037,1998.4494613918757,2092.1108450558863,264453729.27509743,-0.021502178935715377,42.58733178785008,0.034454777775053666,2178.7501207729524,,2149.1619543661586,2151.992080938694
2022-01-21,2104.923385675448,2171.710513045549,2038.5810037102854,2105.354542016361,304081969.98659855,0.006330303669985993,43.597821682848185,0.03015003220206155,2179.138904740516,,2142.4223524661897,2148.5374484259287
2022-01-22,2076.9674887474202,2104.1889722371243,2049.0305457947884,2076.2425276838508,347630384.6673718,-0.013827606586693353,37.82000973564792,0.03056874815479674,2175.078890106227,,2132.2408409612144,2143.1822691117004
2022-01-23,2054.51738892008,2081.93780637219,2009.391772258638,2036.5726925578115,578276866.5636504,-0.019106551665856175,40.886727053960335,0.029215976953011834,2169.268808028785,,2117.522664283768,2135.285263441042
2022-01-24,1973.903634854798,1974.6115036348144,1963.1536467759108,1963.8579130229912,454259946.0455424,-0.03570448518756042,34.970018007112486,0.014277007657610585,2155.2134831604794,,2093.8819333205715,2122.586941187853
2022-01-25,1908.3728516690298,1929.110085764485,1902.557189299652,1923.249088872126,396144637.3095131,-0.020678086679069008,31.67852944416704,0.01260001161640991,2140.8607511896566,,2067.630726482349,2107.821174349651
2022-01-26,1849.9346998854942,1895.327115924432,1807.1466621312202,1852.4802020156349,357049201.1925576,-0.03679652691165092,18.283924501963256,0.014511008225180262,2122.4485778782423,,2034.5306457951624,2088.9070282508346
2022-01-27,1810.703349261846,1917.085053041436,1705.0916143962627,1811.4308837382832,497958611.0041809,-0.022159113081309578,20.97223792848662,0.014523076583597186,2102.1326241511633,,2000.2076054787194,2068.3532397684235
2022-01-28,1877.0978250275396,1892.096276042826,1866.9018505572344,1881.8743565245059,484699646.85248834,0.03888830284313527,32.65968255203413,0.025516986486522696,2082.1459428496573,,1982.0024902549942,2054.5399891577626
2022-01-29,1934.6964447729433,1961.856783701517,1906.7866402289822,1933.9363079361476,376071947.4376495,0.02766494544715048,38.22030612087603,0.030363488029354704,2069.9074867993777,,1974.6076929751716,2045.6063831413467
2022-01-30,1911.4925464833962,1958.1855640683602,1873.384509831293,1919.9097203429124,268553253.995381,-0.0072528694640435765,41.00762774537818,0.0300805920364807,2055.3752960704037,,1966.1926202625164,2036.2955192303516
2022-01-31,1882.4658038202786,1903.797475041551,1861.430863750731,1882.7592558968504,420768343.3596498,-0.01935011008716936,24.97393121378029,0.02814340069301217,2037.9501641022903,,1953.3567180524137,2024.9224626871294
2022-02-01,1916.320733582039,1942.9965808675151,1889.350399333948,1916.022089388984,551792291.8981205,0.017667066773382478,28.644727274308863,0.028465067037194508,2016.0906658633862,,1947.6129290272706,2016.8557683687484
2022-02-02,1919.8324310359658,1961.709753818801,1887.3740080647124,1929.0947339791144,295869598.74612796,0.006822804738279009,31.768613731589497,0.0234485208400799,2001.9966878151477,,1944.763975942939,2010.3549510065534
2022-02-03,1954.779202680467,1963.24525354428,1935.8803831695677,1944.3010536946956,614489641.47851,0.007882619473132513,36.3742558528091,0.01990923505954606,1993.7146978598976,,1944.6927571355168,2005.4620697241935
2022-02-04,1934.421886271527,1968.766568332255,1910.4329897633925,1944.65082209981,428918298.3587572,0.00017989416014030368,34.824889730533684,0.015555311244966025,1986.0263313252096,,1944.686305591562,2000.957532863128
2022-02-05,1871.5964695122566,1908.0824241087753,1817.3539531553604,1853.4868690106623,444955366.31202304,-0.04687934309497788,31.17185407542928,0.021626468440078706,1976.8538160747637,,1930.6556230406543,1990.0337799851677
2022-02-06,1813.099459167392,1847.524613386919,1777.9100840291921,1812.320447219856,340770342.6534566,-0.02221025812434252,31.09319008758297,0.022509405692134037,1959.288249929915,,1912.450211375916,1976.8698294099595
2022-02-07,1836.8457131623118,1876.926374710034,1799.7869192832545,1839.8078196368274,563488357.8991631,0.015166949343388803,38.67781745726797,0.023368809362603066,1942.877324365231,,1901.2744588006717,1966.7170879452829
2022-02-08,1750.1424747434066,1777.828021862661,1721.497946905421,1749.1680800509214,518525662.3622245,-0.04926587365184587,35.441073334307475,0.026903926008992683,1923.4315125372116,,1877.8734774545562,1950.6023466197746
2022-02-09,1789.7697834554,1825.5853694810075,1753.2375746655043,1789.0385273191,433577766.1160334,0.02279394857641015,44.40501545099641,0.02938946801069209,1908.2778966503724,,1864.2065620491014,1938.6346563012062
2022-02-10,1878.0489379508751,1935.5986182797067,1806.1425634317643,1863.238399488059,514414487.0394897,0.04147472010015818,54.31656025196545,0.035055865128428516,1896.1720895239573,,1864.0576139627872,1933.049748389121
2022-02-11,1961.2390317074917,2007.0096781427085,1909.4968139155837,1955.124768002897,529803648.8501493,0.04931541156519992,55.892609673552016,0.0408338485581553,1890.1162015399095,,1878.0679453535731,1934.6849350271787
2022-02-12,2023.2031720106377,2046.79514866207,2010.0482871216818,2033.572840099637,721734259.8381054,0.040124330365305605,57.68882434214355,0.03668995430033727,1889.966208917001,,1901.991775314506,1942.009965032546
2022-02-13,2083.8938382232104,2110.418109423947,2047.5919467419526,2073.9901617123573,533852434.81647646,0.019875030200904975,61.424848436842005,0.03305159872156352,1895.4728213514693,,1928.45306552956,1951.7862758977171
2022-02-14,2104.484022935993,2155.7912506074586,2044.5100111810311,2095.6006629272397,410412018.35650545,0.010419770360453384,66.15416971357647,0.03321383480177291,1904.0904000542246,,1954.1680805138185,1962.4391934554596
2022-02-15,2098.958793326039,2132.9051896350056,2065.567146089618,2099.504855278033,560844416.8803116,0.0018630421434109312,64.57547367977051,0.017576342914468204,1916.4416327173446,,1976.5275843236977,1972.592205442317
2022-02-16,2135.825769021565,2161.7697153075455,2126.17813027649,2152.048796284344,451349708.710669,0.02502682519367294,66.66586673156777,0.01751692754334056,1933.4725283446473,,2003.5308477022588,1985.8852862454303
2022-02-17,2176.9678478312026,2211.9222364384823,2162.713539578326,2197.533270307393,380425416.0273566,0.02113542876052854,68.10942480831862,0.01633808897034118,1949.255474033792,,2033.3773742568947,2001.5629146944646
2022-02-18,2315.7105811787833,2318.9504790178057,2289.8537158840904,2293.0619261153465,217887788.36322388,0.043470857574133825,71.93054191291137,0.014913988232687332,1967.211754942752,,2073.3288437735796,2023.1554340589742
2022-02-19,2342.5360520137488,2384.4740900655956,2320.9203783728426,2362.6726070318523,272816847.6586643,0.030357087230711066,82.94429449724599,0.013443536914664546,1989.349899277199,2057.3381727142732,2117.8432688902367,2048.304854279187
2022-02-20,2373.8268973151203,2391.932661391714,2358.693797718309,2376.780731162452,628487499.2434396,0.005971256486662968,87.84566090356101,0.014729810448823547,2014.0509730404792,2062.9222100842203,2157.6798015475006,2072.6364007149846
2022-02-21,2484.9048785418604,2496.895212883598,2451.0185585118584,2462.9027265528803,700656451.5027304,0.03623472466823108,88.73164770614599,0.015227920856366038,2041.395004898674,2069.0314082078853,2204.6371746252516,2101.5450174437174
2022-02-22,2396.489528987232,2465.566597380933,2335.4858161218744,2404.362475149591,362384786.5983036,-0.0237688036852447,92.41976509115129,0.022584786104506437,2065.1583919571976,2074.063171028744,2235.3641439366884,2123.975940236745
2022-02-23,2425.0112958303544,2449.7828879843355,2378.47767263818,2403.024670491644,660135815.1545212,-0.0005564072271855292,91.83936107957132,0.02363872862796525,2088.094572797045,2077.2243762307953,2261.1580710989892,2144.6462165519224
2022-02-24,2376.8186898097156,2415.168010034785,2345.2950192634876,2383.5549960732346,420467695.688699,-0.008102153364254017,88.31423837058308,0.025140307251382076,2110.0397814957164,2080.6894015864877,2279.988367248873,2162.343163183131
2022-02-25,2325.7229848899847,2389.0173214826664,2282.2891199089922,2345.2193535329375,306856040.5227698,-0.016083389140780446,81.18454857560033,0.022646210122562908,2134.62640572183,2083.1793152922683,2290.0239036002677,2175.8895476534867
2022-02-26,2376.9245249031555,2464.5681549480432,2288.4945920188693,2376.108118970985,434717372.97958714,0.013170949400325815,79.63610301624759,0.020020556453716913,2162.815789309386,2086.3464785060905,2303.2676290419163,2190.720552936264
2022-02-27,2300.5155168480705,2352.25383330574,2255.2659794100764,2306.879128068592,474823255.43981785,-0.0291354548850975,69.19265780402148,0.0227704387498148,2186.1693547309746,2086.8519014163703,2303.8232442767894,2199.324891834955
2022-02-28,2403.941212618177,2413.9305978245325,2383.3891712852396,2393.334481068004,585225194.6576376,0.037477192431749184,72.16737616702308,0.023138519699042428,2218.3776747818292,2091.1444824588953,2317.59420378313,2213.6959725188844
2022-03-01,2410.139257234431,2447.013067960199,2368.354038936497,2405.151540325069,524083229.884991,0.004937487572481691,72.49150437001161,0.02150767459246815,2249.1833254321273,2095.0364425669486,2331.0645632511205,2227.877866430454
2022-03-02,2496.079195237202,2563.506123307693,2427.902381908579,2495.3084908358587,493424186.99582577,0.03748493556402033,73.93439906311792,0.025674208075919403,2280.7868299995175,2100.3173744784835,2356.3328598026187,2247.687542312336
2022-03-03,2623.7998247988867,2709.797730134231,2557.2047624826964,2642.7223912808827,654602174.7570994,0.059076423210359996,77.1783634437866,0.031548141849920296,2315.1667111634165,2106.10758122076,2400.3927877223514,2276.949382976673
2022-03-04,2640.323973399654,2718.0513887101547,2539.0160948224193,2616.028279147473,274084102.7621101,-0.010100989881298705,71.52594391885393,0.030624569970264956,2344.2894831158083,2114.208660904832,2433.5674787108314,2302.066338248584
2022-03-05,2676.829810266815,2729.8750810069337,2618.2365763793196,2671.1696834860395,648411802.5356284,0.021078290620213158,70.96594204754999,0.030643057383705003,2374.1484592044926,2125.4332375185586,2470.1216640608636,2329.4073267846916
2022-03-06,2599.3971163780125,2617.1914858214377,2579.5516938569895,2597.3319258827764,574140910.0883281,-0.027642481142156505,63.863477347556085,0.0302692331463851,2399.2350223522694,2135.411512980343,2489.6924735719267,2349.2535933845497
2022-03-07,2579.070690084184,2605.425226800629,2576.985969538168,2603.3209042638878,683713058.4456892,0.0023058194146963196,59.815243482416534,0.029298791655404003,2424.425824801562,2146.739187585229,2507.173770601459,2368.073394190427
2022-03-08,2641.7152058466168,2668.850373203488,2631.2986124896292,2658.368115467785,603248207.3226371,0.021144996421200934,67.84214565405705,0.029246660131403566,2449.741790760734,2156.6339144922476,2530.4344390424326,2389.5767068776386
2022-03-09,2690.6368097709337,2736.367178580913,2634.621121848676,2680.173657738349,622137071.9210252,0.008202604501493793,68.92366848528316,0.027497005283199448,2473.8738101322824,2166.876861028405,2553.4712419187276,2411.102406941395
2022-03-10,2603.779701150481,2643.138893774321,2539.7095771352224,2578.6895018873097,512260371.17324364,-0.03786476878392875,61.981794582066925,0.02305471746244401,2488.15518892088,2175.688964733925,2557.350974221586,2423.516265826278
2022-03-11,2685.4245796937307,2753.3803868979608,2594.9049172274567,2662.2749122859655,636725718.6523325,0.03241391037481667,68.44320777177732,0.02632305297400005,2503.1353041835855,2187.0922460785264,2573.493118539183,2441.2020914899585
2022-03-12,2571.3462295094305,2665.515985086588,2460.6627982045725,2554.204787119434,268024284.4056519,-0.04059315011676867,59.50632774420214,0.029336059466647812,2512.006506981435,2196.069250980588,2570.525682936144,2449.572661536586
2022-03-13,2594.688033956475,2641.607338337126,2523.598041252788,2570.0722220751845,451629102.3552757,0.0062122798593786666,64.89718158209763,0.02793132648334871,2517.3649817575506,2205.9458448684145,2570.455919726766,2458.4985549098155
2022-03-14,2508.53841561895,2526.374992487905,2502.5111166947713,2520.3193872650127,656521935.5662497,-0.019358535679592448,57.49914219683794,0.028672631231647185,2523.162827363321,2215.6207787625585,2562.7426070403426,2463.0778758250153
2022-03-15,2477.950667638813,2502.135832771836,2463.1263474110856,2487.255844397904,450832144.46860933,-0.013118790830311422,54.73000452399203,0.026450727314592325,2527.374386058634,2226.088737390057,2551.129258941506,2464.868836460044
2022-03-16,2490.4067654539117,2603.772132706641,2388.0886236917186,2501.0180281546145,482123729.4614029,0.005533079271964336,50.36067163895177,0.026176531086923593,2533.2475376627035,2237.6441161757066,2543.419838820446,2467.5465543633454
2022-03-17,2501.1336841762395,2527.2696609569025,2462.451669401667,2488.455160016093,166902730.6219571,-0.005023101791789553,38.253708579151784,0.023004545224680477,2540.4093279868607,2250.363615335716,2534.963734389007,2469.0953399672526
2022-03-18,2381.0624295025423,2408.8607457754465,2357.513275550197,2385.2699783756966,44890147.19348394,-0.0414655579487031,34.26264454357295,0.019781921383844773,2540.867420957097,2261.840397228464,2511.9339257715746,2462.8860539234333
2022-03-19,2316.446341351861,2325.2782301469924,2288.082096392589,2296.8392293733955,361329955.98225015,-0.03707368549639822,25.58005113147587,0.019066745252406567,2540.365426022337,2270.139694685442,2478.8424340180086,2450.586289141949
2022-03-20,2358.2529841009323,2431.8612265885895,2290.516498783296,2363.960794890167,478855276.804862,0.02922344962519774,34.6411348959537,0.02451772438115869,2538.896741713445,2278.7401844245223,2461.1683356906483,2444.169585864039
2022-03-21,2259.4616728120777,2287.9998466154248,2240.8758656773325,2269.3328415385536,242483447.46897444,-0.040029408929351584,30.315821004905786,0.02674950939141759,2532.1058067741187,2285.7286468484353,2431.655182744172,2431.218715914003
2022-03-22,2252.6168898856854,2323.7323102653095,2174.104342995658,2244.9786222306434,516085474.23607785,-0.010731885099498517,24.721612096188878,0.026786203511210097,2519.589313343858,2292.973034175111,2402.935711895937,2417.4231534189394
2022-03-23,2257.50889532032,2282.86293778354,2229.5230578018522,2254.8472068893952,534831849.4485298,0.004395847943062581,23.606365883051765,0.026649503685020694,2500.195554124284,2299.7495365251193,2380.1528649718534,2405.380490713047
2022-03-24,2215.0468278311496,2226.8395677430167,2189.782326145587,2201.502959538454,491002643.1973479,-0.023657588499990112,25.10638296634069,0.026488538413220995,2479.469288143833,2305.1977010363057,2352.6682641359457,2390.2784513667807
2022-03-25,2233.6083140376645,2294.6305653894756,2187.83989597107,2248.555860165922,559151202.5569255,0.021373080796281307,21.311920461106524,0.027464431181820664,2458.3385969778274,2311.2827971657302,2336.6509712174807,2379.7804816481985
2022-03-26,2192.0643056084705,2309.268778150304,2093.091255786066,2209.50812898786,823161040.2817739,-0.01736569318548331,23.56790976412512,0.02488485809276459,2438.9474071330815,2316.5799433034913,2317.090533951385,2367.16771478447
2022-03-27,2203.3664929540796,2284.581567193015,2119.959571331574,2201.0907632205476,632006420.085779,-0.003809610680712061,21.37867828919687,0.01988681058151462,2418.8359000809146,2323.532021187689,2299.2444153774104,2354.8657183723276
2022-03-28,2291.441627511416,2318.9004293917283,2255.346734291707,2282.7007930094724,96145919.53841805,0.03707708521274977,32.436329193664804,0.02173401260084024,2400.0525339579985,2332.9396281034815,2296.69924270542,2349.5201683454497
2022-03-29,2399.3887019957738,2460.968745578116,2337.2601619454194,2398.8257576231895,359852162.11885816,0.05087174147804974,44.17848195842274,0.027798871107938154,2385.9851389522405,2344.119986863209,2312.411014231231,2353.172434217875
2022-03-30,2428.527776030371,2438.899518597008,2406.3632441905233,2416.6844061607094,507380340.19746894,0.007444746030747407,44.477943435111264,0.02772312408569146,2377.8848841659105,2357.470313385404,2328.453074528074,2357.877024732159
2022-03-31,2531.2724010372003,2535.854963325205,2527.201093713101,2531.782835017318,663990896.5568285,0.04762658647657725,52.50118609176001,0.02623309798980634,2371.3602803024783,2372.325199539369,2359.7345761418037,2370.7589366051334
2022-04-01,2506.445232536287,2526.6529136984154,2499.4928312945653,2519.6638465414644,551253458.7432598,-0.004786740911674969,58.66971773027697,0.027892170468231677,2369.6332332735797,2385.453708480437,2384.339079280213,2381.7889299337503
2022-04-02,2459.0215806784936,2472.556348380668,2458.387938684409,2471.9193828740263,222148262.2350459,-0.018948743394073375,61.9201059137121,0.02821912472730812,2364.725591313522,2395.78960077786,2397.8129721407995,2388.4652597811782
2022-04-03,2424.8495007938836,2438.181888219382,2396.187486577613,2409.435122158586,562564549.517997,-0.025277628853248246,53.11573508761416,0.031740645968828994,2359.1813780582006,2403.3068464190383,2399.600995220459,2390.0185829202455
2022-04-04,2429.634991242562,2460.752084192141,2388.4845273494398,2419.471452691568,500457011.9463769,0.0041654288346184565,61.635744641213904,0.0300463306481173,2355.792158472884,2410.216472238623,2402.6579886775526,2392.2002769773803
2022-04-05,2475.203471792963,2522.838004958637,2447.7427108969846,2495.155885108696,1037539178.1752948,0.03128139095542215,67.95982485009796,0.026122860415962547,2355.499051320588,2418.207576682252,2416.888434282344,2399.826618320441
2022-04-06,2544.7562736371183,2581.436176155725,2529.6022963327505,2566.1547711878166,563332637.3218547,0.028454689545790668,70.54505388957347,0.02749684923015828,2359.3840318791745,2427.5405750004475,2439.852486113955,2412.147222236543
2022-04-07,2611.7152429308912,2628.6896502506834,2571.8748081005447,2588.69962928078,623782343.9499379,0.00878546311629047,76.63626827462258,0.02169328508144186,2369.555514424428,2436.2735916603765,2462.752046601159,2425.225178313894
2022-04-08,2575.1233069905006,2605.246635837807,2526.853610466645,2556.7621538500616,398759503.9555313,-0.012337265810785203,71.65261494636515,0.02234507419672519,2382.5516606482615,2443.45816933123,2477.215140024067,2434.9686579832396
2022-04-09,2609.485593226231,2673.2155251935515,2562.12380659564,2625.5619549201165,549146329.5111787,0.026908956301020748,78.05643083036662,0.02179136515981733,2395.631718649759,2450.108169907325,2500.037726931151,2449.086679978564
2022-04-10,2645.3453914560323,2709.6484127002977,2606.481917128643,2670.4166104118813,500869017.4984834,0.01708383053300655,80.16635335473474,0.015787920993867582,2415.685907093425,2456.2630499749257,2526.2498628512635,2465.4814896402913
2022-04-11,2649.426608426525,2702.4517276595852,2593.240982941457,2646.2015566019054,446378031.33200914,-0.00906789364459537,75.22554712477972,0.017934710334210797,2435.7470538119887,2461.6514664837146,2544.7039695821313,2478.8681612670775
2022-04-12,2522.1169858591074,2590.6824201787954,2475.5966598944538,2543.7628375258264,798193884.75096,-0.038711608652979845,60.25282990885251,0.024399888747171933,2450.1928353438097,2463.2686687031733,2544.5591800350076,2483.675174323281
2022-04-13,2667.462886157049,2804.784672527565,2521.564301100559,2658.4205872201214,508699653.2737632,0.045074072159107414,65.0405636258447,0.027852003006551718,2473.0387167278936,2468.3498309445845,2562.076319601948,2496.6192789823062
2022-04-14,2722.1117988554433,2833.798436966933,2595.9693949114644,2707.0375453101337,472258273.33466345,0.018287910620211623,61.88759678595703,0.028273417365673913,2495.962800985104,2474.430088440954,2584.3780466339767,2512.205817228812
2022-04-15,2715.852095241119,2733.047169029239,2708.975011199372,2726.144023753356,329518251.3190409,0.007058076633005728,63.8741159483318,0.02701362175225314,2521.7945957233787,2481.2818689945566,2606.1881969600354,2528.053091786186
2022-04-16,2511.0580225968088,2550.8059850385534,2447.164188923065,2486.523794922481,362115254.8890956,-0.0878971274969419,50.780153643793106,0.044126706965375864,2536.0662473084753,2484.107957822347,2587.7782889542577,2524.97684757406
2022-04-17,2610.5336259257915,2685.5408087053647,2523.2311221008936,2597.874578682512,393656139.63675,0.0447817084989941,59.56679097779654,0.047728693872325395,2551.824936592128,2488.543287016578,2589.331564297066,2530.376679508019
2022-04-18,2586.262895397228,2692.462267312808,2497.1257640370472,2602.756667999246,571029835.2070525,0.0018792629008326234,59.354072008093695,0.04767318366836961,2562.0214821109303,2494.460837815191,2591.396964866632,2535.738160136999
2022-04-19,2635.5825903782033,2688.2794971718936,2607.9889451226954,2660.425752534162,939814860.3153414,0.022156925095593527,58.59265368799091,0.04521273625574043,2574.208549429603,2499.8026632445144,2602.0167783539446,2544.9742780923443
2022-04-20,2555.8179566904655,2640.2426620511774,2465.819782217769,2550.0540935619224,620723846.9224164,-0.04148646466344941,49.19582304533679,0.045007322159547176,2575.122112356833,2502.7007143092515,2594.0225191551717,2545.3505607197203
2022-04-21,2544.744273103095,2587.309338549289,2491.4326485388638,2533.8149021421723,317649305.58519036,-0.006368175271555532,47.24130789766387,0.043827513374826065,2575.8296651368682,2503.4708425353774,2584.7598088454793,2544.4960674917534
2022-04-22,2380.095706107648,2449.9418215513806,2322.95555744002,2392.50378590284,680613565.1984601,-0.05577010227537271,42.56166225734414,0.04645222833803396,2571.8588852883095,2498.4664704278166,2555.1819591619965,2533.237379966649
2022-04-23,2388.537851969578,2403.7132857199977,2370.06391723554,2385.218260156018,373750778.28748584,-0.00304514700864833,38.474043388630925,0.03458428858578513,2570.6480421881806,2493.8502700479876,2529.0336977764614,2522.273000721417
2022-04-24,2417.1543893421995,2437.4326654462943,2392.6724755008313,2412.9151875946686,288128489.5138349,0.011611904831232867,37.444608773632304,0.02825470417129082,2570.320228933336,2488.6851801301605,2511.1693115946473,2514.1724219712873
2022-04-25,2393.433403913423,2419.321531279751,2374.7717712090184,2400.603989422899,578140794.5139133,-0.0051022092426059595,37.88438167752258,0.027880220399133408,2565.592634149046,2484.7506214009622,2494.159262029763,2505.7599454862216
2022-04-26,2260.38199970993,2287.818293566024,2243.0278741882294,2270.387351764831,380544424.24344313,-0.05424328137077361,36.87380522056576,0.027624517870429334,2550.8042631778967,2478.0919503509813,2459.7328142966962,2488.324938543896
2022-04-27,2180.9990548535775,2245.396878538396,2116.8493919815373,2181.240125074827,503329852.6456569,-0.03926520583402093,26.512666420144583,0.027375780538558412,2530.431287967599,2468.5493905431226,2416.887785185639,2465.577915323965
2022-04-28,2086.7538523418084,2142.726353170549,2050.4798728606343,2106.1158054407347,597258639.5892016,-0.03444110475068185,21.17418103258001,0.026798704122204538,2507.8989705471326,2457.06823349717,2369.0767113787306,2438.9510923696516
2022-04-29,2018.1331041089404,2048.3873886981887,2002.6484980993396,2032.7903217021617,498649048.816621,-0.03481550423255508,18.384808207380956,0.023900149952687157,2478.260388886235,2446.150249893467,2317.3403437361817,2408.865109357245
2022-04-30,2110.459140275516,2141.799972315108,2090.6686323396525,2121.9021592185427,546699502.315013,0.043837200799816456,30.729120951806763,0.03454359724409645,2450.8346663265684,2435.3427948321187,2287.272930733468,2387.6085945321556
2022-05-01,2089.683048047402,2106.9245693226158,2054.9898779494765,2072.086211546014,372947560.5313514,-0.02347702388449191,20.277927297037735,0.0323341053701187,2422.128899073773,2425.70042332065,2254.167281627706,2364.236566162812
2022-05-02,2169.3382240964916,2245.3402771979427,2110.1569553157137,2185.712310346465,687013642.8195444,0.054836569138536406,29.006120757582153,0.043333704574783256,2404.2263727148056,2418.0132250860756,2243.6357475844384,2351.012547213453
2022-05-03,2053.058490877724,2088.4585494594185,2034.7411529060826,2069.9901476573837,549495462.3374254,-0.05294482816484569,21.918928465064937,0.04312757586766675,2374.8048507366684,2409.0066402939233,2216.9210399033527,2330.196073172263
2022-05-04,1999.507988520884,2030.8610566923803,1952.5812942801501,1983.686271737456,668833564.6896286,-0.041692892122021985,22.432480579059998,0.04338929742598854,2338.637287058035,2398.935248840714,2181.03876787783,2304.5286804733882
2022-05-05,2084.527916478042,2122.5735315804554,2061.7607444902055,2099.6412916132936,587596294.6306589,0.05845431383374744,30.73684239805354,0.04940964979950039,2307.3121504510314,2390.907714109888,2168.5160792217475,2289.351836854122
2022-05-06,2046.9175515771874,2057.3040373763924,2032.7469294931682,2043.1141158677556,588906679.9064509,-0.026922301428976225,33.23738647810339,0.04854929556439462,2285.1416664982953,2382.000893226921,2149.2234694749795,2271.112005669947
2022-05-07,1967.876436059481,2046.4030474041977,1899.5995676461764,1977.7824817123724,502949670.2432181,-0.03197649786078416,31.483820146256377,0.045977898838202816,2254.137061649788,2373.8511432936543,2122.8479328961166,2249.3838927842007
2022-05-08,1958.8708096200464,2016.7031942760373,1909.2308345967892,1966.8607453538802,352221075.03400314,-0.005522213114677821,29.414905475128236,0.04554113063211086,2222.34226551752,2367.251573613264,2098.849904043465,2228.456252233807
2022-05-09,2047.4275492568397,2066.4383793056186,2016.978965250735,2035.8825978017987,336077809.5969258,0.03509239411634102,34.005566421756285,0.04154218472149679,2191.115107780902,2360.6900096714967,2089.162626160132,2214.1915370906954
2022-05-10,2036.482824476856,2061.8107651091013,2014.1111938835634,2039.4070110813675,659862700.3416384,0.0017311476031938167,38.604354503079236,0.03685716652124671,2165.582753656874,2356.091493062353,2081.5079161480144,2201.244535164078
2022-05-11,2074.449678297843,2109.644178600864,2030.0629513143983,2065.0988075064806,433812273.98039144,0.012597679759613234,43.88732065799123,0.03245028607104224,2142.1469489250894,2352.49389676787,2078.9834378954706,2191.1596664487006
2022-05-12,2032.2280977590851,2052.784330074641,2017.0603038791196,2037.5766168396256,698050382.6776613,-0.013327299675353954,46.202399405045256,0.023216233570923207,2124.400590471929,2348.148484966874,2072.613157733033,2179.7831442554357
2022-05-13,2187.1092246574276,2229.9062796677204,2123.7372200182594,2166.1236318099177,219444538.5289397,0.06308818716700548,56.96168241614371,0.03178142346199865,2113.4458590546237,2347.440898412304,2086.999384514092,2178.7713285187306
2022-05-14,2099.760024685206,2205.58828664788,1997.877474292516,2103.5231456919378,474243978.9527767,-0.028899775247673065,49.01306044446216,0.031138073987706932,2097.9762569594873,2344.540244122824,2089.541501618376,2173.197389050079
2022-05-15,2087.204482948609,2102.347817164842,2065.5202692140156,2080.6158004372364,433937759.898479,-0.010889989635538888,50.47166348443542,0.031624827238727914,2081.9768475102037,2341.9623975518116,2088.1683168212776,2166.339493597276
2022-05-16,2073.960441244454,2142.4071434161433,1993.4724402492848,2061.508181788656,657077150.5983795,-0.009183636231429593,42.33008932630465,0.02979071293979545,2071.5328890113956,2339.170745923174,2084.0667575854895,2158.574211241082
2022-05-17,1973.776036434571,1977.8084673864487,1955.9338752240196,1959.9380350935203,331577413.6619529,-0.0492698246809814,43.083114811542856,0.03558586588738369,2060.46778451233,2332.7154907648546,2064.9700310482635,2143.860420415337
2022-05-18,2055.7882465110515,2151.8839956151537,1976.447573340298,2071.92070945306,392656442.4226154,0.05713582386506233,55.372214110250226,0.042577742195750924,2058.758029712946,2326.177389801452,2066.039366187463,2138.53155293665
2022-05-19,2056.8965416847313,2070.5330524901656,2052.249045490341,2065.865291673517,483802160.5722683,-0.002922610769763412,47.625794057747385,0.04216420153862366,2060.4117782115145,2319.1610075117082,2066.01258549301,2133.1488669171586
2022-05-20,2083.852372077203,2158.4929073530275,2011.670358172657,2086.228584453337,483332224.7868339,0.00985702836573843,53.192966050112254,0.033339219051085826,2058.6280994732538,2310.249922500429,2069.1227391792145,2129.673290438357
2022-05-21,2089.3654777567913,2174.4671589671325,2007.272911300125,2092.260832102546,421258044.7202285,0.002891460549510949,59.294363787655044,0.031644383014233675,2059.6368305010806,2301.70186221165,2072.682445782804,2126.901997228297
2022-05-22,2082.965432840593,2086.006782954224,2063.958331887327,2066.9763362266895,453891082.45893234,-0.012084772361029006,57.94302162234214,0.031713915789773346,2053.7000317950915,2293.6030012787032,2071.8045827741707,2122.4630593763263
2022-05-23,1969.05204242043,2029.7175933773592,1924.3898434978498,1984.7004558655233,408578782.74470204,-0.039804945474781084,46.02292741044398,0.035046365190100924,2049.4355472054986,2285.108307952842,2058.403947865148,2112.2584220792296
2022-05-24,1924.4464736948364,1969.8263728630034,1896.9818162956153,1942.1096363759743,450817424.76541096,-0.021459570568282627,42.872315409519004,0.030451396792230828,2047.3567154374243,2275.5610716265305,2040.512515328352,2099.654808323433
2022-05-25,1962.8628772225507,1995.2828592836427,1915.8512451608624,1948.0261741139618,153600431.98177382,0.0030464488858763517,41.167744716915585,0.017281193724400783,2039.775959562458,2264.6184774066355,2026.283847449215,2088.4230576412497
2022-05-26,2021.817430716859,2096.3407842450474,1960.834159867602,2034.9610671449755,336755579.35039955,0.04462716886776685,49.8189101053378,0.02668801864045595,2039.368307126319,2253.994603325779,2027.6188043254858,2084.4629101970813
2022-05-27,2070.4790312489135,2081.7398305466827,2056.9773058048468,2068.2258506367302,628917541.2077094,0.016346643692021434,42.191747674914474,0.02726874465169035,2043.8904755725368,2243.585127752898,2033.8660422195233,2083.2601650444626
2022-05-28,2059.6431997386567,2079.9409648600317,2046.222150185944,2066.4753953458953,372496804.7798456,-0.0008463559675051524,46.72744220132341,0.02721822766731976,2048.871208072137,2233.7793925828146,2038.8828657774268,2082.0168487704946
2022-05-29,2103.8857468004503,2133.5522878912766,2076.7226965884693,2106.3573273595775,448918681.7545003,0.019299495219495144,52.20763573102129,0.027754735206063638,2052.3949445500266,2223.3953000316037,2049.2635521746806,2083.8198471845008
2022-05-30,2179.279972781238,2221.9210535080038,2127.218226232447,2169.6712979450026,784374268.604094,0.030058513701847644,58.62245616767751,0.021681060758864803,2058.9081588932086,2213.3803937822663,2067.78782075473,2090.179213907501
2022-05-31,2230.106056779009,2237.3258391292075,2216.1001128428943,2223.297854205118,422159166.72602123,0.02471644267539852,72.73188843232336,0.015624049300184633,2066.81811122814,2204.9223197343304,2091.712441285559,2100.0398539295466
2022-06-01,2164.6710641390155,2180.740395100115,2147.818054804891,2163.8815246578342,568331369.6881047,-0.02672441276138704,58.72977845091535,0.02313148323389675,2073.1333566190506,2197.324693476971,2102.815377188986,2104.7688665760866
2022-06-02,2130.6222101196518,2159.639347409831,2099.4235629341897,2128.4105798306996,255454552.60442483,-0.01639227675958066,55.62333085764996,0.02171551512652117,2071.2477040200893,2186.724493329182,2106.7531006723266,2106.520104594947
2022-06-03,2159.9957810724322,2180.7011731034645,2153.7010968565305,2174.3646150684804,446672196.2847355,0.02159077561127143,57.57554817182726,0.022191561942082317,2074.7897774889166,2176.0710347243494,2117.1548721178888,2111.545623889283
2022-06-04,2252.125005321369,2288.986136652522,2206.8136672708697,2243.5341904409297,431404160.0091328,0.031811396714745976,61.72932268703837,0.02356288711186361,2082.9356969891014,2166.418838058101,2136.5978441675875,2121.3225547449606
2022-06-05,2215.039319496809,2224.1506622018696,2189.509793452576,2198.553322658478,550489204.6093873,-0.02004911178715374,59.89974158269641,0.0261022981894758,2089.7879540325926,2160.6594286128206,2146.129456243109,2127.043352368184
2022-06-06,2176.7817241407542,2221.723736115663,2147.9030724943223,2192.634767326896,578362769.0309045,-0.002692022645338965,67.67576981602622,0.02401273498876126,2101.4227906442616,2152.554632385708,2153.2841194867688,2131.901975698459
2022-06-07,2306.926407736211,2368.142838491844,2228.3686561240197,2289.1123750075462,642725548.7764258,0.04400076525205732,77.02189260396686,0.027881153808072528,2112.2823739219857,2146.281746525874,2174.180774182273,2143.547190462095
2022-06-08,2312.9985006573525,2403.1957953194305,2203.7711699507795,2293.1962598093396,568079188.2980319,0.0017840473217396458,76.95611944521252,0.02442707785793987,2123.6489223287763,2138.9371566713776,2192.4908488941296,2154.632306710039
2022-06-09,2229.4471990531765,2246.216403148951,2209.0933447783236,2225.835381915959,350570726.1780906,-0.029374231536109963,65.37646407142299,0.02699661141238532,2130.6292622019077,2132.4527824384586,2197.6207770513342,2159.906608577144
2022-06-10,2186.775843949853,2208.268916530168,2176.8360160645448,2198.276811845792,713163013.0945064,-0.01238122562614885,60.57386503948356,0.026932183167127234,2135.93006118907,2125.742020632531,2197.721705481251,2162.7488458563034
2022-06-11,2119.365728773939,2169.6624583114785,2088.6638719308035,2138.6807967866916,395554484.632713,-0.027110332392152325,55.3659600203509,0.02516486345125906,2139.5152842170705,2120.665560850208,2188.638488759011,2160.966027406703
2022-06-12,2177.3044006271134,2181.877613959877,2159.699861975329,2164.245646682297,644331959.7608621,0.011953560313449074,54.39551756359778,0.025209828413263146,2148.4925437579086,2116.2461085807336,2184.885743824132,2161.208962167858
2022-06-13,2202.0917906764844,2248.506268737647,2174.1878698282408,2220.370725415577,475568090.5905534,0.025932859709949074,53.89214921516277,0.027308261522149282,2162.4055982098894,2112.3952193371515,2190.3449717612775,2165.591315001022
2022-06-14,2153.3158748826545,2175.7995654782585,2138.587449188394,2161.018455047433,441528043.0916727,-0.026730793055756763,45.26053223616818,0.02174630491142342,2173.0552122565628,2107.6035086496427,2185.8331999591474,2165.2525846340895
2022-06-15,2176.067451824271,2307.185306831196,2065.452701551939,2195.5787502606627,744127853.139593,0.015992596052342156,52.50700394745583,0.02341006691434796,2181.0860964123467,2106.107336619559,2187.3325153901496,2167.498967273095
2022-06-16,2134.355040756511,2143.7479248298077,2133.9596013438186,2143.350818737911,642490482.9493734,-0.02378777418780853,51.15114337090195,0.022558547713241693,2184.8423448174062,2105.3495504928205,2180.5661005205748,2165.710215529748
2022-06-17,2210.201013813195,2247.196106233212,2183.9220748923613,2220.7912510738142,642284657.3524013,0.036130544593489855,53.41163204541796,0.02698779528513292,2192.558137603802,2107.6430594054823,2186.7545852210733,2169.790292236716
2022-06-18,2169.649805813209,2192.472822304615,2136.5849203315083,2159.299055032343,401901317.58992785,-0.02768931839574662,43.73939364109973,0.027091742201956547,2195.20522398744,2110.173234072086,2182.5306574997303,2169.0131635549105
2022-06-19,2220.0340822194635,2253.4459787932756,2175.215338570946,2208.452936906501,314301257.2544567,0.022763813914336017,50.73123298991704,0.02806520060416603,2197.144305935515,2111.904249625845,2186.5187004853874,2171.934628247621
2022-06-20,2077.1008535029728,2077.575596539027,2060.1617677365375,2060.6327468152695,752428426.9780635,-0.06693381942668475,41.93943878830385,0.0362893335069532,2189.0110505660227,2111.6751803312304,2167.151630689985,2163.690044437817
2022-06-21,1990.0392363026526,2050.9551416629083,1938.0392306075196,1998.7280948689422,357037296.0937483,-0.03004157438631483,31.486288427863883,0.03656371778980013,2180.7533790765783,2107.9354960216797,2141.2403174867477,2151.4706407660487
2022-06-22,2020.135658069717,2038.6350881932417,1992.9332067687353,2011.352202230912,431818253.73853534,0.0063160704021612,32.22435113131387,0.03556402138575325,2174.900460196589,2106.7627371131503,2121.2575305243117,2141.0914971708535
2022-06-23,1967.447172039343,1996.4328436909839,1921.1097316812316,1949.8359436169067,501437990.74200815,-0.03058452843105952,32.463683032998375,0.03603263160167506,2163.67402662401,2106.0857305507393,2094.8849786924034,2126.9244191298203
2022-06-24,2051.263870546807,2086.388411233781,2000.6948321443151,2035.5503036849436,561190006.562528,0.043959780487500266,40.37226667623963,0.037880959622213065,2153.2748322862108,2104.8039107921722,2085.756567152794,2120.1559661339033
2022-06-25,2034.2788869754977,2093.535751945618,1981.1579898184955,2040.2587044825568,676240848.9293163,0.002313084962375811,43.772368932517075,0.037471261318805425,2145.3601013774146,2104.7468025644685,2078.756895972758,2114.2376504560257
2022-06-26,2085.809136439633,2120.0820050296816,2046.194783889485,2080.378417899229,585841710.7144475,0.019664032472218818,44.789300355347365,0.037070755446190776,2139.747283906031,2106.7987212882053,2079.0063608845226,2111.729559155522
2022-06-27,2093.6648561813645,2144.7333076035134,2060.2504504340536,2111.041573476476,300098984.6330793,0.014739220188705104,42.985406503529624,0.026833510441957815,2130.8437438294777,2109.6823378506574,2083.9348551294383,2111.6785972533708
2022-06-28,2065.19041752031,2144.5270473255346,1978.0248178185889,2057.0486732945665,420973947.680469,-0.02557642675553462,43.283071903929226,0.025933878052386835,2119.036364503739,2110.1056593605126,2079.798519462535,2107.6319362193854
2022-06-29,2035.589743063214,2040.7230131408044,2028.1449876654865,2033.2724139938575,677986927.7418367,-0.011558433015893987,39.36608843867606,0.026586065896052315,2109.408216107634,2109.9829674187627,2072.6406570827385,2102.123823461939
2022-06-30,2131.406274376195,2155.5091973825442,2098.465016772141,2122.4668486383966,613877309.3370937,0.04386742968166213,48.694949163513925,0.026338708592679373,2105.6177179472643,2111.130328241401,2080.306225014378,2103.6307142157507
2022-07-01,2109.3241801436766,2140.9595865609604,2089.793260520156,2121.317615810156,800946156.2862121,-0.0005414609085545585,43.12865792951938,0.022578225854734266,2104.7495588984375,2112.8051482208116,2086.61566975219,2104.9408550745957
2022-07-02,2152.474880365356,2242.205739182407,2077.7730166878105,2166.999787111731,491842507.83745265,0.02153480976215283,50.5438218656604,0.023197086534777294,2104.887265919909,2112.8226713268477,2098.9824570382734,2109.5378130032723
2022-07-03,2156.14519057771,2224.012628591398,2091.959589953394,2159.720592950653,423297682.9506373,-0.0033591116179942926,46.34221215051713,0.02304417154286529,2101.854759296663,2113.9466202720223,2108.326785640178,2113.2550559623373
2022-07-04,2143.760632777531,2189.9041016076353,2115.108269572781,2161.0210449241786,372763826.22714305,0.0006021389886128325,59.659681661088186,0.022725630688525376,2101.8548887905004,2115.554725161761,2116.4335947607933,2116.793277366918
2022-07-05,2102.4572753188986,2193.652944728181,2030.9593103516593,2121.5071532758175,561239566.981725,-0.01828482500953499,62.34619184067665,0.021288860293974476,2098.1513089412583,2116.754704591504,2117.214142224643,2117.14245336017
2022-07-06,2176.8448546580294,2193.4850591120635,2159.271871888832,2175.904891087583,669399883.8597155,0.02564108149612898,65.26439675299085,0.0212233982162014,2099.7790125587417,2121.0740417113852,2126.243488203557,2121.4952265251636
2022-07-07,2221.854769598346,2268.37403205794,2188.291846419774,2234.6183052929828,396328308.9078242,0.02698344695390298,76.55534663312793,0.017323883740958904,2100.4703652697,2124.327993628184,2142.9165369865455,2129.874713841298
2022-07-08,2335.401689389763,2389.116153548999,2283.084986411899,2336.7688245740355,667840382.247628,0.045712737177125984,77.25261614940321,0.021945419462084784,2109.343853746785,2129.7460642861943,2172.739965846159,2145.200203525205
2022-07-09,2348.76285309239,2393.517415143624,2282.052513065398,2326.3805917434524,334939496.4332569,-0.004445554357511927,75.62340739689897,0.022667198150630303,2115.240236488632,2134.5491044319965,2196.3769852149735,2158.620973022853
2022-07-10,2368.055328756043,2381.018906816919,2355.6153331780797,2368.576175100932,629822275.3179101,0.01813786768477854,75.71370520304609,0.02193569749171379,2130.6374079029156,2140.075411291964,2222.8691682743515,2174.1732102138217
2022-07-11,2442.3432360920247,2498.712202069128,2394.6229884971467,2450.826208104617,639490296.9113567,0.03472551732484619,77.7609057787225,0.022384391409086327,2153.242313564699,2147.752408729523,2257.9394820943926,2194.6660248723992
2022-07-12,2543.8309000911313,2576.152169337438,2517.3981373919687,2549.6588488447433,689225706.9415781,0.040326254229409386,87.49941595706889,0.01661385228220344,2180.1576458953905,2159.0515765891073,2302.8193846713693,2220.9617896110913
2022-07-13,2540.445957114406,2561.6745204874946,2516.9938881030484,2538.2037147722426,378150669.7270589,-0.004492810509802547,89.17216505257063,0.020411722041329877,2209.5760344531577,2170.9734581570324,2339.032358533042,2244.4611914748803
2022-07-14,2561.835349943139,2623.3668048403656,2507.1075705818325,2568.4967204647423,512764852.7506422,0.011934820485919095,88.08307079502865,0.020642289908702253,2236.223355292147,2183.3828690840483,2374.334568060996,2268.4638232519073
2022-07-15,2710.475956739781,2731.914836587733,2692.8423449224683,2714.256628757091,439803799.261602,0.05674911208996014,90.60047487782055,0.023175380132747593,2269.9232515058743,2196.9687803162906,2426.630269706549,2301.485512548588
2022-07-16,2652.259655462475,2740.229254370746,2558.0267401755523,2645.7814720377737,560981732.7402383,-0.02522795965342217,81.79140550854515,0.02794541863948145,2298.1934042128014,2208.519892744311,2460.3458392959683,2326.9889169551943
2022-07-17,2693.1612773165994,2709.6207300672963,2688.872857595347,2705.312960773694,303132248.22631544,0.022500531266502977,83.8769010032515,0.027974768453730297,2327.906973577662,2221.2966440528676,2498.03308875408,2355.012920201009
2022-07-18,2825.2941089664946,2837.5584142880616,2798.2749316970667,2810.47490842378,547847713.5214154,0.03887237786345077,85.71887080072638,0.02839167632420742,2365.5782853341234,2235.378995674151,2546.101061010957,2388.750845254547
2022-07-19,2949.531359133522,2974.057137386876,2926.935965415925,2951.447068050694,668198741.6583977,0.050159551043982065,91.06267735988202,0.02976936740059178,2411.487018036965,2251.014511076265,2608.4619851709167,2430.432046943151
2022-07-20,2836.25863996353,2877.59736044814,2786.8489795606943,2828.0683254875566,641636447.0777909,-0.0418027969732907,80.2051142446102,0.037527768607882955,2446.767091879423,2263.109920501914,2642.247575988861,2459.8865860945884
2022-07-21,2944.2702506575433,2978.4906142787736,2926.1163701099626,2960.238277533964,455004054.3684059,0.046735063242724584,81.46621180126101,0.03914358633576512,2488.713124965613,2279.0370555594363,2691.1692223804152,2496.9496743493573
2022-07-22,2848.09763370861,2882.3354528240293,2833.6335138324953,2867.7714192409585,523463700.0715879,-0.03123628898212716,73.22173838080876,0.03992246233304288,2523.7517065720745,2293.824272347642,2718.338791128191,2524.4179517487355
2022-07-23,2844.986434254725,2867.6338490050916,2832.4748433620566,2855.077878280714,362510119.3067941,-0.004426273612701093,73.07439782377514,0.03769956020019279,2558.5195708385777,2307.438537611886,2739.375573767041,2548.911279639993
2022-07-24,2770.057799263088,2805.3897693817667,2747.5726711552857,2782.8012004689676,337126791.6461221,-0.025315133559603686,67.61584372025004,0.039663988217094374,2589.6085786158174,2318.2238778124474,2746.056439413491,2566.2364589606577
2022-07-25,2706.340888173908,2734.834675663616,2696.800708633313,2725.2279170577863,677710997.3535364,-0.020688967433778238,61.91972436069934,0.037440883665755605,2619.7946168049157,2328.757369700433,2742.852051358767,2578.013604004889
2022-07-26,2641.073039396686,2685.866069111983,2600.920137079465,2645.6436782152073,599406023.9309323,-0.029202782763395385,54.24039140308668,0.02956740498555925,2643.2815561612965,2337.8175479181996,2727.8969170289884,2583.0232391315794
2022-07-27,2697.5591510687455,2703.039608810226,2696.8359925660034,2702.315175318065,527545147.4346281,0.021420683960392317,56.97154975673611,0.029719141447960812,2666.666399662551,2346.08160392441,2723.961264458077,2591.859678849097
2022-07-28,2781.050636308774,2877.3802984956787,2709.1097648991695,2804.8244407265292,549396739.4612685,0.03793386735372151,59.45897551328902,0.02718976971913623,2690.0691804701755,2356.3141675427537,2736.401753114762,2607.6348463955733
2022-07-29,2766.3864431188736,2824.5433472149007,2682.3165464813346,2739.916991311128,611760850.0846651,-0.023141359035857567,51.098124436173464,0.026157543996361648,2710.7460004485592,2366.595799730657,2736.942558991126,2617.4335237967257
2022-07-30,2735.1708552593127,2832.591464875932,2642.4136928778357,2739.681339572574,575884548.4509867,-8.600688973481319e-05,54.267660753985105,0.02625792287251249,2729.301258672141,2377.4238902851926,2737.3639098498106,2626.4889175578996
2022-07-31,2773.317807548617,2869.988980615538,2663.7958968858516,2760.002945976838,656697049.7417052,0.0074175073249338475,52.57747225005274,0.025044807108644374,2744.7600955657526,2389.8503332689957,2740.846838484738,2636.378845588932
2022-08-01,2869.672139117786,2892.8910273334145,2824.2815051301704,2847.3195355409284,628153748.9005266,0.031636411726070346,51.766150005693675,0.025948787722446597,2759.6431299005617,2403.5118110461685,2757.2272534164595,2652.0040818816724
2022-08-02,2819.9331703222733,2869.646885162013,2777.379854009796,2826.98712338512,759682221.2798758,-0.007140895815174408,43.253748421242676,0.021904624276427535,2774.0823003312057,2415.6441390055593,2767.9595411039454,2664.9657886597056
2022-08-03,2834.466563363124,2886.3115763294268,2788.1559662674854,2839.9120094560963,710233846.6076823,0.0045719649601727586,50.72930533684069,0.021322595455688154,2787.653064780773,2429.2220100937325,2779.0291516196608,2677.924767977957
2022-08-04,2799.0223824875397,2829.8142783385156,2755.0017105771003,2785.646458603274,258321733.82870278,-0.019108180349297288,38.10811247144361,0.01836454831337184,2791.2225562730823,2441.0233642605845,2780.047198847909,2685.9041524687213
2022-08-05,2569.1731251852643,2607.6259867230306,2545.3272220867934,2583.6457552175143,664589744.2733053,-0.07251483861560915,33.16019637603881,0.03244389611832371,2788.1157704320694,2449.8292629901766,2749.8315921355406,2678.329456376039
2022-08-06,2575.066503506079,2580.9472249820665,2561.7936633919708,2567.657464724957,481672358.0104656,-0.006188267280941906,33.03119236585333,0.03228085784332775,2781.2329956296326,2456.7665872631997,2721.804803303143,2670.1315310685513
2022-08-07,2656.3437250771017,2749.2972956803524,2586.535135768806,2678.8960327766595,344565642.10095006,0.043322978076290264,44.135416679341844,0.03768098622571611,2774.6540518472766,2467.158526818086,2715.203453991376,2670.7807534173003
2022-08-08,2662.4999832294234,2671.373313732274,2649.761341408729,2658.6217468888435,402266143.01950836,-0.007568149580930883,46.07539201009257,0.034329863564833606,2760.012785789184,2476.161903017733,2706.498575975602,2669.880086267044
2022-08-09,2652.722319740963,2717.255002687723,2588.833513028007,2653.351053401048,522834196.5547684,-0.001982490925594549,50.497726898569255,0.03443743263780268,2751.2769221848584,2488.0162691494484,2698.322034041055,2668.6557134621553
2022-08-10,2694.568720867919,2743.483708102439,2622.7168154255532,2671.207726354443,453553829.522839,0.006729856922063293,47.88512061516367,0.03458325053212787,2736.8253946258824,2501.4658617791583,2694.1506020892684,2668.8447514541767
2022-08-11,2629.3798628273444,2694.928264530648,2554.521650325157,2619.8320320075345,559337439.6398864,-0.019233133327681617,36.483270430278075,0.03458985870583807,2724.4284252642115,2513.6354583746906,2682.7169759228477,2665.2141796433143
2022-08-12,2621.678466753618,2765.196961920881,2454.9397945986952,2597.113532003346,508918467.5495163,-0.008671739152215752,38.88031552760893,0.02025223318508357,2711.5302079503426,2526.5810101424195,2669.547215319847,2660.169687225539
2022-08-13,2499.8471297633896,2513.100029588996,2496.5639443112905,2509.8037675419655,425537038.5161314,-0.03361800067093401,34.23756207067542,0.024136890422249997,2697.880336303993,2536.06607941956,2644.971300277096,2649.0314709526815
2022-08-14,2594.8624529751364,2678.140893420399,2515.5322658677146,2598.6935809902375,684259838.4773247,0.03541703721933942,39.889887020340296,0.021666454439648493,2691.5536195006152,2547.2347769497137,2637.8516511560406,2645.3027383628705
2022-08-15,2566.955917494055,2579.9825878581387,2536.6022031897887,2549.540494562933,238899302.7912098,-0.01891453720702796,30.398929465072783,0.022379036978450156,2686.748460318002,2556.6180184829877,2624.2653193724855,2638.2092388221345
2022-08-16,2586.657571809971,2611.31607610261,2548.6042757100254,2573.133858983345,391066727.0384736,0.009253967321062984,33.36173700067728,0.02308639459898046,2680.2893945012656,2565.8598641931253,2616.3989408510793,2633.3888403155574
2022-08-17,2509.3555872047773,2553.5879094528777,2468.1218219010857,2512.305668375078,436121538.10168964,-0.023639730360666356,29.79642208503131,0.023550392349288986,2665.663455883693,2574.9650040947354,2600.3845912393867,2624.4197164681145
2022-08-18,2553.43978273061,2565.966420447747,2545.1167938394315,2557.6297741941976,786205752.8942982,0.018040840487548948,35.78133550147648,0.024891309973306137,2656.5490950278463,2585.452151298742,2593.806927078588,2619.4723133367133
2022-08-19,2638.577241873965,2645.8333366295365,2625.8013522628935,2633.0422257086125,317485358.25910664,0.029485288400731946,53.65773260757026,0.027522530001805826,2651.2171393346484,2595.6636588401466,2599.8431268678223,2620.4774920309283
2022-08-20,2596.846350031037,2621.7634020197806,2556.7947783393947,2581.5652059187705,372008100.6418751,-0.019550396604820275,50.978423142983225,0.024847219586669186,2642.295252331745,2604.868610642319,2597.0311390295064,2617.595100467065
2022-08-21,2645.069679922381,2763.174341145637,2531.5380431276362,2649.454499210365,402392040.8104288,0.026297725556551743,47.79422179430649,0.023122989881624995,2632.402000515217,2614.5177048842916,2605.0962713650233,2619.9550559295317
2022-08-22,2551.6765115370667,2590.805494135414,2535.749810963577,2574.7348710910815,422225063.0761224,-0.028201891423896064,44.18919704071834,0.024795677349157174,2619.789387900515,2622.8179904471,2600.425286707494,2616.6054126081654
2022-08-23,2549.671635685898,2624.1879286033636,2457.512749209193,2531.4978994356256,409366563.6324154,-0.016792785983876235,41.98107194564227,0.025414435907899064,2604.3686823994917,2630.227527537329,2589.821073281052,2610.3011523731625
2022-08-24,2462.121750870817,2499.738598242628,2428.748987595262,2466.30907795436,581714256.0966696,-0.025751086538842838,37.30675210707867,0.025723993091923913,2588.401813367046,2637.1235660309003,2570.8192278461765,2599.6350727865847
2022-08-25,2533.1088401699694,2552.2779878976007,2529.3001165968058,2548.44620342155,540686230.6959647,0.03330366262744211,45.74008286673418,0.02826233764059498,2586.6418357772477,2644.574392277579,2567.377224088542,2595.8433046854707
2022-08-26,2469.3143858407934,2516.670633122106,2441.182526271076,2488.322225237721,473621603.84152263,-0.0235924062682219,43.785368254354324,0.026009526419436088,2582.675073802886,2649.6484706764736,2555.2149165730307,2587.878780281934
2022-08-27,2425.520571439813,2436.0935393169016,2415.8232102525913,2426.3926913475666,338679252.5797372,-0.024888068459155366,45.09290833798029,0.026486820662305247,2570.0499067314313,2651.4409480119443,2535.39611269219,2575.916847768277
2022-08-28,2579.271197537102,2594.604302023359,2544.239579421138,2559.4548809976727,319050020.7089242,0.05483951139673371,47.80562779273883,0.03389927217328758,2565.091563436873,2656.1024337970284,2539.097461662264,2574.6974428223066
2022-08-29,2618.902085457751,2714.9124743997286,2501.4542181588886,2596.6487890307435,746146376.9380513,0.014531964719992407,52.67018529257559,0.03273485933536367,2562.2564502183573,2660.663886075625,2547.951512026645,2576.3234684673757
2022-08-30,2739.7022324810473,2827.9164846308645,2657.501285620857,2745.54037251618,565578489.568344,0.05733990061128513,58.55687812823352,0.037424204122367,2565.973082526444,2666.5581693638565,2578.349798255804,2588.8580539524723
2022-08-31,2795.0767591640633,2846.5075766472155,2760.1312946750845,2811.358548980241,540656962.8248565,0.02397275855890668,64.76943236989061,0.033523828631509406,2575.5494083750796,2671.7921633665665,2614.1972983672563,2605.3395721026773
2022-09-01,2785.920972405754,2805.192511379729,2752.858616488976,2772.034093322593,696333465.6327064,-0.013987705578113463,60.65198851403786,0.034978704841864904,2584.295436441042,2676.4687709375735,2638.479882206539,2617.6873144152637
2022-09-02,2765.8197054188454,2850.3967147252993,2689.859102813826,2774.2057961301657,597923384.0476227,0.0007834329356930514,57.56370325745364,0.03184809137298749,2597.515537870452,2680.5829524508817,2659.360792040943,2629.281276023775
2022-09-03,2786.823404932876,2845.618110149758,2729.3543990618678,2788.1223184872456,638808632.9362714,0.005016398702825997,61.53172260356463,0.027085668571452188,2606.986974745302,2682.060266245485,2679.1702576480666,2641.0472791692173
2022-09-04,2768.128090401076,2868.559123489218,2694.206859637878,2793.948377170975,501970927.4077615,0.0020895993856147044,58.66747632113848,0.02290889967880804,2619.2073688757046,2685.0236043481486,2696.82842988236,2652.3732864286067
2022-09-05,2766.1366670817893,2785.2562976091103,2741.156236377657,2760.2350748995104,513375310.7030862,-0.012066544445463734,61.70297593214775,0.024712665310427862,2628.5624296715127,2686.1220466306654,2706.583298346537,2660.3630485375625
2022-09-06,2776.639826946891,2807.6154807146154,2721.0991724820024,2751.7976922273538,620403155.8011864,-0.003056762356540954,64.5367356702251,0.012611882741018212,2640.5370308641263,2684.948502306737,2713.5393589435857,2667.1359851071766
2022-09-07,2895.5650256572817,2921.008396951117,2892.7130413590467,2918.134183180461,373541521.0679805,0.06044648246596629,76.30308291694848,0.025214823379966146,2658.5622513134394,2684.282244609332,2745.015485749259,2685.728444223716
2022-09-08,2880.3690077501797,2920.8687543183028,2849.633016628526,2890.0296756402636,377163291.69218594,-0.00963098534062834,71.22032429766804,0.02469914318271704,2671.4116238100223,2685.521471612386,2767.325361117106,2700.86186877309
2022-09-09,2999.423179426574,3111.246830641007,2894.1913223665833,3005.791545621363,286145706.1024895,0.04005559906766476,80.06837458204112,0.027552318488759858,2692.622940795152,2686.432536974134,2804.0124664254527,2723.4492522433325
2022-09-10,3006.030151678078,3051.189900679787,2988.6273992233023,3033.627380121961,527304829.5683308,0.009260733513322572,86.74002350902093,0.027423623970568287,2711.831584840732,2689.7496561917546,2839.3378377633767,2746.4254098639713
2022-09-11,2983.502073793738,3044.5057654755437,2930.367775637067,2991.2337706536614,650978561.3589835,-0.013974560536368585,79.34375289983646,0.029057835957919928,2732.6565298188607,2692.4727740392136,2862.7064428234207,2764.5593625150595
2022-09-12,3042.85482419629,3070.479437139108,3003.1940687206293,3030.7084102229605,459203401.5997681,0.013196775175707165,79.40758889232634,0.027358101366477733,2757.6170553582274,2697.430918234293,2888.552899346427,2784.274106789719
2022-09-13,2899.662068791729,3002.5890519403483,2826.2966015454554,2928.4940945025464,507047471.65656936,-0.03372621245106666,63.232032559590444,0.03247655172675091,2780.7263061856365,2701.4962417831885,2894.697698601214,2794.957068842521
2022-09-14,2933.367975239394,2986.114575347882,2869.4468304958737,2921.988815293808,312779754.14939994,-0.0022213735110309107,58.75217330900758,0.023429154087455342,2799.403436779249,2707.0231445247605,2898.896331938536,2804.3668278389127
2022-09-15,2923.5005633307605,2961.6670900622457,2905.1112661177112,2943.1541684550466,480038002.8837432,0.007243475077816308,63.93810868651572,0.023087928165685296,2822.145033940116,2711.8399243875,2905.705229864153,2814.647371588256
2022-09-16,2867.041027629659,2902.1550325111625,2840.743186667979,2875.777060570297,421637122.9320449,-0.022892823151061004,57.47878864231337,0.017835360386904354,2844.6142524012525,2713.258976784375,2901.1008961266366,2819.175496698037
2022-09-17,2894.061238980886,2955.286306216798,2860.288475953284,2921.196879005382,698481445.5280424,0.01579392890284681,59.3639887807074,0.018915019193602924,2862.701352301638,2716.8845745382605,2904.1925858002896,2826.7326361282107
2022-09-18,2961.98861544429,2992.3821042807485,2959.0642097998402,2989.4306048425306,437564817.97329086,0.023358140058119314,62.64482508985409,0.02116627110455159,2882.3404430922274,2721.8795598436595,2917.3061271914034,2838.7843375144566
2022-09-19,2876.6412775520816,2966.3398228218975,2791.6068690403176,2881.1714995427924,338211057.99466854,-0.03621395496666524,57.13473201794943,0.024108098609545683,2889.121999443558,2724.3029309149783,2911.746953707002,2841.924127294333
2022-09-20,2937.2635777926653,2943.15014396111,2924.6277395777015,2930.500752376405,578166113.5941658,0.017121248367700792,60.057455286649635,0.02228765747202276,2895.079109613366,2725.966555251688,2914.6321535022944,2848.485358781894
2022-09-21,2916.3442874651114,2984.067241575508,2864.5461337717456,2931.991178288553,568964117.3879119,0.000508590864868097,50.95755032856409,0.0222597934558786,2903.0769638616644,2728.0666363497567,2917.30277270018,2854.6709750416467
2022-09-22,2966.7540307005934,2974.2917808486936,2963.3963226114884,2970.9293472265886,788177245.6121323,0.013280452283203736,55.50788644330958,0.02266863695603438,2912.913141416485,2730.6869831051667,2925.553014935012,2863.2827063146055
2022-09-23,3016.964102383042,3057.882554929262,2990.8677331868075,3031.6590760147124,132912753.52225912,0.02044132380489483,51.903798282104546,0.02070854028212968,2925.0899792928585,2735.6072354533953,2941.877024331889,2875.755029996095
2022-09-24,3108.3979610186298,3135.5768565755307,3088.52415278601,3115.656639362069,705726836.288977,0.02770679724904168,55.57621522985999,0.021932554974166244,2941.1753924024133,2746.2474531362864,2968.6123497211474,2893.52551957876
2022-09-25,3263.263003761338,3338.414992771866,3179.2452138532094,3254.1882130987815,627744580.4408567,0.04446304255307054,65.80889587251389,0.02534676325699983,2965.8730493123767,2759.978068103763,3012.547097933091,2920.241274654317
2022-09-26,3245.47580143321,3320.0921530773653,3160.5398216034205,3234.913332775543,209813470.33774838,-0.0059230994217399635,62.582464773764706,0.016791372108782694,2990.0288313397864,2771.09841410374,3046.757287908853,2943.5503159966297
2022-09-27,3363.6309386080493,3431.8056353542825,3267.1934102741384,3334.783420157228,523780535.0272584,0.030872569713018327,75.10680033165781,0.01761924810226027,3010.8612931886246,2784.621647569108,3091.069000562449,2972.5305459344518
2022-09-28,3359.582252735509,3448.566578289581,3292.7315756319317,3381.284067434698,733782788.3219337,0.013944128124301791,77.04544924888319,0.015952034983558596,3035.4240127783464,2799.1803078497815,3135.7174723889493,3002.8085845641
2022-09-29,3452.53092785043,3463.882325493433,3421.712196049871,3432.9993769180355,262880164.90479365,0.015294576986716324,77.8426375116795,0.015813812301576607,3056.78440434318,2814.416140861053,3181.4531500088087,3034.6745691829096
2022-09-30,3496.353263531144,3530.734860677204,3459.2799024922138,3493.634767142836,555316556.6057501,0.01766251128167573,85.3900522273908,0.015864132714419204,3079.7847736942235,2831.8921955637593,3229.4810911063514,3068.671620883645
2022-10-01,3631.475891633427,3706.2123223904155,3547.005444729552,3621.5373382603107,492151577.0528262,0.036610172397063545,86.65136484549171,0.01685712284601946,3111.2999520745566,2852.380671688898,3289.797436822345,3109.624636985621
2022-10-02,3756.698782274444,3789.4390993103552,3733.1661403941107,3765.8491379440766,514520843.34740543,0.039848215330865466,87.63590361236452,0.015887546582343922,3148.056988460612,2877.5015790969405,3363.036160071842,3158.2338592788396
2022-10-03,3716.549876904958,3829.420209078361,3639.446113640679,3751.589511485459,765353404.0882165,-0.003786563384852615,96.42293643864109,0.015289179388127393,3189.211759309758,2900.5594977068454,3422.81359875086,3202.1861298126632
2022-10-04,3547.3444642024147,3615.0264448345692,3486.3821862708946,3553.9506376459967,547185019.1928438,-0.05268136965262127,78.70933002382276,0.031142048723308766,3220.809850427367,2920.647700568507,3442.98852781165,3228.24276002254
2022-10-05,3659.887397398477,3673.8078865855764,3622.545892849829,3636.3769593956104,493530273.1004141,0.023192871863918052,80.18625758429982,0.03155274096037459,3255.4709899743953,2941.912562576752,3472.7405942091823,3258.474922939064
2022-10-06,3680.6277901546687,3829.202365966132,3564.669124042474,3712.247516196241,518160125.62594104,0.020864326676748313,80.79420818711179,0.03175229781362653,3297.2945127556923,2965.9113995331754,3509.5878129764224,3292.0877076247807
2022-10-07,3631.3651598202123,3663.3959755811716,3617.3299069494165,3649.291437516125,491360630.06100255,-0.016959019678899012,75.60895711294975,0.033321476476265904,3333.699240681229,2987.7446327996136,3531.0806782902227,3318.547243172288
2022-10-08,3748.836606217168,3898.961800349229,3579.720161546387,3729.053109552693,614755616.0090292,0.02185675586679303,75.52297754876699,0.0315349911096329,3370.680365916738,3009.6648504764953,3561.5379754075257,3348.955085126392
2022-10-09,3677.066499567176,3779.6106927190435,3600.8323454025276,3702.842149291911,221822203.62185118,-0.007028851424410565,70.5930236672348,0.027530031297953412,3411.7638984041937,3032.090389343958,3583.2770790820464,3375.1689417312455
2022-10-10,3807.0891954085146,3933.0884967256193,3646.8464927008013,3771.6736833729406,451697366.8172136,0.0185888383317101,73.56503600317653,0.028577571530319215,3453.82254495402,3054.5347730272097,3612.261172049876,3404.539663334334
2022-10-11,3724.911623345865,3862.8581780937297,3580.8934087300963,3718.6064611872052,491639093.31798005,-0.01406993993665917,67.5728898609894,0.018363487772396395,3493.1533090989533,3077.412204829132,3628.6219857633114,3427.803870582695
2022-10-12,3840.6196403770427,3969.446169356533,3684.334677667229,3812.208196981976,594467862.8869629,0.025171186241871757,68.91362551620226,0.018673395000682384,3535.217251586722,3103.026410780059,3656.8660182584904,3456.27826513079
2022-10-13,3730.5515139013432,3807.703448345714,3688.8758039046847,3765.6357956706042,175840560.4885671,-0.012216646863159708,64.66590422513698,0.018741430847086855,3571.916087569517,3129.0129451343837,3673.5998301680465,3479.1936377633683
2022-10-14,3715.5227240837503,3745.7031354090545,3699.314696256119,3729.4344213219892,352912825.7700246,-0.009613615419270305,60.62531314551951,0.017665191999945568,3602.6049766675123,3152.6327094923927,3682.1897672686528,3497.729992101044
2022-10-15,3706.812945040952,3781.7719283581064,3638.340686019828,3713.182019770873,493949310.2570653,-0.004357872994950052,54.591589168555366,0.01573416454252963,3625.554667001117,3177.1299053830553,3686.9578061151483,3513.6894015580683
2022-10-16,3910.4320907692036,4031.3358831861556,3775.070943037051,3895.51347775956,510782159.31668246,0.04910382981977768,56.258038877349755,0.023991677977419964,3658.5846742503186,3206.5123211112955,3719.0432940604423,3541.9726664618825
2022-10-17,4063.6973909080434,4134.423871272198,4014.350126266023,4084.820104232457,629565320.060931,0.04859606507683645,63.75815661758299,0.028548168725953577,3696.0865084540796,3237.019625575991,3775.3166494715215,3582.1835877782214
2022-10-18,3997.977627143888,4070.089714190755,3939.77944621094,4011.691895948228,360914544.21674377,-0.017902430564434857,71.0645854896286,0.029157286604171575,3727.6068998797564,3265.320487714341,3811.6820720063993,3613.9990180130367
2022-10-19,4117.581721638417,4186.133593779555,4024.7275127391445,4092.8679355346126,628126508.9070541,0.02023486391573881,71.03125047591026,0.028822371300426395,3760.6003278105845,3292.267038974709,3854.9414356261245,3649.4707896813015
2022-10-20,4051.772622305538,4110.45884677133,3974.579701285131,4032.9939336025163,610213948.4001167,-0.01462886241998318,64.99835883865775,0.029152456073140067,3787.568286133569,3316.6997466671546,3882.3341276224924,3677.8799114532435
2022-10-21,4064.0469674182705,4225.020603800555,3896.7567850710575,4057.4699094703196,309237066.7281049,0.006068934461783249,69.79927209924581,0.027953540654003968,3809.3649146940697,3342.40846299011,3909.27809406062,3705.997689084138
2022-10-22,4050.5945800120785,4127.853285015889,3969.64514699925,4046.8320884080695,633916158.3425603,-0.0026217868030077307,66.52228512968391,0.02778681881148672,3823.4140622172695,3367.8609888356673,3930.4402470371506,3731.2446816266515
2022-10-23,4398.241508654757,4470.751644865125,4318.040878183031,4390.422102369418,608737088.1799239,0.08490345199780913,76.87860777733997,0.03727859313547494,3855.355691761467,3399.9069845133113,4001.206686319038,3780.0726387187087
2022-10-24,4358.14186324372,4574.842164183997,4137.409420838808,4353.8987405891585,288571508.3060122,-0.008318872520377663,73.3499242560834,0.03561370810152883,3895.3530969086255,3431.1059917816747,4055.467002360595,3822.5782758942973
2022-10-25,4443.662998746766,4449.427635464127,4395.873760909202,4401.583809499732,562620181.2933203,0.010952268702537848,77.5093155932958,0.03349653493297161,3933.6134394138317,3463.9329664736792,4108.715741920462,3865.4675746798853
2022-10-26,4603.697133197879,4773.340048174296,4447.669978828029,4616.866559467902,369608803.0796053,0.04891029213246734,79.51710281997626,0.036069482967162926,3978.844391577415,3501.2343438184903,4186.892790773914,3921.126758738257
2022-10-27,4539.450601952561,4654.661737774573,4463.015605184423,4577.584642323557,785855169.9823858,-0.008508350119799113,79.94470337601868,0.03521370143228827,4025.259051817786,3534.423353001352,4246.9992294738595,3969.7532686334644
2022-10-28,4805.14877418745,4877.318316885365,4732.588151738823,4804.751731163841,509637131.1265786,0.04962597233919741,84.76137768364168,0.03642302919583336,4079.0439828983435,3572.717794111824,4332.807306656934,4031.6050065986774
2022-10-29,4924.402832415664,5060.715087252357,4796.479997609148,4932.579835736521,676405425.0771189,0.02660451813640674,86.76675870192516,0.03434599590806342,4140.530867220574,3611.2535599141265,4425.080003438409,4098.34388283111
2022-10-30,4902.565013912461,4963.022443060766,4848.609764282878,4908.996412580825,550880727.8687239,-0.004781153866955101,83.79311867093078,0.025738330489534757,4197.397003680968,3648.760940563304,4499.528681768012,4158.392218368126
2022-10-31,4811.7575389168505,4969.6169689320905,4661.989305260361,4819.60449504742,666316329.9667584,-0.018209815208727886,76.24931775331471,0.02752792419694031,4252.4469053739795,3685.3283550511787,4548.771114580228,4207.370905529556
2022-11-01,4853.331314530907,4993.258956207993,4670.738004814364,4809.399023319808,451366795.3308553,-0.0021174915365147484,79.83860863647158,0.028276681491581038,4302.306446690871,3720.9021673131165,4588.867715924778,4251.965580921426
2022-11-02,4899.057231764463,5026.200884788517,4773.649996145571,4900.7503093653395,187150982.8114804,0.01899432457206962,79.99092168578971,0.02387618615247377,4359.062172375608,3760.3472916103724,4636.849653377172,4300.023708954309
2022-11-03,4863.34747706006,4933.2904941595,4769.481579551328,4839.0755256621815,214950759.76524952,-0.012584763517802022,79.88411628932256,0.024412422256178182,4414.544227592617,3798.689025817739,4667.961326036404,4339.953473154892
2022-11-04,4869.477331666352,4962.030213149936,4737.191927371238,4828.974991472703,576136258.976106,-0.0020872859156494394,78.91040371900884,0.01625536945656001,4470.333876177709,3836.4054422780923,4692.732659180449,4376.177289326582
2022-11-05,4778.089135730851,4789.650268307267,4755.54665110724,4767.081148601096,482376425.25639796,-0.01281718024651246,75.99127019496868,0.012147878901444283,4513.912259719785,3874.231524038709,4704.170888322087,4405.133130754323
2022-11-06,4605.771397885889,4802.193461419791,4444.7020066669,4639.929519415565,584759239.8965133,-0.02667284764448452,60.67072521624602,0.014693320914630142,4541.667730478941,3908.6061768469126,4694.287600798007,4422.525455840341
2022-11-07,4573.468026374408,4648.470237696327,4519.122218605784,4593.881855576848,706926372.7673005,-0.009924216229154514,60.180462179528455,0.014046480570931448,4570.7772284603725,3940.695201861599,4678.840563071674,4435.21852248749
2022-11-08,4639.24376756269,4678.524671339065,4610.908895359099,4650.123350462686,489474043.54339707,0.012242695100563639,60.46745037044293,0.015776873481963095,4598.639999206776,3976.0742388799968,4674.422530362599,4451.1373986338
2022-11-09,4558.5942303720785,4577.86964165524,4529.633759355725,4548.86804475258,313419942.5362979,-0.021774756942744555,46.831898398903455,0.012824002058508891,4624.433704764278,4008.4415847275195,4655.106455653366,4458.37670575371
2022-11-10,4691.589329456238,4806.439826943277,4557.450571079638,4671.817041306184,755077546.3508725,0.027028481667089377,54.07283087161054,0.01900849670867026,4655.151061356072,4043.238101987873,4657.6773149845685,4474.18710097982
2022-11-11,4519.642531510962,4549.167143312051,4503.592190976234,4533.069121717695,245640311.48856473,-0.029698919791109057,37.285804932157795,0.021088798464099796,4679.462913021553,4074.4808974776947,4638.506823712742,4478.5487321455885
2022-11-12,4495.860998520715,4601.061830740565,4390.716602662389,4495.916145171268,813378684.1918223,-0.008195987210613986,27.66990944954125,0.021014371872459324,4684.737615161646,4103.766038860826,4616.569796244823,4479.8352071845275
2022-11-13,4600.994273558224,4696.160411938904,4481.403842688404,4576.054123488825,678875646.2633957,0.017824615880264405,33.90497392213689,0.021203988963548887,4695.845384306629,4132.973988543361,4610.336615820823,4486.96253431818
2022-11-14,4517.376042701126,4619.524019287778,4423.121231505371,4525.107883641471,788206538.8423101,-0.01113322492971569,35.21389764037768,0.021286096695594964,4702.021588013716,4158.392381954214,4597.224503177846,4489.788115749535
2022-11-15,4697.337197271737,4722.81664283727,4649.213545049158,4674.569493311999,471487907.9198327,0.033029402505704075,44.06096054788006,0.024763298901734156,4704.906734705921,4187.1855051649445,4609.123732429254,4503.475625198606
2022-11-16,4652.414801009589,4745.325247078022,4524.178985887844,4616.369595864286,507860474.32733625,-0.012450322437388417,37.09660566744909,0.023554598401852624,4706.845982382957,4212.817228679085,4610.238480650029,4511.838141544213
2022-11-17,4771.257097264042,4833.9811025787485,4748.4385646775345,4810.972630491879,431813552.8781035,0.04215499443587323,48.8621288081457,0.02668281602710281,4707.157027349358,4241.410999940229,4641.120657548775,4533.996251836632
2022-11-18,4544.863723549463,4644.49963583827,4487.6836260777145,4586.792027607411,134825539.37909153,-0.04659777140772203,41.64292225098666,0.03074790999594494,4689.867636942903,4264.486852954016,4632.762406788565,4537.907050041875
2022-11-19,5049.1291890113625,5318.9476459993175,4743.853962132959,5011.670688855184,596702799.6132953,0.09263089730043883,56.74933080135443,0.04529921415545904,4695.001350756621,4294.847571388263,4691.055988644968,4573.000652916935
2022-11-20,5107.48749052106,5188.012332680214,5008.767709776438,5089.001094715761,783870017.1614566,0.015430065273949856,62.74227398202823,0.04529653319517581,4708.471180740038,4324.196846517372,4752.278312655859,4611.222907864996
2022-11-21,5109.933677839283,5138.7773308779315,5045.863565013709,5074.507249191559,297187619.434571,-0.002848072785689104,63.886260098617676,0.044567118741528036,4721.726592033627,4350.370008742322,4801.851995199812,4645.540266481778
2022-11-22,5097.905483485701,5247.28801758255,4929.689018827495,5078.503007460771,512613050.1055776,0.0007874179842484175,62.762056092496024,0.044340366773241845,4730.614226938398,4376.908278661827,4844.413689393806,4677.611580628371
2022-11-23,5370.947556226602,5417.086512039051,5340.811739211427,5386.861404111454,627064078.0365623,0.06071836448608514,72.22279663121758,0.046008139669390796,4758.0035208608615,4413.566493991138,4927.867183965752,4730.148604590081
2022-11-24,5348.195213207,5410.569748618982,5283.933640848876,5346.28590856394,504770013.0120468,-0.007532307312852926,68.70342117359957,0.04642417626124077,4783.869066715423,4447.764672974504,4992.239295442397,4775.788404884441
2022-11-25,5317.240908351827,5340.132070819758,5250.701136354227,5273.403575473645,588013489.0960358,-0.013632329871013593,71.30830163131341,0.040269983219096604,4809.185188059051,4478.987794160052,5035.495338524128,4812.648787891048
2022-11-26,5150.165691478573,5212.489891941298,5130.164316423632,5192.324786257642,552645409.7331824,-0.015375039678946045,69.54970606296929,0.02649244432481825,4836.8049514011545,4509.848461134882,5059.622945867745,4840.772935918203
2022-11-27,5125.060165219077,5185.754189859897,5033.433503543235,5093.7568152098565,565423387.2399702,-0.01898339859414455,64.38420207533855,0.02748752736996006,4861.798699382804,4537.1425352480255,5064.874310381916,4859.5124825324
2022-11-28,5241.974573067775,5259.3579075180605,5184.7584565645775,5202.009258814564,613727517.5861564,0.02125198503420278,68.22705132629602,0.02849667469503091,4889.392994800399,4567.125877438479,5085.971994756169,4884.8826141088575
2022-11-29,5160.326726046767,5278.212950966711,5007.250272119018,5124.313791594867,349942147.4325096,-0.014935664923711123,62.59722245632342,0.02938777256570394,4918.165282142513,4594.178679602916,5091.870732731353,4902.618256885599
2022-11-30,5082.420220454742,5175.673319726507,4995.778074945824,5088.920363556522,832872590.7043031,-0.006906959541860935,63.40731861915359,0.013613370251895802,4939.020448255031,4621.584957650303,5091.416829781379,4916.418412935298
2022-12-01,5150.633237671318,5215.480070769773,5118.435973060897,5183.079977454929,399215012.7034412,0.0185028664572382,61.19562135145433,0.016922072752669885,4971.520991041892,4649.002393259763,5105.518852500387,4936.171121418233
2022-12-02,5030.9102667662955,5155.10772040338,4893.388466855012,5017.248658063733,483948041.4905182,-0.03199474445937922,63.42245900582966,0.01979052814302472,4997.587616686515,4674.034650507625,5091.938822587055,4942.176864873456
2022-12-03,4924.978448195039,5118.621552040752,4705.556023378737,4898.144036565164,335131119.5534903,-0.023739031013968903,45.62591845648622,0.02062113028366784,5013.692112340332,4697.408842812489,5062.124240122149,4938.915173887657
2022-12-04,4751.592482216467,4885.129618625388,4605.369110290039,4738.539407534861,421577937.3489461,-0.032584715320504554,37.30205860566516,0.022381551915619503,5024.3636885350015,4717.915990567769,5012.341958185643,4924.072524528191
2022-12-05,4944.486459357244,5155.842642369793,4698.895548746509,4908.722992652131,429834988.6613034,0.035914776786842184,44.602266073041584,0.02616636333616593,5036.071363502007,4738.18018086562,4996.400578872795,4922.935522167001
2022-12-06,4932.409030714819,5051.664565988189,4849.8594844886975,4968.510814823354,524817473.24561626,0.012179913647748952,46.54433373560227,0.02695729065076576,5053.678424449961,4755.8539950774375,4992.109845942112,4926.311469771175
2022-12-07,4866.942806454674,4945.618614621138,4812.370736232573,4890.779270823181,322480967.37835896,-0.0156448374366549,31.773065550653172,0.027309492140619496,5057.668756466527,4773.435742574937,4976.520526693045,4923.679455034287
2022-12-08,5086.360893855538,5214.102378685203,4992.235046266877,5119.365758305208,536456222.68626267,0.046738254749238095,42.67460770407839,0.03292543772111927,5084.2974430014165,4793.965699030349,4998.49671617184,4938.174736758058
2022-12-09,5107.621246866176,5176.92258963921,5068.162051999328,5137.234615148105,652297182.9045979,0.003490443481970029,45.442337845131064,0.030015857585001,5090.575639316063,4816.050512661261,5019.841008322034,4952.919912935099
2022-12-10,5132.118122586401,5228.3168287040235,4999.555222388162,5095.0592810878525,538952074.854094,-0.008209734851488126,46.65741211442332,0.028160795344078893,5090.878548634667,4836.802300093611,5031.413050286006,4963.4487550204885
2022-12-11,5271.56452219785,5364.706048179012,5172.21326833807,5265.243103263679,303917712.855133,0.03340173544349612,55.61675935600586,0.02380620384492876,5100.415341338273,4861.170520390723,5067.386904590263,4985.803891927391
2022-12-12,5232.390340556403,5285.667299226556,5135.869841920361,5188.70195914341,270735112.4079113,-0.014537057951383936,49.55489445870327,0.024197705153710346,5105.925288922404,4877.136117526203,5086.050759136901,5000.833378387838
2022-12-13,5377.388620698932,5565.254125795811,5152.223974376881,5338.739216289677,611387269.2728573,0.02891614479453275,56.84108174178227,0.025450568295333514,5103.519179531317,4896.832927040214,5124.925906391175,5025.863440454641
2022-12-14,5476.4734505917,5753.888505254195,5148.717944593509,5423.446897659229,338166710.5483396,0.015866607814648548,60.3472243928284,0.02267115205280892,5107.377228986081,4917.2701888034035,5170.852212740107,5055.31406691424
2022-12-15,5642.76352538233,5835.019482674308,5488.188720331393,5679.439982635815,670677286.4838648,0.047201178476933725,63.955733708556835,0.02277925642375763,5127.6790493441895,4938.521657266761,5249.096485031754,5101.545616226949
2022-12-16,5749.260377221203,5809.406458657883,5685.590440204012,5745.699266965588,560214401.063726,0.011666517215139782,71.69602481403936,0.022285352089504707,5155.347773379586,4961.883949759603,5325.496913021575,5149.260701466848
2022-12-17,5511.00971215787,5841.982965881247,5225.226548413804,5553.971920761973,409337171.70116377,-0.033368844642798434,68.72309075707209,0.02815770799751437,5178.358528657192,4976.868353551565,5360.646914212405,5179.239310303525
2022-12-18,5437.703601375247,5521.239064585591,5406.05513321267,5489.290351734074,122551134.37555343,-0.011646002167584824,72.66124023816357,0.02779261026222819,5192.722583303168,4988.002563871516,5380.438212292662,5202.206054113195
2022-12-19,5456.971827226142,5520.368823418843,5366.7678405230035,5429.849742788473,549183695.0928459,-0.010828468734000007,66.85706754246378,0.027361205220278795,5207.999380862848,4998.419630475669,5388.039986215094,5219.068549570623
2022-12-20,5142.110175550672,5208.1363365109955,5080.809834777828,5146.780321793723,679874681.1321998,-0.05213209101609162,55.03869870376066,0.033020384953549656,5210.892378774707,5004.963147010595,5350.923114765653,5213.713866031593
2022-12-21,4941.556629643582,5073.34561380891,4856.962690365655,4987.957346007259,316231575.48602575,-0.030858705026507116,52.626299780028155,0.03288089647714918,5201.136247202325,5008.534313464344,5295.082227264362,5196.9911608446055
2022-12-22,5173.3708811001015,5363.803291249202,5005.076301472605,5194.811236853043,673675461.535223,0.04147066153469936,52.06319829237633,0.031206743713691674,5210.01437614179,5014.415532014098,5279.655921047236,5196.829684993379
2022-12-23,5338.580065126592,5612.022317965634,5112.897819521704,5384.402962806814,454448541.95907986,0.03649636479739038,56.17894563541164,0.03549394891474435,5234.3273224538725,5025.322080756991,5295.77085054871,5210.724001868448
2022-12-24,5338.432124253801,5366.738865436346,5299.197868118431,5327.4463578821815,347308859.3383806,-0.01057807250275744,55.766811011801806,0.03386118877620209,5263.772669971238,5035.291508085181,5300.64400552309,5219.37010231391
2022-12-25,5323.045107630826,5383.2826129708465,5246.697699642346,5306.750812844149,632628394.144022,-0.0038847026601052104,51.1125816449197,0.033750979115418085,5283.674060980839,5046.084901370041,5301.583514341714,5225.842747538372
2022-12-26,5275.373936447809,5303.333760231013,5242.46595645118,5270.399414948015,648209265.8035638,-0.006850029175696548,52.23805542754625,0.03365668967040583,5298.768490987072,5058.69429928069,5296.785960588837,5229.143241420568
2022-12-27,5400.307627431797,5651.158621181941,5162.671671053561,5412.96565886745,600138243.5095451,0.02705036804517813,52.041748716984664,0.027418778738539786,5324.8778103892855,5075.075975346503,5314.659760324009,5242.759716787004
2022-12-28,5524.709050521428,5650.599194532576,5379.214660045007,5504.647670476851,524522214.2331194,0.016937482590381636,52.22505457641152,0.021592187310237123,5344.141905997867,5092.166461746786,5343.888669578292,5262.158824467734
2022-12-29,5406.122859618152,5442.64643349853,5370.607759978658,5407.124752005664,376516266.73137105,-0.017716468756798553,41.82836065169441,0.020788082802732196,5357.636412840746,5109.331595891847,5353.617297644041,5272.897041322396
2022-12-30,5484.761607466268,5497.329277477919,5481.084882142851,5493.646596077471,329760394.8821317,0.016001451425679436,42.527274039024384,0.016830871789270584,5377.565778590228,5125.768186987273,5375.160266633799,5289.248860193143
2022-12-31,5657.6483977658645,5815.741132305834,5531.972687359233,5689.360977109143,697732755.2127067,0.035625586322100666,54.00447701420025,0.019473459126576012,5398.771672282501,5148.894024095102,5423.498837476161,5318.8867947795125
2023-01-01,5795.048289522331,5814.445309631106,5764.543615344461,5783.903331367637,647878723.3490176,0.016617394227379956,58.56267838685014,0.018631805194819877,5428.531740893712,5174.65376781903,5478.945682690234,5353.33246415641
2023-01-02,5540.37050010854,5863.192111707883,5251.626741816518,5572.760315233336,255991937.89234698,-0.03650528095606598,53.816985887577694,0.025773792181905286,5440.232795840894,5194.5878916539195,5493.37870308148,5369.5863790509975
2023-01-03,5366.495952826806,5653.125466390516,5047.216053512111,5332.003281595016,608830232.8554258,-0.04320247418145762,55.06150566896921,0.03049534648412412,5435.660615037685,5210.725799612991,5468.551715160485,5366.80244590611
2023-01-04,5189.385407682975,5275.285916429996,5114.966813551265,5200.704993316562,487148218.83326256,-0.02462457004324614,55.90245175972211,0.03029614988369821,5411.723865571721,5221.248509613081,5427.344527184498,5354.498930899476
2023-01-05,4938.221402592615,4998.863502485933,4926.500877994742,4987.027140867131,558775909.1856717,-0.04108632439717863,44.25700224088711,0.03277212822803042,5373.790259266798,5228.6616605131385,5359.60339082798,5327.278798304488
2023-01-06,4883.74051431019,4891.1183793541395,4865.829217358579,4873.1911454748115,600427816.3820246,-0.022826423874750645,35.252928038643546,0.030652774627737765,5339.75122050244,5229.906030812797,5284.770737696723,5293.64267587266
2023-01-07,5075.81576074438,5144.464685986653,4995.638933428365,5064.129809595452,578658338.947567,0.03918144362097187,42.94907231750979,0.0316744002086488,5318.4931933955095,5239.452786452558,5250.825979527297,5276.641722815089
2023-01-08,5323.750702720112,5337.984195287973,5263.14707162346,5277.256257404847,589118298.7764854,0.04208550250934828,49.28400096984891,0.03705901464242545,5310.863519126328,5244.764497823552,5254.8921761238435,5276.687243895813
2023-01-09,5412.908406457053,5484.452054469361,5384.267729916181,5455.585565368534,268443734.8676967,0.033792050123293116,54.20560978217638,0.038924034455840986,5326.303781305069,5252.096187236607,5285.768082161489,5289.938971412311
2023-01-10,5609.600792979099,5711.062590236168,5535.374711420261,5636.480832739381,745456099.0429728,0.03315780958860781,54.989210545929915,0.036181056905787566,5358.729955641675,5263.335658907563,5339.723889942703,5315.60873891802
2023-01-11,5717.423320508313,5821.65047188777,5567.73081712811,5671.113757120202,375709689.37179416,0.006144423339409899,53.81289383012045,0.0332312596172874,5382.545081655032,5275.187873900752,5390.706946431549,5341.942443970034
2023-01-12,5561.666324649528,5617.582995211808,5482.2631417103285,5537.941282070957,407031289.25059307,-0.023482596321056648,52.94819625642043,0.028838784085504443,5390.22199761824,5278.209471459942,5413.358382683766,5356.460876421955
2023-01-13,5524.929197965912,5627.840556724491,5372.551911013074,5474.52439313316,248554103.49073204,-0.011451347298157333,49.56450992190256,0.026553354672117044,5397.5758993807885,5280.774241151326,5422.768538137519,5365.206322104266
2023-01-14,5321.949926840769,5339.095652606196,5293.512472130096,5310.621701753427,542491917.0389906,-0.029939165415961977,41.24775464516978,0.02963013210811,5397.769443826252,5281.518603676922,5405.515178693812,5361.163016893092
2023-01-15,5410.946187922307,5484.026159174343,5328.961477652752,5401.919535382606,404872654.1107917,0.01719155284569318,41.15952066355474,0.02601700606755639,5404.345449847982,5285.710498659421,5404.962002799781,5364.182018262686
2023-01-16,5367.51107126091,5376.573879289356,5360.0864422807135,5369.14698742225,633206318.1540434,-0.006066833788562653,44.863578253183775,0.022430100617584884,5402.154516275722,5291.218302103669,5399.452000434007,5364.549793755987
2023-01-17,5654.32727909317,5750.740861621413,5527.524521980826,5623.410941017211,509290875.4919817,0.04735648962313732,57.30139642997808,0.02643122386661262,5408.09267980274,5299.646335747721,5433.907222062192,5383.724693553115
2023-01-18,5531.886018236574,5649.540360844323,5414.305773411767,5531.958573849858,582810231.1147354,-0.016262792836336915,58.46886033352484,0.026910566416321058,5414.33437089495,5307.799231392822,5448.992045414141,5394.704980982504
2023-01-19,5467.413965926247,5682.203343762479,5293.3896796417885,5506.921556173305,762387828.29878,-0.004525886689554226,64.71059793732029,0.025447621203828007,5414.998118899741,5316.159255245158,5457.904277838627,5403.017319885526
2023-01-20,5504.043251058689,5640.691048755484,5363.87171863332,5500.429806042414,409066360.63361025,-0.0011788346837106056,68.89580259223811,0.025005077851548572,5405.551560346405,5322.506251816907,5464.446666793056,5410.233059600851
2023-01-21,5489.523253864404,5578.536976400064,5456.1928192674195,5544.8704930334625,362574669.5214366,0.008079493522893166,65.88456471294896,0.02098628163969286,5393.599918429696,5333.058688516301,5476.819563137733,5420.206202818082
2023-01-22,5680.269871163551,5691.328657356402,5617.999384918714,5628.9582737478995,696689595.6100392,0.015164967481221536,62.704221560610335,0.020825483884396808,5396.4098163554245,5347.674973259957,5500.22551861622,5435.669319183254
2023-01-23,5578.347032302437,5694.2067234389915,5508.318219971564,5623.609697855473,450159014.0719007,-0.0009501892947706425,56.9361939501639,0.020413773964768303,5410.990137168447,5365.376379066369,5519.207700037644,5449.590828714529
2023-01-24,5502.946658462583,5510.263578923602,5486.507989809569,5493.812765510265,288546449.559073,-0.02308071493558761,43.85112088729592,0.01317361771833022,5425.645525778133,5377.078174523532,5515.300787033432,5452.866527736436
2023-01-25,5389.474234244576,5594.936129338041,5216.634008071378,5421.082235801293,186696824.05794424,-0.013238625488944389,39.56647426277878,0.012717455139235686,5447.34828052484,5386.1296029430905,5500.805625305411,5450.512135741241
2023-01-26,5447.50488931518,5642.459299657247,5263.382221702463,5457.982494746553,689063817.9922982,0.006806806711318281,46.3719076926619,0.013176918938846939,5476.587847988428,5397.473667421557,5494.217451373279,5451.06549566756
2023-01-27,5424.116588201457,5481.697941048504,5355.467272584432,5412.929869429401,414676113.25127316,-0.008254446649566205,47.15781130253749,0.01344374547613586,5494.027850980125,5403.344949644042,5481.711669535759,5448.240634464733
2023-01-28,5422.607422071263,5441.825920014239,5368.586432506026,5387.681146723076,338055813.47376734,-0.004664520567488228,54.07755767113113,0.012657971616241508,5499.549095446036,5408.35388027554,5467.245435256885,5443.75474648387
2023-01-29,5298.126632135537,5320.304680907232,5255.4558783210105,5277.547783680821,525905333.9964069,-0.020441700249696604,43.547557256477454,0.010654067713937189,5490.647206361651,5412.0036503274005,5438.06118116826,5431.44311960957
2023-01-30,5260.5978305476765,5283.995296046056,5198.779807709298,5222.005627365981,509757368.72937363,-0.010524235609308374,42.54245440130694,0.010026895788611363,5469.923446092981,5411.138900809447,5404.821865198678,5415.92923129523
2023-01-31,5168.6015910247115,5384.658847292979,4924.169475230207,5138.988863872897,545516260.515895,-0.01589748640982569,20.29104380436081,0.008817676917499696,5443.317201430616,5410.144638904037,5363.924480379327,5395.415130004687
2023-02-01,5171.509583967876,5254.0253886749215,5055.253119615727,5137.221834307982,316817599.2407644,-0.000343847712404477,22.79906982200123,0.009233632616815429,5423.281229042467,5406.114291264402,5329.047150214505,5376.28970069382
2023-02-02,5100.366587770761,5284.8167342948245,4951.49838358444,5134.9394268644655,790062071.9386871,-0.00044428827820397476,23.53719550574354,0.007609745204006927,5406.301980729032,5400.344141848507,5299.184423545267,5358.411902632386
2023-02-03,5300.705921545383,5390.631073741098,5241.186732209753,5330.774260849935,383084673.2389942,0.03813771063411586,40.49210707798746,0.019275169901833377,5407.309608683858,5393.370827412789,5304.044398515216,5356.36466990776
2023-02-04,5259.179589202821,5273.530463687092,5246.724697647549,5261.07109263654,496848936.0152455,-0.013075618062709182,34.533167944027,0.019724043674682116,5400.2671865465545,5383.678263926208,5297.433120687728,5349.305886406189
2023-02-05,5165.720682177608,5248.574783685489,5127.958419181744,5210.485284128499,548445546.7370913,-0.009615115936912777,26.329191670507896,0.018538005846733235,5392.334101381866,5376.808531193539,5284.056530447847,5339.022878830063
2023-02-06,5138.065060449167,5165.792541298494,5129.002775911075,5156.697393901454,403742959.29844856,-0.01032300971866984,24.961332443811614,0.018522155468668196,5368.998424026079,5370.156672036886,5264.462817133017,5325.5172873538695
2023-02-07,4930.813763009401,5197.543520927091,4689.929935878414,4955.455859539527,333372399.76955545,-0.039025275091752354,23.184779014674604,0.02300670642828576,5340.173288310562,5360.668794371907,5216.923285195557,5298.105329737993
2023-02-08,4603.426114307939,4712.958134101496,4524.769809485653,4633.783134939601,391671719.08070344,-0.06491284227276262,18.577649962946566,0.032025655865290555,5296.516367248877,5350.408850634825,5127.20941592541,5248.896278271445
2023-02-09,4879.426241549137,5057.043305237359,4716.61326100925,4893.752303565318,537517298.8468692,0.056103007209271416,30.884415630514965,0.04172941086101573,5266.182492125023,5348.524749785986,5091.29293710078,5222.589317182103
2023-02-10,4770.646874475598,4839.245486589195,4721.995121622827,4790.392366329672,389021464.41870266,-0.02112079460179117,29.710610899594514,0.03700195946740242,5228.458585789833,5340.43637237552,5045.000541597533,5190.574728230071
2023-02-11,4844.743799474457,4858.9183275330015,4823.25125705805,4837.404311581278,525501525.89237463,0.009813798465035939,32.316545173088926,0.03814932698631789,5188.880887681502,5329.496399351008,5013.062660056571,5164.413956626457
2023-02-12,4671.339794410729,4830.122782143797,4514.845324571434,4673.554129891664,493551084.2797256,-0.03387150858929422,31.238069500970425,0.03906179897900135,5141.378109283311,5316.418554791198,4960.830578492739,5128.053969460916
2023-02-13,4799.937919243021,4839.309622647086,4785.4895911888125,4824.786497706053,366429363.2016187,0.03235917753623929,38.35350206862365,0.043002761251389306,5107.9267958931005,5306.779268488436,4939.900719910172,5105.589712293889
2023-02-14,4677.809455473009,4727.121901097379,4624.820894360056,4674.094174301754,546310159.4940249,-0.03123295164997364,36.88953848548825,0.042178816578108506,5070.577392818124,5294.853163675511,4899.007405201184,5073.627079850027
2023-02-15,4399.241028688177,4440.704372424414,4397.881111249141,4439.332061826022,518032519.3569019,-0.0502262264561244,32.60482296521826,0.03910310528707334,5019.644871172097,5275.380491734682,4828.2881216050055,5026.642263700101
2023-02-16,4356.579009998041,4385.636663621263,4290.166737453151,4318.9735690726275,265175847.99729177,-0.027111847250256838,30.792329275589523,0.028474928101638437,4964.9470561542585,5251.667009706597,4749.932036600025,4974.222360394361
2023-02-17,4357.62494274005,4419.459049241224,4324.425018890239,4386.042616486501,824988863.545244,0.015528932127332862,26.3260360440527,0.030927937240799275,4914.86512964243,5231.245366996215,4693.949048890252,4930.653490475261
2023-02-18,4622.064346187118,4624.563774077183,4591.825964303933,4594.310383959136,303842666.8772398,0.04748420972696121,34.37666243573588,0.03787479749433381,4880.703259656346,5213.258642753848,4678.620023516234,4905.739186288881
2023-02-19,4284.187366705087,4327.0061693134385,4273.368325575993,4316.106521381307,660891224.6829525,-0.060553998168945466,31.06316787162949,0.04216230230903343,4835.408304357112,5185.7935536392915,4622.848715495476,4862.062692592023
2023-02-20,4530.207105899451,4586.356321030197,4446.533122249408,4502.336902835777,535080252.70994884,0.043147772310973886,36.880894206479724,0.04414235316500863,4803.575706305256,5160.162225068654,4604.308436624753,4835.416337795264
2023-02-21,4545.9655266541595,4583.997664220859,4505.309025973879,4543.31902254373,554912116.211981,0.009102410724115328,41.16974179169667,0.04338172304602292,4773.880565717043,5139.573399214863,4594.925449843057,4813.779499628483
2023-02-22,4643.207140962947,4715.203425894138,4607.912824941561,4679.63223256466,368695726.63658136,0.030003002066231854,51.067100389872344,0.039303366039732786,4751.115206002052,5126.525978234255,4607.957262569458,4803.842665031162
2023-02-23,4848.55181114007,4921.21414795327,4803.934602934358,4876.341216853603,285735381.34654796,0.04203513748795973,49.58247650200494,0.03759302473566216,4728.393553802236,5120.038702704996,4649.247101690096,4809.212928129121
2023-02-24,4951.1452144656505,5006.154641505262,4869.773913543047,4924.487157706824,412708489.36791104,0.009873374054879314,53.30310604340742,0.037718225927538894,4711.56435705575,5118.78790304179,4691.59172569267,4817.751759949691
2023-02-25,4630.732151479577,4672.836861108086,4557.897129602519,4599.719861473972,106733658.75285529,-0.06594946556507753,44.84992873441038,0.0460379207993884,4681.026085923024,5113.318477361772,4677.457592735947,4801.60124895149
2023-02-26,4606.860120681964,4674.800183320062,4571.736521867427,4639.428278526982,673559526.8361932,0.008632790310904914,49.218530963767066,0.03716957479653601,4655.1626301543,5104.824446740403,4671.606929011491,4789.588436327452
2023-02-27,4522.629676297007,4616.875196950603,4462.649744944414,4556.446777101282,619583717.9201543,-0.01788614812945133,43.65684558483767,0.03548598008841143,4635.212176032388,5090.408257134332,4653.889982563766,4772.31868379218
2023-02-28,4579.323703751426,4631.062602267203,4557.3133754145565,4608.910068303429,340097356.403228,0.01151407966966822,48.38410212325845,0.035575092777446644,4633.96852270058,5073.47474719303,4646.9699957544835,4760.214341904125
2023-03-01,4587.352163549709,4651.1568787269625,4560.774208353212,4624.364483533886,579007026.7923715,0.0033531605089760497,55.146495009803644,0.03352084006005862,4620.499131699007,5053.232420208919,4643.492224643623,4750.151389432256
2023-03-02,4793.419103145509,4873.037496843759,4746.11937811241,4825.421979013027,519137496.9309089,0.04347786516288932,63.48117773932288,0.03383397857967195,4622.250612333176,5036.318584646777,4671.481417623531,4755.726988660461
2023-03-03,5175.02888765002,5270.485372202954,5040.422295854328,5135.14306265177,688993431.773864,0.06418528472448592,67.65908556091895,0.04198745668327422,4637.1375498867,5028.262620258393,4742.813978397106,4783.831883030187
2023-03-04,4955.959026476902,4993.758502720773,4934.106470955242,4971.835940336711,617296661.3073372,-0.03180186419786479,59.09242175113123,0.03319482003946303,4652.051640408953,5018.208851202463,4778.048126387815,4797.758109497337
2023-03-05,5036.935421721851,5107.930332314931,5007.519064636175,5078.272560966985,651720307.2673526,0.021407910861810375,70.01194383911633,0.03335278114084986,4664.725943571999,5013.561868386735,4824.236500938456,4818.536957754348
2023-03-06,5143.15726982188,5291.724096433128,5029.3665525304295,5177.180623277665,146446431.31989288,0.019476714005253415,68.57072718656275,0.030354347190979146,4689.880266020795,5009.067090144636,4878.535596682949,4845.10315520052
2023-03-07,5212.552143254865,5248.783810687897,5142.365816690036,5178.359818406038,617887815.6832216,0.00022776781692157577,67.86680510909054,0.031096641506828532,4726.831653849796,5005.251346764312,4924.662400024963,4869.788833956484
2023-03-08,5440.993708776119,5531.396044263657,5342.438455885437,5432.703041594894,365589390.1079902,0.049116560476314186,69.86802721723294,0.032482587736248555,4782.51812747591,5001.437188775865,5002.82249872803,4911.486182670441
2023-03-09,5423.323139966115,5503.926088037214,5391.000265114059,5471.317169926437,812757226.7461758,0.00710771931318499,67.12567307949428,0.031696104075613414,4836.781855147906,5000.224360697397,5074.898601989324,4952.955144689404
2023-03-10,5566.253466714229,5632.802705954382,5472.420426678156,5538.639517948264,416744853.8537063,0.01230459612026702,67.48462333216912,0.024487558743416522,4883.998311847363,5000.858719932897,5146.2433582907,4996.339172338208
2023-03-11,5609.460668736969,5820.346174623301,5385.354460680322,5595.723523916278,382575395.61796665,0.010306503209503104,83.45480436442236,0.015826789678905287,4947.97916197411,5002.764594290374,5215.394153002328,5040.738013195843
2023-03-12,5663.1131203576715,5776.183129583705,5537.587570389588,5650.403825171122,357312278.49936587,0.00977180180920989,83.61955598080746,0.015914087289901766,5005.382508090878,5004.875260933127,5282.3187179513725,5085.89844371253
2023-03-13,5277.933628038955,5361.201750478842,5228.184329989874,5311.139457454646,446804117.97564894,-0.060042499299809204,71.44213511887749,0.032410892421771226,5043.773529836424,4998.5188846072615,5286.7526778749525,5102.582963248983
2023-03-14,5511.304422140527,5677.832046709327,5394.045834308207,5559.547048110823,354130728.3921141,0.04677105405460891,74.30327028891217,0.036050711374897036,5087.769270613732,4997.237631612369,5328.721042526625,5136.432154720231
2023-03-15,5453.708550152285,5511.2759184421,5369.181651821836,5426.461409179605,659685566.1226269,-0.023938216149540836,69.34244717114416,0.03358710823374678,5115.275280230033,4995.890604485756,5343.758022011699,5157.9158031987035
2023-03-16,5709.576387033712,5787.265502638911,5633.638232870352,5711.304366115217,438977942.13425314,0.05249147380902053,70.53318572379885,0.03905035368323201,5154.616140650452,5001.695047092034,5400.30361341224,5198.907548599927
2023-03-17,5723.580984983291,5848.212384649663,5633.674646624665,5757.769018696787,447213536.2895887,0.008135558815117738,66.437318122617,0.03898430876149458,5212.518598511592,5007.690777571039,5455.298291148325,5240.304694533028
2023-03-18,5680.718926058914,5727.10769683309,5648.486588774957,5694.795489282794,478758053.39430106,-0.010937140619830976,70.15379349221543,0.03943684100797609,5265.286959049384,5013.328089968107,5492.144013938243,5273.970679329306
2023-03-19,5802.568984144767,5824.6994155915,5745.495916942494,5767.492570372541,193683841.3721733,0.012765529723860691,69.5815927418444,0.03953636210791747,5325.839248712946,5020.924318441095,5534.505330312751,5310.527856443619
2023-03-20,5545.578475189691,5668.54424699555,5470.870919225773,5593.195219522753,616717985.471547,-0.030220645925952083,61.33396409978583,0.03251864350539074,5375.053506273912,5027.237267157934,5543.534544037366,5331.466179634666
2023-03-21,5557.259036022097,5713.014245622813,5429.134692006961,5584.267219496185,698812647.054048,-0.0015962253553041261,61.01210692741499,0.02764833329767325,5423.0486430720275,5034.482499000538,5549.801109492569,5350.1921825873715
2023-03-22,5476.196605130534,5675.448938068792,5324.658508552186,5522.626039533544,891992836.8565835,-0.011038365024409136,52.724438807912776,0.026098920072019274,5457.908846098053,5042.155242513752,5545.620329498873,5362.965060879681
2023-03-23,5677.413771181137,5803.4114118919,5504.819176619416,5629.759230200779,675990197.8896668,0.01939895801387337,54.60902997472474,0.01701353099479504,5482.639654475503,5052.005990431608,5558.564775760704,5382.727591940503
2023-03-24,5235.33382437409,5367.133984181452,5121.283838877,5252.705561242853,544175807.6788852,-0.0669750967208732,42.95226981715228,0.02904234087294219,5496.6831355208105,5054.361313119175,5511.509511988726,5373.096330407344
2023-03-25,5334.041757380175,5450.278081327417,5263.367088273815,5379.00762612874,319371323.7096358,0.024045144623717096,44.83461639768596,0.032223314089905176,5511.719888778898,5055.325980424752,5491.124606471806,5373.534204164484
2023-03-26,5238.236254518617,5323.947469861213,5166.417264897998,5251.940586599368,743980405.1607428,-0.023622766198013845,40.81948915129979,0.03130094216921037,5515.457886944983,5055.1433703040075,5454.3270649529695,5364.527269530032
2023-03-27,5069.819929894269,5073.274830424294,5058.125049460256,5061.574330910176,817206390.0551382,-0.03624684105812659,43.826496793371184,0.03193450922338311,5509.618612570191,5052.165151239642,5393.903567407924,5342.086311113747
2023-03-28,5124.68734080691,5224.640903576867,4985.75658046417,5084.934796730951,532149796.56910866,0.0046152568931205895,36.78853144163783,0.03241026763502096,5492.230200326992,5050.7298992962305,5346.369910380698,5323.038050789095
2023-03-29,4929.495001375509,5028.563551459706,4870.527190245966,4969.121715988455,430757041.77788824,-0.02277572581991627,37.14572834837889,0.032605044125629055,5467.120427630094,5051.00321642521,5288.331726628045,5296.822025989048
2023-03-30,4604.760924575536,4770.740463413759,4479.69127240668,4644.589041990596,612465607.3903127,-0.06530986611852452,20.672561578054044,0.03362656426503216,5422.41790383221,5051.219334566229,5189.294390529975,5248.508471618792
2023-03-31,4791.591988909775,4851.302062910171,4731.926686341982,4791.636209701397,493262200.19159424,0.031659887749245996,24.82997105647931,0.03454628197247787,5382.213538121467,5049.177012688951,5128.11620886404,5214.666081847134
2023-04-01,4685.992923726597,4815.022555526059,4542.616386206538,4671.239787838231,463383246.3130706,-0.025126369489279154,24.108639958655615,0.030651945151681455,5333.255336254822,5046.793961119122,5057.827528706223,5174.412282290919
2023-04-02,4503.369858865136,4675.993276179766,4314.147973998243,4486.109776916896,405335140.05114794,-0.039631879186191266,19.331241423566937,0.031589901114824716,5292.003852227934,5039.768070425835,4969.870951507865,5123.426911522473
2023-04-03,4393.811551282907,4420.233568219899,4380.905377637989,4407.2878100516755,602248232.1739281,-0.017570226941568956,20.257035968439894,0.030951656327953613,5234.390890324978,5034.442744029035,4883.319698976144,5070.379570672785
2023-04-04,4195.489968567497,4202.556241596162,4162.811117233672,4169.834179382917,624704498.6565806,-0.053877495843861034,18.173775666811665,0.03135544577470314,5171.559528835142,5021.343697662573,4773.552695961801,5003.672504651313
2023-04-05,4430.076618513803,4465.330720455355,4411.341567592746,4446.526103707504,493948219.80411386,0.06635561809451485,27.923162337167312,0.0475289063687546,5108.320615714757,5016.792336250687,4723.240912538063,4962.402400877698
2023-04-06,4568.41352173278,4628.80592969793,4493.480419997357,4553.678031290506,568616294.6860241,0.024097896893860327,27.923716458338944,0.04353403152592184,5048.116066344443,5019.079255639977,4697.154315423054,4932.1265216490165
2023-04-07,4607.098212980167,4701.223480408206,4553.586622733812,4647.245577266436,362772659.00289,0.0205476859217939,35.943739330330246,0.04228622206199993,4995.738570743624,5025.644695803853,4689.476048014343,4911.0242294725285
2023-04-08,4972.13252187189,5007.3408482839595,4957.554477809258,4992.702494090804,449447674.2729184,0.07433584283005978,41.85991554915987,0.049876926291223554,4956.9990669295385,5037.777893355939,4736.126270487645,4917.074471296104
2023-04-09,5119.341185702044,5226.4009171143,5038.2496819502485,5144.904485012018,386590904.4840387,0.030484890918566654,47.76821393724126,0.04489789482081092,4934.584530204002,5048.789775376997,4799.015226568318,4933.950768608394
2023-04-10,5192.259290736337,5344.891703466881,5084.6243705009065,5236.342934516229,600049616.0160196,0.017772623334521898,53.80086396899017,0.04176471619071391,4917.188315955003,5067.1945036396955,4866.296412406458,4956.350188305271
2023-04-11,4968.794705021,5035.112839628818,4947.07690058604,5013.200942653945,339316941.8592323,-0.04261409053089449,48.564660193229514,0.03825888017854188,4891.717061111024,5077.411784436058,4888.89710936761,4960.561355294061
2023-04-12,4811.294556347726,4825.417062263336,4793.645253874411,4807.7573771719435,454643639.5883977,-0.0409805168059435,46.883024464693186,0.04137191014011165,4850.6169684595825,5082.700551528623,4876.414073645199,4949.242542099831
2023-04-13,4741.807704881511,5001.353268481927,4477.13800696916,4736.386857372973,576488031.1529334,-0.014844867201046719,51.96542765108028,0.04207828365418056,4824.801033266088,5083.835644024789,4854.871424987933,4933.475454342286
2023-04-14,4687.013030760238,4721.001213260165,4670.998709834308,4704.925689375801,70582158.41449311,-0.006642440523665805,48.04682107153321,0.041807217444553076,4791.096936428441,5080.407333475233,4831.8028502783745,4916.545842122547
2023-04-15,4553.876510398731,4617.099819152036,4523.800189355489,4586.806013444216,445241302.8440836,-0.025105534864941936,48.09615266459085,0.02791775880560869,4757.840207770683,5073.653710589981,4794.111029226966,4892.120669627856
2023-04-16,4709.416648942002,4839.225530770004,4584.982129649319,4714.652662944172,481706208.85723567,0.027872695973021333,55.289933332695874,0.02726977462400607,4740.494124372382,5075.9523666193845,4781.886665183459,4878.97489135499
2023-04-17,4706.505772653905,4820.208156963571,4609.487284002475,4722.85269773522,382808605.5759585,0.001739265939036727,57.55103953245825,0.02491650864999077,4722.390019422597,5077.62085500355,4772.804516345268,4867.4102844201925
2023-04-18,4592.409725541387,4659.879265968713,4527.745610443965,4595.1761971521455,575424514.0394163,-0.027033767249251772,60.742214056678435,0.022556943139519725,4703.692743480782,5078.395443404567,4745.477082623249,4847.2447964744115
2023-04-19,4628.580719633115,4736.927937473919,4537.5608331939475,4645.573884678716,529809864.77351946,0.010967520148151166,55.675810137622776,0.019873714559652082,4703.741985615188,5079.128719732073,4730.107359862552,4832.3062104154715
2023-04-20,4726.911847816958,4730.4232944832775,4709.677750732805,4713.17899577509,198296170.62433162,0.014552585487734415,54.653082929140616,0.020474814051150193,4699.819124918872,5080.905009976897,4727.502996156789,4823.481972293962
2023-04-21,4653.434811140909,4757.258222539296,4566.0883829453605,4669.608214499509,596924126.5225837,-0.009244457151879382,50.671982091021185,0.02062751209544598,4699.737546251936,5077.788734686626,4718.596106671053,4812.08391616104
2023-04-22,4693.559807035803,4738.196376208892,4691.621010367059,4736.239949399863,325698342.62319285,0.01426923455665019,40.74213199580884,0.01814358492890508,4712.244054876084,5069.810672421588,4721.310544013947,4806.465844549101
2023-04-23,4639.100261296276,4689.850753119192,4569.699700720702,4620.24390919355,625056652.4464256,-0.024491166293424516,30.552279240596107,0.017804097385717543,4722.891859833178,5062.778831798725,4705.761830964655,4792.671627115356
2023-04-24,4886.828326523204,5068.724077292281,4682.388902927127,4863.413100655234,703445269.598924,0.05263124550152343,37.57422976595423,0.02762459974335844,4757.570805896794,5058.481642592491,4730.015872455513,4797.911736266458
2023-04-25,4804.839536898993,4949.175006742433,4634.748431700537,4778.286251402148,391955233.3681503,-0.017503520159868224,41.380008169522924,0.02599711749482526,4774.158813281526,5050.503755154979,4737.442084601149,4796.457996646879
2023-04-26,4597.714359276631,4669.04957363427,4528.138561610676,4599.447548153967,497894524.2984668,-0.037427373296378574,42.20403559668973,0.030469826864884756,4776.447289124699,5038.925509749938,4716.212155916967,4781.864630091848
2023-04-27,4558.5387081890485,4566.265197525947,4543.167559708445,4550.881069740877,485226193.2882355,-0.010559198230792322,42.9369153810785,0.029800279714071388,4771.629063748421,5021.289070312858,4690.776604197568,4764.754736732517
2023-04-28,4601.271974981259,4672.475002771356,4532.660909171774,4603.825855221393,407705991.7125989,0.011633963768587385,46.2126105233389,0.03030067393814061,4752.1852318049505,5003.939244018757,4677.399565893541,4752.834078842804
2023-04-29,4648.5480812179185,4704.250470749521,4601.257993356747,4656.875665640696,391323348.97249603,0.011522983728660563,52.75947261503815,0.030077383720351986,4727.7837908363845,4986.303966972606,4674.242042777719,4745.72604823524
2023-04-30,4546.326900917382,4680.184003760592,4402.597566716886,4536.155184612083,707394042.8314028,-0.02592306294954605,42.93076040307175,0.03025993654695588,4692.774403341177,4965.112600186522,4652.997910752237,4730.2022805594515
2023-05-01,4658.760527584067,4673.589161386826,4614.216796551503,4628.950546470235,560200419.3998591,0.020456831409326526,46.51462838596383,0.021797921840965715,4673.561883531992,4944.683534612504,4649.298316247314,4722.702152108399
2023-05-02,4477.581848807533,4512.428259288506,4455.7660129505775,4490.549243224545,790734594.1571097,-0.029899067154914194,46.14722895348484,0.02326385570041923,4657.701476834622,4928.271730327902,4624.875381936119,4705.505640339225
2023-05-03,4353.534613438061,4404.025396863456,4309.621673625779,4360.046770662154,231068835.39884686,-0.029061583671373015,40.071516779592784,0.02169827431443181,4638.88447249908,4904.281724778928,4584.132518663201,4679.916094437219
2023-05-04,4257.358244456283,4394.21058385582,4160.084399618409,4296.05263394088,627061570.6982446,-0.01467739684626257,35.45896962138035,0.021853350420678506,4618.440819727335,4881.673549274154,4539.812536398229,4651.481764030083
2023-05-05,4318.33763919295,4403.371054954377,4202.5273763619425,4286.942584620539,613132309.2839934,-0.0021205627809043337,36.331880518077604,0.02036201144804894,4603.447648286151,4853.186313644261,4500.909466893969,4624.478861851598
2023-05-06,4428.520935400903,4480.626744626665,4363.546762990508,4415.499360864555,461102844.1445783,0.029987986474373285,39.029051996177564,0.024403511828835038,4588.48998318217,4826.340920487616,4487.769450581751,4608.99889881552
2023-05-07,4529.201812268128,4597.041428300472,4501.898444710196,4569.495160526731,833047515.9217204,0.03487619113413798,48.30811810275539,0.027323676662477942,4580.822106321745,4803.834913912495,4500.342636727132,4606.072695979314
2023-05-08,4445.4213751415555,4451.899900865714,4397.216014530943,4403.63364098643,297926543.6558921,-0.03629755885794217,33.83863179212581,0.02907873959348057,4571.2449785134595,4776.557735324773,4485.464329690101,4591.077210424285
2023-05-09,4389.140252689489,4429.74330091125,4347.615723968862,4388.210168166931,528285617.8305363,-0.0035024423185312514,35.58222628315737,0.027227829356895755,4558.37679268787,4752.458034297656,4470.502150994229,4576.050022108926
2023-05-10,4289.122631957803,4423.526364414085,4164.118898137635,4298.256431842444,716863945.9097079,-0.020498958089343988,38.08462726767587,0.02602614337047813,4537.630664491238,4726.737818544581,4444.002809586262,4555.472719126224
2023-05-11,4181.727959306036,4190.232203743874,4163.504181370853,4171.988619228856,564435986.5136356,-0.029376519203965556,35.87884615411724,0.027777310809410406,4512.749684727705,4699.725070138487,4402.154472608199,4527.066489504196
2023-05-12,4228.264788785941,4321.696013403582,4163.4237053601255,4256.423117722174,772368337.8276746,0.020238429727290175,37.34939084944289,0.029255204140937293,4488.758843143822,4672.2583478889155,4379.734264164195,4507.018832335159
2023-05-13,4383.8833628095235,4486.671360130539,4309.775201015392,4412.086434331872,708144437.7681941,0.03657139158970679,41.70588782641266,0.030484419543289263,4478.350969400737,4655.445965350696,4384.711521113069,4499.986802853434
2023-05-14,4300.567202572214,4437.140268908365,4205.62376226989,4341.297624796683,486322250.4059771,-0.016044293462693426,43.16648474392599,0.026694901669455564,4452.245195607809,4634.691765324054,4378.032460141317,4488.232048923304
2023-05-15,4338.335645026166,4418.424036129223,4228.325018961657,4307.850637751748,308181697.93997854,-0.007704375496831117,38.250155649975646,0.023453231655052354,4428.723414925289,4615.809966347102,4367.2352566967675,4474.870462910597
2023-05-16,4185.451985575297,4322.346303791789,4053.612324538576,4190.352285731317,508747691.0737767,-0.027275400635002667,38.84439012130241,0.025210023009918554,4408.268651804157,4598.385525443525,4340.022491932852,4453.795042378798
2023-05-17,4333.944525653051,4597.667672019367,4051.9976814966503,4314.540054024942,455094501.7308396,0.029636593733777472,48.30095231795709,0.02751929870469753,4396.45160101836,4582.977630589405,4336.102116870096,4443.47985805629
2023-05-18,4305.428399047498,4317.43140466297,4282.8551984079295,4294.828653233856,155587089.19600138,-0.00456859840081858,49.952738419024485,0.02439600837456273,4381.001740918984,4569.491769334313,4329.752353233752,4432.468657699073
2023-05-19,4350.009326511126,4462.662332740205,4195.650671362706,4307.194904486013,477012906.5973418,0.002879335184384102,50.78004153759808,0.023379714053590954,4363.51770286125,4562.743886584221,4326.281976503331,4423.189120424032
2023-05-20,4351.178553357937,4516.78611524442,4213.43399156161,4378.186565149276,645888571.9939891,0.01648211010588918,48.49616899865402,0.019294480235766433,4355.619271888108,4554.474893693178,4334.267297833477,4419.855597811087
2023-05-21,4435.967168729991,4465.489683449159,4414.534430432106,4444.018046675808,353630448.50303227,0.015036244012659461,44.5559629157243,0.018809981533946054,4346.372646898388,4549.930458869931,4351.152028424604,4421.645408838103
2023-05-22,4581.769676393911,4632.16053541015,4547.989899114571,4598.259186767081,721528702.1314821,0.03470758634894544,58.53017201837967,0.021269974208824,4351.758144075514,4552.1734470669335,4389.168514323447,4434.727910906917
2023-05-23,4556.148720865778,4556.4230748380905,4527.774304902544,4528.046966693948,310269167.53465015,-0.015269304582740895,55.84799817707997,0.018044399039521264,4360.158153877104,4554.588630199779,4410.534430072756,4441.640433557808
2023-05-24,4544.189707011646,4568.373821722535,4493.613778331347,4517.656684664629,395023401.0227408,-0.002294649791785397,59.82947874926554,0.016606924450449416,4371.2383564132915,4561.545080305414,4427.014776933044,4447.271266973128
2023-05-25,4630.642137834153,4675.53507499932,4553.15328939624,4597.727123589882,186493132.92331982,0.017723887518291237,69.8973982256894,0.016216389192320775,4386.777583361759,4564.569100703062,4453.27821488025,4458.416145241035
2023-05-26,4688.701855769143,4747.581820385547,4647.4978698625855,4706.223852390968,600599608.3965734,0.023597905200683833,70.55955914600797,0.016608500624586037,4401.313807938079,4567.62001712507,4492.192928343437,4476.772271696585
2023-05-27,4650.087542642331,4664.627603623446,4610.062160859228,4624.5222834684355,810930472.1211919,-0.01736032358108608,60.41418474693577,0.01996345010965348,4404.065164085165,4567.165551249111,4512.551290670361,4487.716717013019
2023-05-28,4621.762589963792,4766.196544755152,4497.168494112715,4641.081643273545,443479604.49115306,0.003580771978179298,65.52150085829683,0.019760957616103296,4415.93756419952,4560.133134232765,4532.32519107085,4499.077081921207
2023-05-29,4818.101797813844,4996.510707051312,4635.38830949818,4813.631695870988,399130077.439348,0.03717884447206932,72.88998337302891,0.020364178657370748,4437.208640584723,4553.507678449944,4575.603114886257,4522.377423695265
2023-05-30,4965.413459586241,5061.772345172395,4845.794860572655,4941.693435018145,434038029.68562514,0.026603975384532408,83.6811882804303,0.018921586473525053,4469.380490743509,4547.614688459983,4631.924702598854,4553.437868978441
2023-05-31,4974.800842845081,5043.282750338278,4906.783527809101,4975.25916889916,478701207.4129118,0.006792354548576407,82.23806182735233,0.018009648063342036,4509.544018227023,4546.855852984887,4684.745389721978,4584.68389119479
2023-06-01,5171.469957452363,5253.879136570834,5097.491610486846,5179.781886703216,760952133.4491951,0.04110795254296451,86.58157623830385,0.0207691978028258,4555.711956676076,4554.296343175512,4760.904850796014,4628.765224195414
2023-06-02,5347.351126785022,5517.101037056499,5152.278011793496,5321.197689772207,493904968.10241616,0.027301497661902152,87.87518705319629,0.021000553411555167,4601.167519448092,4565.992559823498,4847.103749100044,4680.056517941844
2023-06-03,5399.140848860451,5429.679762337903,5350.913884410362,5381.3521806573435,425523158.4262238,0.01130469010778512,87.77622542235775,0.014887026345176461,4653.170247241125,4579.521089649128,4929.295815493475,4732.0043448096585
2023-06-04,5695.43915998101,5821.367172180851,5545.652987141077,5671.041560480949,287581787.5926727,0.05383207976330939,89.53978088726618,0.01655736444087984,4721.329793377585,4601.205800589863,5043.410545491548,4801.562657081607
2023-06-05,6016.451884523653,6091.019513366644,5957.861582803148,6032.27511947886,398660403.37950116,0.06369792129812502,90.77096274557866,0.021106742836888712,4813.425935064963,4627.558249720557,5195.543556874211,4892.726543185107
2023-06-06,5910.754546619739,6025.172034322828,5751.0102281726895,5864.532981486362,522088751.63717705,-0.027807441582171966,86.0014853310186,0.03136099200945734,4890.925581438034,4650.391855395579,5298.465006814542,4964.712205281497
2023-06-07,6033.79856065584,6197.390485808624,5815.702201704251,5977.775187949402,541928375.3724502,0.01930967168579878,87.26682218079239,0.030482654967391488,4975.072908173811,4678.043835211524,5402.9742654506745,5039.753907701342
2023-06-08,6100.87872096559,6276.6132000618945,5894.451085926639,6069.275233467926,497925457.464904,0.01530670569595527,87.34068159481768,0.030044084318344197,5063.176924622907,4706.517862187308,5505.482106684098,5116.014746647014
2023-06-09,5832.81641379643,5836.415993657653,5804.0083627109725,5807.592376174866,486932488.267059,-0.04311599774715391,75.93137347801282,0.03894325786373944,5134.647215174186,4728.406129795304,5551.960609682677,5167.242719204633
2023-06-10,5982.490732960686,6124.020282475067,5881.519664334292,6022.376039052696,509947909.4764286,0.03698325381081502,80.97114005251483,0.03992989732596215,5213.56511479303,4755.461486286368,5624.332214201142,5230.585928082268
2023-06-11,5985.29063330234,6058.586138120092,5972.434553699635,6045.600516160573,769632339.3987373,0.0038563644909044292,81.02717580777133,0.03654769178191031,5285.932181262705,4781.648697621583,5689.142722194901,5290.957379051031
2023-06-12,5922.485361659204,6015.638399653635,5811.114113457419,5903.976023491837,519246572.988904,-0.02342604217565447,74.42042594983357,0.029211353275149753,5354.728634102599,4807.323339907548,5722.193999317506,5336.366167528128
2023-06-13,6079.174948463244,6182.548686741441,5935.3816375559645,6038.056168786385,405774340.1978503,0.022710143937076488,74.48920008389432,0.028197049264665913,5430.748608308687,4830.8162012701705,5770.788179235795,5388.343204658369
2023-06-14,5793.892459939556,5865.2179427492465,5708.315713970917,5779.463570510872,536291939.36193675,-0.04282712698373059,66.32247070427103,0.032253181918499414,5489.835430654736,4850.839747652346,5772.122854816576,5417.315083610407
2023-06-15,5581.141794866645,5614.402601777565,5517.125249561432,5550.201668833476,621596771.3627323,-0.03966837040848936,57.44344606211281,0.033341344616358425,5532.034321476862,4869.854830065936,5737.981133896099,5427.158534367672
2023-06-16,5541.714085611475,5571.096167428222,5512.651512421222,5542.031927371137,409595647.9161076,-0.0014719720020653915,54.688661443575675,0.03050262610306137,5577.909803671997,4889.677847218541,5707.835102123028,5435.66767459015
2023-06-17,5507.30252688595,5694.988773179133,5349.506972440349,5536.3606438645475,489002735.76198083,-0.0010233220560458278,53.36901901807628,0.02426688409043053,5622.673753701547,4908.328542991404,5681.4544162371085,5443.126413054921
2023-06-18,5936.7347111640265,5953.595028498124,5897.097858271539,5913.893306050687,681751846.8103806,0.06819148651461582,55.08410790460937,0.03890531064861472,5677.686834210532,4933.468895799604,5717.214245439197,5477.998034758311
2023-06-19,5570.675067404139,5624.118457738197,5569.314898070019,5622.745574557697,567640682.9320743,-0.049231143753491025,41.1672922480065,0.04229341675699261,5711.739441187509,4955.200703598516,5702.68060376512,5488.720074743451
2023-06-20,5614.10027116652,5826.451110637213,5356.52131065453,5567.094165123836,657933832.9603466,-0.009897550706487124,43.25891791092169,0.04033014176447345,5741.331190998744,4973.963575971588,5681.821151666461,5494.525562919775
2023-06-21,5809.713444847789,5959.267442811349,5648.52619612271,5797.772817734592,647862532.3916345,0.04143609678023541,46.12665171478059,0.041744389517820585,5772.230737550312,5000.108047461789,5699.659869523097,5516.988322535688
2023-06-22,6158.315202546189,6195.7597397374875,6104.613029544189,6141.958110353866,235826499.90398553,0.05936508784312111,51.41061301530392,0.042365987769022104,5813.268758579396,5035.746274255624,5767.70575272783,5563.2823808925905
2023-06-23,6158.310997747264,6310.222660036331,6063.246397687712,6214.293863807703,490267832.84035134,0.011777311429704618,58.51930758449644,0.04178172858773952,5854.915842736913,5074.11109885296,5836.411615970887,5611.505453701117
2023-06-24,5768.588302948541,5916.027683404312,5585.207537535896,5731.704196920969,465455756.6552463,-0.07765800547305235,44.52542987012701,0.05523588688611401,5857.948974558914,5103.006331098968,5820.302782270899,5620.409064309995
2023-06-25,5760.659488826224,5872.517067336549,5618.746873950931,5730.009302614758,475352489.6384162,-0.0002957051250344067,44.00749527432075,0.048039240472650444,5842.83568371571,5129.296529933973,5806.411477708416,5628.527600480718
2023-06-26,5862.824844593094,5941.472231871874,5727.992346335245,5805.875785375044,540942148.1379322,0.013240202372039045,48.08954557650192,0.04373795878867628,5839.9028239101435,5154.024142430939,5806.329063503282,5641.664503065484
2023-06-27,5774.419039259103,5867.679697025536,5708.731833538413,5801.682356019463,273982041.1208243,-0.0007222733504123058,45.151448629009366,0.043337927844225126,5831.098182313646,5181.985116731599,5805.614185428848,5653.517677358371
2023-06-28,5637.085316077001,5808.678202575422,5486.844284664147,5657.882869480232,586326164.6601119,-0.02478582550973918,47.382860507840306,0.04169718505374906,5810.528564114262,5207.378570757865,5782.886290667522,5653.841024922953
2023-06-29,5917.514056414402,6042.133550941279,5774.371611312094,5898.592631343501,799873231.6500552,0.04254414016976327,57.46266482817,0.037827694126517125,5815.078576872693,5239.385294747887,5800.687266156134,5671.970773546697
2023-06-30,5696.5134285921595,5820.621555011726,5621.6022164699525,5745.071782965044,696947001.1890236,-0.02602669110639877,54.09424322157735,0.037710220275397555,5801.213364068311,5270.84695802261,5792.131037972889,5677.385663133241
2023-07-01,5591.518891657924,5689.552600307,5533.6705570636595,5631.292775917327,648700780.0690161,-0.01980462757403445,51.83430612993825,0.024610202999092452,5780.4979770561495,5298.344351186513,5767.386689964342,5673.971375191321
2023-07-02,5473.214807577428,5630.144846311825,5310.725597967195,5467.4915369705195,513379565.33187926,-0.029087679413032252,40.597925784918566,0.026555476129467973,5758.673752730083,5319.452453239286,5721.2489741191375,5658.67657236015
2023-07-03,5276.687646178331,5356.262926954826,5148.287726162417,5227.1154313424795,561271199.3540035,-0.0439646049751784,41.48516693622675,0.028259534223845625,5718.126715857888,5337.168809370201,5645.228429076575,5626.7090804329155
2023-07-04,5258.097141832476,5356.782922077345,5178.866302334249,5277.263280524394,683137296.4371492,0.009593790273163094,43.74738799182528,0.02934880469192233,5693.016701358563,5356.557062225655,5588.618406222393,5600.824206365617
2023-07-05,5235.587091876378,5313.142372186827,5139.828587063799,5217.110166817449,586782455.2434291,-0.011398543242846837,36.47831175363024,0.028891184319335485,5676.362126257763,5377.092219847378,5531.463292467786,5572.400944176864
2023-07-06,5279.361142863377,5379.039990389766,5178.326582158575,5277.979340067976,274935594.29340476,0.011667220224268249,26.822574673780053,0.02044806073705563,5663.159496892605,5396.361005568239,5492.465761329354,5550.5919364650945
2023-07-07,5440.826184494471,5537.84657527329,5339.978382090378,5436.92928363514,680502114.819997,0.030115681272279593,30.072183828072113,0.025938378250704157,5658.187928881134,5419.203018176264,5483.921687837937,5542.172480699912
2023-07-08,5504.962206426303,5666.320908683835,5349.046470762047,5510.255259145924,737716640.3325477,0.013486652425569012,42.815638425907004,0.02636634639840951,5638.006026535896,5443.264225269461,5487.973006500703,5539.808242066283
2023-07-09,5478.868371981512,5488.658828700804,5447.373351995162,5457.124954342553,339679396.45779014,-0.009642076873877303,41.43286276301321,0.024058224307887146,5629.724995525138,5464.8429930533275,5483.227152322526,5533.683554086748
2023-07-10,5082.685738185904,5108.7975403122555,5051.486180348305,5077.571709651977,417258384.30772597,-0.06955186987033235,30.796803410636286,0.03235943468718247,5605.248872751546,5477.514066312852,5420.818622680903,5499.897491536024
2023-07-11,5163.679777293173,5245.391549035031,5118.614377766997,5200.009089766244,693578831.3197562,0.024113372910425923,35.06683276976143,0.03378567560081647,5575.360686353129,5489.549064372835,5386.8479253094165,5477.683535849374
2023-07-12,5336.159915811566,5354.704822352603,5283.702939619986,5302.129579577003,656986049.1904248,0.01963852140407507,40.983884140790806,0.03431803510948651,5533.369259814285,5505.030716630496,5373.814333658276,5464.679539088457
2023-07-13,5140.267452610446,5150.498650682979,5132.557852041089,5142.785273774034,185314406.7201919,-0.030052887884283064,30.021047603127627,0.03610426841489406,5479.793830312601,5517.533288412685,5338.271401368393,5440.835519435537
2023-07-14,5174.697731945516,5259.32836717801,5075.790732622639,5160.184000107552,508995676.8409752,0.0033831329537017396,33.340202757580414,0.03330740091830869,5451.217820471931,5528.782425943038,5310.873339635955,5420.0465180038345
2023-07-15,5149.630466288504,5227.736917937043,5112.840616143852,5190.653988657828,437853777.0649587,0.005904825980942219,36.823616199398955,0.03264896458627707,5424.250054774084,5538.471028668374,5292.378054870089,5403.054478793019
2023-07-16,5191.752231493218,5346.393822627614,4989.948324647821,5143.142011206785,299201117.5389563,-0.009153370183191178,39.57604104225872,0.03264546410399136,5391.1133660656715,5548.843423223141,5269.4186635372735,5383.801703416262
2023-07-17,5053.022309636155,5095.181273835101,5014.197548974044,5056.331090246392,610137777.5210463,-0.01687896635388142,43.91023064302038,0.019510568493489967,5353.8458027770175,5557.148412162597,5236.63595995406,5359.544620959235
2023-07-18,5326.196312986332,5367.470456568505,5236.787262112635,5277.685482074521,547295794.9579451,0.043777669594287305,50.01341659836149,0.024429738268184956,5334.835933406732,5566.4294878866685,5242.9512710495155,5353.480981041848
2023-07-19,5528.9556486584825,5709.860765252383,5301.762371449087,5481.101727764012,712995704.9141618,0.038542699518640866,57.688956337380056,0.02750735124013787,5313.961388227757,5577.217653741586,5279.589802851746,5362.934369687934
2023-07-20,5296.733736050898,5476.156996391098,5159.344876378456,5337.705396916042,313849104.20433503,-0.02616195392280518,51.65977616264776,0.02670687913290355,5293.593068925307,5584.466578301924,5288.530663477022,5361.065556890016
2023-07-21,5417.2485643523805,5509.31997368673,5281.089201432386,5372.39833753091,327283202.55552924,0.0064995982421420795,48.07366080586757,0.026689139717430865,5280.648347005987,5588.318907318478,5301.433382562236,5361.905022122674
2023-07-22,5251.563882652674,5311.268017269802,5214.686143877027,5274.2311038405805,603188839.7315308,-0.01827251583423095,43.05731459360575,0.028234628233055246,5270.985325349489,5587.379575599845,5297.248416605058,5355.410657805482
2023-07-23,5181.935682009352,5193.340582584823,5150.603842044503,5161.964788764536,562766939.4003692,-0.02128581642816041,41.60971712769788,0.029425212511470605,5267.7277932205925,5582.99182776199,5276.435550783439,5341.081334172819
2023-07-24,5203.267759510244,5239.850630864213,5186.338873670479,5222.858007947156,389810695.18422115,0.01179651967312112,55.0436807875152,0.02852157603281035,5265.007529591731,5574.028156711313,5268.192851885549,5332.324050748696
2023-07-25,5300.531988533945,5490.196854526948,5132.780443637898,5321.7730706284165,294488834.8545326,0.018938876479266842,54.29727476737649,0.02409215579118684,5270.240674782279,5559.818115734304,5276.435962461374,5331.542496665713
2023-07-26,4954.265272373461,5028.334659019424,4924.083141256142,4997.886779105194,463811980.568582,-0.060860598004600086,40.71594893597052,0.027613797068183402,5256.2360467341405,5542.485191686682,5233.582241945039,5306.827258327897
2023-07-27,4880.372443050808,4965.785502523099,4811.578671990965,4896.760722143147,513273351.78172493,-0.02023376307459135,42.21591900180133,0.02722253617752648,5229.22761865954,5520.864902370556,5181.763546590902,5276.451959351249
2023-07-28,4880.14621382944,4922.023097777461,4839.942557017996,4881.8057692045895,423099793.6008293,-0.0030540501746249005,41.178625139384714,0.02637152602823879,5197.805144162474,5497.115513085289,5135.616196223777,5247.218908229274
2023-07-29,4810.810237212402,4868.602884667867,4719.751149111953,4777.13930497024,447588162.7362512,-0.021440112364692232,37.48486485809481,0.02649831088644832,5163.805861693858,5476.5064516611965,5080.4659052616935,5212.398196876753
2023-07-30,4820.5334554066485,5046.2785730063,4597.237246685924,4822.873948239717,591157580.7351972,0.009573646559122295,40.29656011674594,0.02757759923883378,5151.070973623245,5452.516409844938,5040.8363734121585,5183.544548829565
2023-07-31,4829.44964428445,4855.706072822545,4808.649559098358,4834.882588345105,524724815.6453936,0.002489934473566713,42.9720252821709,0.026596468527612042,5132.814648552188,5428.302051288628,5009.151175709534,5157.717736941828
2023-08-01,4778.296260221848,4839.298221747403,4676.380806114022,4736.853692465897,488230962.03913116,-0.02027534155958921,31.37828174445083,0.023242543821823225,5104.550854196633,5404.95960466811,4967.259255210513,5126.542622536203
2023-08-02,4735.522074242918,4749.293358994516,4682.078169301818,4695.7337463479835,398697838.22418463,-0.008680856278781901,19.556005603600227,0.012384603513918294,5082.1982778253305,5378.113156219341,4925.486100000893,5094.630853929669
2023-08-03,4364.118366773176,4573.44245809835,4158.612183364274,4367.76457487563,772787001.949286,-0.06984407319248553,17.107935561265037,0.0263439734735937,5042.577306563734,5349.8791763066365,4839.6827884431605,5040.788907333073
2023-08-04,4182.490110027742,4215.309213566474,4162.9308290422805,4195.688212079656,394864931.88364017,-0.03939689510414468,13.497318280422633,0.026966483003213287,4992.829017734826,5322.78890717156,4740.606699771852,4978.18885583282
2023-08-05,4180.425919058061,4220.724885006011,4140.631412554421,4180.925621709453,509167013.9219002,-0.0035185146331181416,14.233861510858574,0.027765716502205544,4944.7181982599595,5295.566781058326,4654.501918531482,4919.13231997183
2023-08-06,4346.698401455803,4449.795231658601,4279.707577000272,4382.256391479941,104694752.8871136,0.04815459254407184,25.89732982124201,0.036672765613074844,4911.014463321637,5272.484696010634,4612.617991292784,4879.3637326761345
2023-08-07,4302.5361991842165,4349.447345802365,4236.191084710502,4282.888004345731,538558519.8747925,-0.022675165087876592,21.618375997819925,0.03612949092595785,4861.274589435197,5239.864589976535,4561.890300993237,4835.1803453924
2023-08-08,4207.27692266276,4336.895911216313,4076.747389088354,4206.33743359448,559247177.5264124,-0.017873586858581758,15.85924530676894,0.036100220202705396,4797.53637472672,5211.536427157271,4507.189859854967,4788.599388962924
2023-08-09,4252.710408811495,4289.871598650131,4239.891401638687,4276.979436990795,253097503.60915795,0.016794183660141737,23.886592192964315,0.038214058200844246,4744.500076730458,5185.734132594609,4471.772871722018,4750.701614742767
2023-08-10,4132.305407638249,4199.292458212684,4088.3364726443947,4155.081182332047,330890591.71381074,-0.028501014899550925,23.532461232517505,0.030264250212550095,4683.634218970515,5152.8802998865585,4423.05107335433,4706.581582712342
2023-08-11,4288.572615470275,4302.973595930347,4274.9909693254895,4289.389363195665,574770516.5258943,0.032323840370367174,30.518576473478802,0.02948691729199122,4634.39213193827,5115.828924943395,4402.487733329919,4675.678455340736
2023-08-12,4560.995193002441,4677.977604655196,4482.33564689475,4598.668342269286,252701883.49095485,0.0721032652636604,44.827160707395386,0.03884295899805755,4606.227309613506,5083.516414512626,4432.669365474438,4669.974002520629
2023-08-13,4623.2869715401375,4688.156927144505,4580.93449824485,4645.6000507701865,536525709.63566524,0.010205499724674993,44.865419680190506,0.03587014212058424,4577.364411754658,5061.794331589611,4465.4279324430145,4668.168524613189
2023-08-14,4660.7514614796855,4679.648438517301,4629.74240222427,4648.590071007971,366239528.0072356,0.0006436241185439062,44.57586595756749,0.03344892937657572,4543.705261773636,5040.165946957475,4493.60672299147,4666.718268790581
2023-08-15,4756.273395342653,4896.463022050586,4661.7902810463775,4801.089635561159,495200623.8661067,0.03280555226934023,51.81280639939917,0.03125689098883566,4533.865404596434,5020.070223961197,4540.91178646373,4676.671703366179
2023-08-16,5068.755902173077,5188.524127934872,4936.144597855916,5055.60201404766,500926896.31056255,0.05301137820909552,59.06414875386003,0.03364411989046701,4541.80746919166,5005.148617121761,4620.09489839972,4704.740615268511
2023-08-17,5218.760771636017,5506.279084444475,4924.529412757347,5211.656318390832,616608471.6385758,0.030867600714920673,73.27073259928008,0.02415559002833029,4558.299996650972,4996.224086099974,4711.104347629122,4742.289926610905
2023-08-18,5455.498574247579,5497.857697325773,5368.864817781176,5410.877481164057,480535794.4906611,0.03822607451497051,83.01518765407178,0.024225375935987097,4589.9869054606625,4986.469783096384,4818.761752788342,4791.814930651879
2023-08-19,5782.3582437822315,5929.043360179407,5657.537757977457,5803.760868070536,457441501.4384526,0.07260992108473263,86.57555627751172,0.024358651369061658,4639.031251452204,4987.6435647984945,4970.300078216373,4866.773888979186
2023-08-20,5857.190315742319,5902.4764783098135,5791.692654874461,5836.82133012392,284304282.50485265,0.005696385982280283,85.47374378255434,0.025141437718097934,4689.1281885411445,4991.754135882626,5103.611040048303,4938.629254989907
2023-08-21,5696.2654676765105,5715.592054945004,5674.829866232435,5694.149273566923,329408023.93906355,-0.024443451064822708,83.70573739017314,0.031559365125696646,4736.992967596196,4996.287290614554,5194.463075974245,4994.5937008104265
2023-08-22,5895.499383180702,5961.201384026426,5822.5951964128935,5888.216028395533,771322737.362113,0.03408178210738111,88.03401123094268,0.031583132485151336,4796.617081698573,5009.509302555615,5301.194299423673,5060.787947298212
2023-08-23,6061.435787478668,6178.071741948742,5887.533893543503,6003.046300090054,735685274.21457,0.019501708351181257,88.26847139727899,0.030015878869974352,4878.3811679592945,5024.024962946929,5409.1715302954235,5130.58486231983
2023-08-24,6049.127219792424,6165.1354405970005,5922.173767499137,6037.967979983383,593440751.3028784,0.0058173264285510395,93.41988642221516,0.03071547175759151,4970.495156354481,5040.442119210247,5505.909445632033,5197.798426591204
2023-08-25,5949.272637523663,6067.432259762777,5886.618836955518,6004.200000572897,438332647.52070946,-0.0055926065726799035,91.46680714031089,0.031232951539031967,5061.658875297652,5054.966532420345,5582.56953100755,5257.531876515774
2023-08-26,6152.462797597354,6206.227292968642,6052.220380914732,6105.575139345221,470761846.31876093,0.01688403763409796,90.51288946559127,0.018870316892591936,5147.824812690917,5068.339449534547,5663.031932290269,5320.349895984621
2023-08-27,5995.391616778245,6060.537866790054,5973.777029789355,6038.766903210328,343369500.1844461,-0.010942169183107975,87.05894509960864,0.020129610941718473,5235.618757634146,5078.909682415835,5720.837312431816,5373.565970593932
2023-08-28,6174.159356863349,6220.483917318742,6127.37556416696,6173.6966529668,487864854.3583116,0.022343924168482188,87.90774040174183,0.016063834797475238,5333.986718602763,5093.24111638832,5790.507980206428,5432.83491002896
2023-08-29,6250.534105480042,6396.497963418954,6061.202647563867,6206.129560730986,322269662.6853062,0.005253401582113737,87.14017540551016,0.012726403370956544,5430.444224789772,5115.812273409901,5854.449761825591,5490.1159952661465
2023-08-30,6227.1937941689,6239.870883873492,6224.411370119153,6237.084040680762,280071215.04510915,0.004987726995846042,85.41658290129057,0.011598274487819553,5534.544367707208,5136.55377242819,5913.316573957155,5545.446961593155
2023-08-31,6391.6761551120535,6409.966450154612,6366.721207792411,6384.992376665745,376588219.3116644,0.023714340711182613,85.34501179582917,0.01348911289315918,5639.324518380711,5158.211028369966,5985.882082066169,5607.635510857791
2023-09-01,6351.641122836663,6454.48397631776,6206.60309303717,6308.7514974180285,358153641.3651991,-0.011940637474578963,79.21146050210547,0.014719752971802965,5724.828676138149,5181.530352842846,6035.554299812608,5659.570028380771
2023-09-02,6429.467575522313,6511.787634105469,6390.904645125008,6472.963820107341,590230065.1764396,0.026029290067380195,75.57760821039082,0.01606808460533959,5816.196864605006,5207.7859492428415,6102.848072165644,5719.821420360518
2023-09-03,6410.92062545609,6459.004736998043,6352.910553619273,6400.919654435908,386197134.6239048,-0.011130012104754505,70.93649782135003,0.016106062753555982,5903.813343776403,5231.991262558402,6148.705238668762,5770.273141403139
2023-09-04,6706.257139881553,6807.386644145866,6614.070166676001,6715.078410125723,375680996.499808,0.04908025294023166,83.6130122903765,0.02202749739889244,5999.512782504632,5263.429990536782,6235.839572739063,5840.258716864071
2023-09-05,6641.87871963859,7097.181735718763,6228.452505660112,6681.301628122741,441694198.11432874,-0.005029990707487442,79.19272564451113,0.02290022061343062,6080.797763208387,5295.929401294308,6304.3721966442445,5902.558191772121
2023-09-06,6638.702988889726,6783.249429844355,6513.6166287226015,6657.80318403493,594533808.2992823,-0.003517045838628441,75.83825788709044,0.023479255158810972,6153.1051064905905,5323.531755333517,6358.74619470435,5958.5022652730695
2023-09-07,6719.542353278499,6907.740800901636,6555.083905358359,6742.715205530832,552347452.838352,0.01275375963343528,76.75536891026857,0.02273485387064004,6219.696992708929,5348.764024888853,6417.818350216117,6016.59211269957
2023-09-08,6631.9311298762905,6780.648519866533,6495.657155418357,6644.124004288129,240950890.10294974,-0.014621884246546757,73.1547219542491,0.02314635772146503,6261.715149519809,5374.892397036295,6452.634604688735,6063.075956520945
2023-09-09,6950.754920256635,6973.72487928392,6887.298484253386,6910.13420517679,590459075.9058732,0.04003691091812511,76.01261753333469,0.02548708479503253,6315.380793272453,5405.647114389213,6523.019158609974,6125.821011976933
2023-09-10,6864.84307389829,6965.567089470795,6766.520066638067,6867.210178903518,443951943.7414686,-0.00621175001798302,77.2049911957052,0.024879203639841183,6374.033838539282,5437.506695890471,6575.97162327052,6180.738728045569
2023-09-11,6881.82621367824,6921.379095096506,6789.810860686138,6829.060474196751,563664508.9056132,-0.005555342520892292,72.98209011033924,0.018443557824756672,6421.076060829343,5470.848609599116,6614.908369566863,6228.762561093805
2023-09-12,6563.239667128979,6609.119607573967,6499.689313407602,6545.444860303246,397090518.2948589,-0.04153069297967582,60.11675372591178,0.02495449192230486,6448.195988840003,5497.300346646238,6604.221675833999,6252.220509183393
2023-09-13,6176.962604206667,6252.166277599717,6102.258201845199,6177.455909190477,426285247.6836753,-0.05622061738607642,48.519682182149204,0.03216406775102107,6455.170385300357,5514.414003417479,6538.565404042688,6246.6823906654
2023-09-14,6090.4065766109725,6162.916993951379,6075.8652038974105,6148.237544797072,487732383.787608,-0.004729837788066682,43.75429598865313,0.030732162236569924,6462.372262511567,5537.421018731316,6478.514964158747,6239.390179860338
2023-09-15,6182.123649258085,6251.747725629557,6146.472525231577,6215.901809417459,598858682.094847,0.01100547337791924,47.53944723059967,0.03196544625090546,6467.888596015178,5563.803840476803,6438.112940352395,6237.650300568273
2023-09-16,6311.685452725925,6586.66887823861,6095.027502605353,6368.075264327321,351478124.9815351,0.024481315756839983,47.20256297394636,0.028318531622790993,6484.354014071027,5593.529230379256,6427.337913271614,6247.311408994869
2023-09-17,6191.60559999168,6286.925731605982,6129.070115679357,6224.06243188793,546897931.4361978,-0.022614813183211235,45.45749957556943,0.028509996887299105,6486.872303017085,5622.467692917611,6396.0647622895085,6245.589262542503
2023-09-18,6314.210435175913,6374.365161965939,6215.976877220199,6275.7653422127505,562292529.0893121,0.008306939541597336,36.95811202324397,0.029621289187173938,6490.354092091173,5651.525520797071,6377.557159200776,6247.824527703262
2023-09-19,6304.201795345349,6374.372492554444,6288.289723386266,6358.323814330424,673565508.4039637,0.013155124134798246,40.68165030997071,0.027555616379864683,6496.416080773656,5681.994345316777,6374.598183066876,6256.009660046015
2023-09-20,6664.918298227859,6919.110111060796,6367.936403627361,6620.4315462809445,613565953.3877228,0.041222771850622175,49.05226532144335,0.020326496210336414,6508.188039254416,5719.665902393079,6412.418700484425,6283.003873841195
2023-09-21,6454.638787409722,6501.278338227108,6364.095616622031,6410.415622283579,522624608.14852494,-0.03172239189080395,42.075779801782936,0.025511699537334315,6513.271245497693,5753.959539911792,6412.110534607372,6292.441781133223
2023-09-22,6475.120094957936,6616.435900999471,6278.281015656986,6418.358021799312,404477974.96941715,0.00123898355172547,44.37297025696456,0.025476086411732102,6510.540955582292,5794.971408850264,6413.071686483055,6301.768910071452
2023-09-23,6594.560891461788,6693.793537953915,6521.721493612542,6620.665801583655,500886149.08094543,0.03152017682672481,42.5486248455408,0.02649773745050578,6521.52826293968,5843.470960640345,6445.009242652378,6325.390902035319
2023-09-24,6866.516325779836,6891.731214926402,6799.051329257317,6824.110497773271,327612789.9437207,0.030728736699102477,48.97523378202388,0.024537698672519873,6526.979867322057,5896.334658161621,6503.332512670977,6362.333094312205
2023-09-25,6931.221953908002,7096.826730308206,6703.769245300092,6867.8601445897,947268130.6542407,0.0064110402125969745,50.92007622514348,0.02461482283935601,6536.3077931454045,5946.046733223816,6559.413686812319,6399.779542480908
2023-09-26,7171.265501897129,7431.831340939047,6850.626274803348,7108.927064931918,433623215.01720244,0.035100732290264114,63.63733436399086,0.025965385031416367,6558.863987190253,6002.567514435539,6643.954206523026,6452.308988588391
2023-09-27,6770.652292559368,6856.075018781481,6709.2896462859135,6794.496273716027,515519465.7180369,-0.044230414568039,65.33098621473252,0.03176628974581943,6561.453040599513,6054.33069123797,6667.114524552719,6477.656194894142
2023-09-28,6589.613853801138,6780.1808762064375,6425.977237326528,6615.891714631333,662616581.6544794,-0.02628665200327085,60.81640255386031,0.03079482668668162,6560.041426116673,6101.108936790781,6659.234092257121,6487.895863022823
2023-09-29,6991.963742346793,7161.010617138003,6853.330425628621,7021.785998963033,583434218.9122939,0.061351409883878105,66.11760382812477,0.037291499721956715,6565.624015805985,6158.443033123402,6715.011308673415,6527.443280499875
2023-09-30,6661.464313074397,6702.131660399205,6598.336373818634,6638.865760004035,572831980.5445808,-0.054533168486699424,54.958154072298896,0.04395485335346951,6554.206794861011,6205.432561059569,6703.296608878127,6535.6967975001835
2023-10-01,6604.054603616258,6650.824826569803,6598.724231052845,6645.46103337159,493437488.2672004,0.000993433759014728,58.124625713293355,0.04202214156836713,6545.026822819754,6246.368414881615,6694.398828030967,6543.827481638807
2023-10-02,6494.262077008651,6869.731811098126,6154.286875371065,6527.990902427647,539961091.3536322,-0.017676746632632745,54.74267084527414,0.04210657152738992,6544.1541249259735,6284.016231914763,6668.7976087073785,6542.654401697239
2023-10-03,6219.9007318587755,6255.005036640181,6168.192015034841,6203.20207478362,658917011.437487,-0.04975325984649315,47.32672175446955,0.04032101056101755,6545.441433205631,6315.1084719902765,6597.167526565261,6517.509784888823
2023-10-04,6472.22156832045,6473.790836463326,6432.166306445765,6433.7262409324485,455919094.7984471,0.03716212423353449,46.747017361791684,0.04331917432521525,6559.715868012399,6347.761204097703,6572.022713390982,6511.30359644761
2023-10-05,6209.061165244841,6327.914911875359,6110.379677458916,6228.917839160835,179627424.03857008,-0.03183355867220272,46.83199974715627,0.04377984305498941,6560.366669499568,6371.227520599966,6519.237348124805,6490.386132944886
2023-10-06,6240.572853015749,6314.14777302228,6215.063020660729,6288.44226301829,676689144.7915375,0.009556142077076224,47.77246294706435,0.033268371383150336,6556.385019434117,6392.763239492516,6483.730411954572,6475.427327765138
2023-10-07,6159.248597530639,6216.230165703736,6109.851440694581,6166.772665860338,416006113.5761126,-0.01934812980210998,41.99621895470771,0.028667038128531,6553.520531132738,6407.881143186441,6434.967681786228,6452.5640194758935
2023-10-08,6202.994627993072,6237.898558573424,6155.461838259238,6190.2943047764265,487358846.4883442,0.0038142542607912944,38.06628227827547,0.028868555894879647,6549.246979260921,6415.611811920559,6397.32562378472,6433.136633201859
2023-10-09,5983.523655406536,6180.855939936039,5738.639059799964,5934.349620197299,400469330.0926401,-0.04134612539853566,33.7240696153805,0.03124356992690186,6528.048269554265,6417.562377722026,6326.098546309732,6396.1894470533725
2023-10-10,5923.390292322162,5977.052409966009,5863.560952890821,5917.166688676555,735062259.9119773,-0.002895503740167671,27.46190449227153,0.02678500854522569,6492.885026674046,6422.022726024219,6263.185952827705,6360.706279766201
2023-10-11,6247.699934397138,6272.775292037365,6164.819212133187,6189.66163105542,444020317.57555485,0.04605159136387482,38.377255251048304,0.02928899830306667,6481.847327112638,6428.051638077416,6251.874518708892,6348.036305787625
2023-10-12,6003.853811725941,6049.25574388241,5912.149122952344,5957.198239535727,661885394.9836313,-0.037556720443869374,37.59897681249286,0.030223214353332008,6458.789337999458,6427.13467686633,6206.539706528405,6319.085337917113
2023-10-13,6133.83178203437,6190.533353411681,6124.892914645854,6181.524982455241,413838578.1725597,0.03765641731220892,33.01978422643607,0.03422847190353092,6436.832297043037,6430.005816915767,6202.691287440226,6308.895681956975
2023-10-14,6152.982690567407,6253.237797198137,6086.791956632095,6186.684515754362,794660432.6731834,0.0008346699744423702,39.21567602833476,0.03335727885875779,6404.960997942092,6433.655507219397,6200.228707180862,6299.843002979003
2023-10-15,6205.968606666754,6263.83773733383,6090.479498515075,6147.806279791236,475139734.46043396,-0.006284179492929143,38.311145848308676,0.03343038941440273,6368.958304702169,6434.500130028316,6192.16371835169,6288.5810234836135
2023-10-16,6353.839664788593,6510.7016358921555,6187.377630591666,6343.996598590495,506301076.1017197,0.0319122480231957,45.83247675702764,0.029782107060272876,6330.711781385098,6440.60472393592,6215.522623003813,6292.685880898938
2023-10-17,6864.559801092915,6872.19820987088,6814.442422120525,6822.0335105749455,492854318.7994732,0.07535264317302137,63.10680393549169,0.037767111896858045,6332.088643228044,6453.571461088083,6308.831990322449,6331.896816430494
2023-10-18,6698.057652451233,6944.515185758391,6519.88087698774,6764.5691213932,586672299.7128133,-0.00842335193643795,57.56154867119487,0.03738848757048158,6339.522513566137,6464.740252301327,6378.945395102564,6363.946616798102
2023-10-19,6716.942989901183,6806.700924137473,6573.850442313807,6662.886017859722,423862178.7415438,-0.015031719198773552,60.40920305334115,0.032986540271418806,6321.577514510971,6473.256291844907,6422.628567834435,6386.090276136
2023-10-20,6345.331714036255,6405.243962382462,6314.385678580238,6374.157344993483,529463270.06175965,-0.04333387545461653,51.852301754729226,0.03815771163658082,6308.342093760444,6473.039591211461,6415.171456628134,6385.206355310629
2023-10-21,6491.409182430284,6557.734134696906,6475.35501492148,6541.555947188924,164569596.2349824,0.026262075618030067,57.94209356616981,0.03889780386036137,6303.146839451311,6477.695680206879,6434.615224406718,6396.787806560873
2023-10-22,6760.353847516374,6845.8606469762035,6678.277473270526,6763.74312406613,657973192.9973886,0.033965493633465904,61.20831738144806,0.039297479676124264,6314.934450533235,6483.511266286056,6485.250285892781,6423.969681931633
2023-10-23,6388.63085806742,6560.8733091233225,6259.349153983711,6430.739485818265,517876074.7407276,-0.049233631753843765,59.418452697688004,0.04484307805547233,6326.311321084967,6484.1076629137015,6476.8640089582395,6424.4711488861985
2023-10-24,6339.772523147998,6475.707985765473,6169.061514884525,6304.234992646654,466649185.16195583,-0.01967184232087027,57.05165716410933,0.031663351391799016,6319.836758670677,6475.890794564121,6450.305698756458,6415.564766942529
2023-10-25,6459.999814768764,6533.535067762674,6440.656105379876,6514.029572620811,489864542.5697885,0.033278356568063217,56.047534265919786,0.03582978356389365,6334.092345343676,6472.545353454083,6460.1093716586665,6422.858456252031
2023-10-26,6510.867787789965,6571.539748034061,6467.968418198919,6528.524043376982,574929341.1691136,0.002225115897092733,61.59416364949741,0.035603314769928916,6346.096434361611,6469.959770640923,6470.634705769176,6430.685536779805
2023-10-27,6469.785194048025,6634.989111594914,6264.755419651488,6428.915748848466,452030450.7234726,-0.015257398742303141,55.288088099079154,0.031570962708327106,6359.203588511017,6463.683781507276,6464.216404704452,6430.554441377484
2023-10-28,6269.162905096946,6379.539320657535,6170.774371644716,6280.965555856768,398592732.58262134,-0.023013241854693556,51.89935459365089,0.03064926826530024,6363.737151065035,6456.420612538648,6436.023966420193,6419.473783190764
2023-10-29,6326.109273950197,6529.192201898882,6099.244183595962,6301.538326571113,563579756.9399116,0.003275415305400209,53.12004683260418,0.025910571761201727,6382.096586383725,6444.2486949665345,6415.333867981873,6410.737823441161
2023-10-30,6149.935453371159,6216.977080217705,6114.9108880977155,6181.771206793595,447036653.578094,-0.019006013067080274,46.602174698147756,0.02010640299189159,6395.326812289577,6430.539915524337,6379.401150875983,6393.777333319119
2023-10-31,6224.8861984178,6515.388309229915,5926.895786540379,6217.031327337181,705072748.4126602,0.005703886372377509,34.442586424151486,0.019390313455336056,6396.695297103665,6418.299332587145,6354.42117802386,6380.685036579716
2023-11-01,6393.734683008255,6475.433707036218,6303.330356545729,6384.916704608093,401373646.5095837,0.02700410669199882,40.761989425828524,0.017555244690937263,6418.081220357283,6415.088769473241,6359.112797498357,6380.998493470707
2023-11-02,6134.039241123321,6361.108602074219,5955.268159958754,6180.969772592344,540875309.7350862,-0.0319419878835,38.829546620048966,0.02045949397167698,6418.053459864139,6415.159046741279,6331.706178282047,6366.181551183421
2023-11-03,6625.579242297589,6869.2567640521,6375.073028850582,6618.489813486079,504232197.0486099,0.07078501545724847,55.29799914110078,0.035450370349817545,6439.643724750725,6424.564092115059,6375.8267375442065,6384.871052094729
2023-11-04,6681.684958575876,6876.871349339955,6448.367102901494,6642.406072921917,682875130.7318196,0.0036135523525482327,52.33189028227894,0.03334904181107781,6464.373714407258,6433.094177385148,6416.838942986931,6403.947720304151
2023-11-05,6732.55696815309,6858.637904292384,6591.989231889593,6717.793695471888,427209486.2338526,0.011349445023737914,48.86016181238042,0.033278156122417024,6483.063569251328,6440.088546008041,6463.139674138463,6427.195570316576
2023-11-06,6812.718921493868,6825.235331639447,6755.768088255955,6768.202712680731,219862429.56148976,0.007503805489415427,59.73629139342289,0.030897614290136214,6480.3720293566175,6450.971351623896,6510.072449298812,6452.455358639847
2023-11-07,7101.893325187527,7305.565492192222,6841.7530592211015,7043.757987698871,421460335.8648097,0.04071321246065329,69.64655278399557,0.03224253074777101,6494.331472671902,6466.331204533619,6592.177916744975,6496.25555338496
2023-11-08,6949.459250608161,6957.719128239531,6928.367438075336,6936.612045980775,824936281.8519235,-0.015211474032074124,61.874167072348534,0.03425719254661424,6508.017774077954,6477.896969166626,6645.167782781253,6528.874552836502
2023-11-09,6772.66118348592,6840.477721493945,6734.432722760899,6802.083187508391,539865612.6801599,-0.01939402947442226,57.20099485438617,0.03178953012846398,6529.414066203699,6481.530001991175,6669.308614277736,6549.112229478864
2023-11-10,6919.630595720232,6940.9213524815195,6918.85742680177,6940.1458912746675,342316639.1549011,0.02029712074380674,63.19025673881144,0.020550854202412594,6549.343563407986,6492.124607370996,6710.975887661879,6578.0776859081825
2023-11-11,7094.08283014143,7287.007072560924,6888.314325613936,7080.879502304809,433504761.2300702,0.02027819202000858,70.71573537586592,0.021054715693541504,6565.200382319921,6505.375036981106,6767.884136068484,6615.322264900526
2023-11-12,6873.96106590312,7064.814849122794,6655.687836073653,6845.758584561439,654935136.1051236,-0.0332050443263211,62.68436886726159,0.026407866546665566,6585.951337257078,6509.876892640662,6779.864820452015,6632.391621912446
2023-11-13,6739.635032103492,6973.995304326874,6524.164772467789,6757.939829119867,576443687.8013272,-0.01282819929403023,63.63202001625346,0.02694234128139627,6608.6365790807395,6508.553479267593,6776.491744862454,6641.691489112995
2023-11-14,6809.02855450326,6811.729889203214,6786.139849310971,6788.833171930011,420757129.9144116,0.004571414305440502,63.5567158156987,0.020570108629585103,6622.376759046199,6506.9729398144,6778.39042594977,6652.590873025367
2023-11-15,6613.605864431377,6680.116944812432,6511.686086270825,6577.837454318107,705109568.5142729,-0.03107982068027748,54.48228653562887,0.022643822818988912,6624.842429593256,6496.351147602124,6747.536122621822,6647.053582750755
2023-11-16,6589.836999931098,6690.150804675491,6535.876355623559,6635.813681953527,288876803.0581405,0.008813873562254049,61.33672313807806,0.02265052112700533,6635.18732624851,6493.177495766873,6730.3480548267,6646.220997506515
2023-11-17,7091.832523841991,7274.851295568569,6907.172377669587,7090.147668366599,398183998.15217334,0.06846695947004355,61.65808812135361,0.03497902910075965,6675.646431874001,6502.662614841579,6785.701841525146,6679.104454607263
2023-11-18,7142.888117428143,7319.771023343726,6980.419468935949,7156.981806671546,467494475.8444178,0.009426339398139083,62.45465924330135,0.03435013227802913,6718.418605879022,6505.366530995749,6842.821836163053,6714.5027769823955
2023-11-19,6597.7384794979225,6730.257337777904,6454.271082471054,6586.565526432639,480702629.37249446,-0.07970067490002286,47.43777531360842,0.04510831173673695,6738.658321860974,6504.320526324321,6803.39778851222,6705.02594360834
2023-11-20,6511.309006021581,6578.665513841351,6476.517511310715,6543.700941207038,501258274.8262946,-0.006507881088190781,45.603659969669465,0.04497966909479453,6754.991802554467,6502.28532448103,6763.444427388346,6693.0759434304655
2023-11-21,6361.7087659720155,6497.109294463485,6268.973102746737,6403.760634314881,599581630.9284539,-0.021385498535075875,36.764145269008694,0.04525173754779322,6755.933999039806,6499.800719118775,6708.108459223198,6671.645179792275
2023-11-22,6476.66910993118,6679.2929224904965,6296.041773921974,6498.06877289591,536395491.8933778,0.014726993085230955,40.88202250911435,0.044567585651347275,6771.788949054984,6505.698053081021,6675.794661326692,6658.787668170322
2023-11-23,6450.329311668377,6695.652968511966,6232.804132955738,6477.220921040854,237497079.09119612,-0.0032083150523144477,42.910487010393624,0.04436293651645287,6764.725504432723,6506.567946683188,6645.244855128871,6645.338279494065
2023-11-24,6497.448483594662,6505.915136072848,6476.869043846637,6485.319891879221,588193964.1944908,0.0012503774283905145,39.47738264086129,0.031957365547152956,6756.871195380589,6511.695987737556,6620.6410146289245,6633.48506559667
2023-11-25,6371.179108680429,6588.627203436998,6199.629348235402,6415.873992808803,538486604.1745546,-0.010708168637506454,34.08997888081177,0.030562122343382184,6741.775210247435,6514.244622333366,6589.138395887367,6617.365726871643
2023-11-26,6526.430357250729,6749.964250135149,6288.286912553154,6511.30267381213,466859222.11738795,0.014873839653067877,41.42509956657167,0.013210936685894376,6728.930208304004,6521.135222492403,6577.1636694142535,6609.509204422791
2023-11-27,6630.60435350489,6660.111375234066,6618.525284948201,6648.000615653163,369330437.1857051,0.02099394678592037,47.250257625515616,0.015403601980923168,6709.142339701719,6530.289348709937,6588.061661143316,6612.360420069485
2023-11-28,6974.276064380367,7179.225524745219,6788.109400729054,6992.570521094411,401847372.83040667,0.051830606728575646,54.40463925715612,0.020578441144137462,6711.9402634574,6551.453766727881,6650.293793443484,6640.524131256517
2023-11-29,6803.830564720438,6858.936380928424,6723.118731080515,6778.015464751726,270753490.00853896,-0.03068328816927035,54.3210391028696,0.02625324817326821,6710.736877319568,6568.670742249383,6669.9432813370595,6650.708674478384
2023-11-30,6621.25224309482,6881.999450863051,6361.894405940982,6622.589242748884,603300123.6397353,-0.02293093351750486,49.72606233487229,0.028417342011703473,6694.859044893278,6577.329294483253,6662.658044631186,6648.625753609532
2023-12-01,7031.231822469019,7208.563445068833,6865.612217350519,7042.674313792969,545165868.2887723,0.06343214951826259,49.0024590347379,0.03623410195383616,6692.948785467686,6599.038815968397,6721.122086040692,6677.814535845341
2023-12-02,7290.542551483792,7405.462831588618,7121.244440819468,7235.2938395870315,749328294.5803698,0.027350338410058184,51.56292448504143,0.035023744224217904,6712.425548218965,6620.114193111033,6800.225432740129,6719.109299085466
2023-12-03,7013.317628548975,7155.628167254966,6844.144805957287,6985.898979920721,451419515.9735318,-0.03446920957125155,59.141064839958815,0.04028941895598071,6723.823505759009,6636.098482394361,6828.790593844836,6738.871497665856
2023-12-04,6982.610772440206,7122.999324566564,6912.466190429849,7052.156117171528,651435777.5280328,0.009484411017286032,61.515622662614426,0.04003761251828232,6736.989653021084,6654.185479141966,6863.154520510481,6762.077765777387
2023-12-05,7206.5944245641585,7394.326312743827,7062.024822057416,7248.907871269535,474367124.72565496,0.02789951765516485,68.6608982833662,0.03666495424433107,6770.543173868656,6672.2837045955475,6922.501189858028,6798.139255073102
2023-12-06,7637.874778563173,7643.326700056126,7567.534402949058,7572.939973923401,591689958.4581767,0.04470081678622817,71.54731917467186,0.03523130414047373,6817.39948846715,6687.301833862515,7022.568695098855,6855.531900913865
2023-12-07,7351.252945108145,7705.864881910325,7036.066498745853,7389.057555294069,539328492.1152956,-0.024281510121896055,67.15755316133405,0.03548597967186736,6832.344982813523,6699.791602540533,7078.95159666735,6895.052319756843
2023-12-08,7485.9307162623845,7718.211294209612,7272.140664458752,7503.907835405753,410632032.44330895,0.015543292125177244,68.42599678980218,0.028888484375285992,6849.691284250233,6716.612038891454,7144.329479550181,6940.152728323429
2023-12-09,7484.3142202462805,7572.696192354013,7458.9483952940245,7547.117514584022,398333580.05374175,0.0057582902303772165,70.66001511033188,0.02779193675991946,6897.718883657803,6740.071242283265,7206.296869555386,6985.113082861251
2023-12-10,7596.932888828065,7706.998093900744,7559.470364232904,7669.179302757183,447237790.8340256,0.016173299002869568,70.94268647873768,0.021195808092397055,6953.99280173531,6762.62370939463,7277.509551586432,7035.784654705395
2023-12-11,7647.007639351778,7760.21139749893,7515.031784539045,7627.95347111593,637322618.386336,-0.005375520640967579,68.35859179421251,0.02238858447110555,7015.202443575363,6779.907916335626,7331.424000744816,7079.649011476546
2023-12-12,7611.118065692119,7911.646315748088,7305.883473123063,7606.218251938642,445377559.5502994,-0.002849416853365816,63.0781114474956,0.021635865664231934,7070.6099175274985,6803.417491658034,7373.700039390021,7118.654140399663
2023-12-13,7463.627637368379,7683.578508660014,7246.947635142803,7466.806227329257,499578239.75147533,-0.018328691077705073,65.16529664872044,0.01567043920628842,7120.089182841919,6826.668916351686,7388.024068303749,7144.44318387593
2023-12-14,7498.4972932544615,7591.353255753503,7407.635461060212,7500.4675492992355,682422468.0883101,0.004508128501684583,70.42357339320682,0.012217457276966767,7170.84656571292,6846.397675885254,7405.323065379978,7170.815359092472
2023-12-15,7751.46544609648,7825.59910093388,7718.634121534676,7792.593578207438,631387064.2821726,0.03894770919120849,68.55115412608382,0.018209427031083854,7239.682544982852,6871.6790665818635,7464.903144276511,7216.87300495284
2023-12-16,7601.127301694117,8020.363016459806,7247.266416248306,7663.594069500291,686859513.0977039,-0.01655411736958845,60.939421736004135,0.02002841409475047,7297.29711476726,6896.3726329948995,7495.470978926323,7249.963454178578
2023-12-17,7758.9105239035525,8047.104811831353,7417.488818297978,7703.629777301034,668769137.7197043,0.005224142541693011,70.52722932064015,0.019179408972463594,7350.078572849653,6924.8259174237855,7527.49540944551,7283.568367002464
2023-12-18,7813.272597715613,7963.555725250093,7641.67162808514,7791.536679620045,416261216.3283597,0.011411101631341625,70.88774797227995,0.019328020034119396,7390.026880775935,6954.625884484764,7568.117143318515,7321.195649418581
2023-12-19,7849.816034963383,8037.163953665764,7704.896681402544,7891.475503951769,630690015.2632723,0.012826587160030822,69.20316242375057,0.019419015002793735,7445.6998827359375,6988.819970427928,7617.86458341594,7363.438601606224
2023-12-20,8173.172812133165,8423.514109297475,7944.27870823412,8194.03572820418,496851841.4454601,0.03834013348972576,68.80278482294659,0.019672411858095498,7524.272207008702,7028.360058445267,7706.506297998746,7424.964314687554
2023-12-21,8151.241498411777,8255.616863463314,8054.2331378206145,8158.521858912842,673233261.2930228,-0.004334112087051145,75.59357559334816,0.02060974605499192,7580.064584264696,7063.8321615313625,7776.047153523992,7479.301910556093
2023-12-22,8344.236758207007,8563.671972115582,8048.294871471546,8265.66378775726,709839308.5698304,0.013132517225209028,75.46777842711725,0.017040146207284185,7631.583081673207,7105.526041834661,7851.3727895598795,7537.55093849692
2023-12-23,8452.79306867602,8510.473266313644,8430.311824014861,8487.898654022787,585276839.9597893,0.026886511715452643,78.09049793054417,0.014001134494585185,7706.683065378311,7142.914218645395,7949.299845631096,7607.94706557291
2023-12-24,8389.119269357296,8456.798734577096,8366.599344949022,8434.157907521672,570364272.0425994,-0.006331454779522461,73.81281553063606,0.01587231599800749,7775.7831548958175,7178.7492553373895,8023.893393614261,7669.147868680226
2023-12-25,8590.431080459632,8705.115935044867,8462.411150509153,8576.915568925302,574489908.3712776,0.016926130974654452,77.78374629528027,0.01590943049995794,7842.183539778605,7215.931692806458,8108.973728277499,7736.389920550231
2023-12-26,8459.715586977863,8746.614688112852,8195.00667812297,8481.232503721154,410994638.3810312,-0.01115588283867619,74.55542527714839,0.018547874682137273,7887.5981662684935,7250.192288627266,8166.244309114984,7791.563445229558
2023-12-27,8623.470578959957,8778.67696058552,8429.128702300599,8583.617808409508,723741281.4198864,0.012071984189023555,82.00609182319643,0.014099024826548753,7947.326178924265,7280.9894850414785,8230.455616698757,7850.234138798443
2023-12-28,8370.678369604688,8597.00848546273,8224.864602048821,8449.816170036836,650514520.0263023,-0.015588023763311587,75.73002760828464,0.016075640081945865,7994.62159565582,7311.2535675226,8264.203394135384,7894.64762259388
2023-12-29,8765.92044104453,8923.677830871186,8558.61830402548,8715.467712677733,270948306.96068805,0.03143873633404004,75.37666636426916,0.018844213806707793,8053.039105560504,7349.521258025987,8333.62867391113,7955.44911074824
2023-12-30,8743.344772503322,8825.12479292739,8736.231229104182,8817.950550624764,416828705.94839025,0.011758730721697974,82.21157092882297,0.01706745805253059,8110.4776679538845,7387.077351212988,8408.139731867073,8019.338106294649
2023-12-31,8693.09689625791,8882.386184803976,8582.829342343352,8771.12883506383,520765270.4288339,-0.005309818340682004,79.67548421866485,0.01695251923603843,8167.63643615128,7420.882337868169,8463.98420928196,8075.0263084257
2024-01-01,9026.02845530549,9446.066561819838,8558.439426730181,8976.156684805708,497121997.9739081,0.023375309335584182,80.91804529994388,0.017815398967776206,8236.133357794632,7463.490299873055,8542.77997474715,8141.776706676071
2024-01-02,9145.715287019226,9192.061722887085,9127.141209244091,9173.431356411465,723268787.6836824,0.021977632357921273,81.84069126798175,0.016658312173060737,8321.464614248744,7511.800130418887,8639.803264233968,8218.195569619433
2024-01-03,9577.533330168835,9955.39228691346,9132.94186394279,9508.059911021477,555252726.941383,0.03647801369071502,82.1254331101466,0.019187166045275917,8421.844232334854,7566.184665200716,8773.381209893585,8313.741076389955
2024-01-04,9388.758475340985,9580.424402116523,9119.56666335573,9309.61696317532,376640583.3782581,-0.02087102413144526,76.06557593349739,0.02063446847909159,8497.695401583249,7620.820255377861,8855.879018090774,8387.509660596279
2024-01-05,10060.413784905053,10145.531080891824,9881.356856670098,9965.67258375194,417772049.16998875,0.07047074258497243,80.83089525990519,0.02947436248853224,8612.79932729583,7687.41743341383,9026.616489730954,8504.41061786707
2024-01-06,10291.595969900916,10403.589446992828,10135.980640218555,10247.494200442175,406847567.2692691,0.028279236982932554,81.23643189442598,0.02939408835265395,8739.992548452889,7750.564364055341,9214.443829840373,8633.527920280041
2024-01-07,10512.545728339852,10792.166120969354,10313.963471533321,10592.081432680216,430980088.36562145,0.03362648716826522,84.72208385617395,0.026933238940754108,8880.019786105897,7819.266356575515,9426.388076431118,8778.60595823561
2024-01-08,10618.230983654805,11124.715597869197,10209.807578629883,10712.660040103625,490213043.29647267,0.011383844449248892,84.61225467762037,0.027620756055818964,9021.07901291349,7901.788246848933,9624.276070842274,8921.869223559166
2024-01-09,10351.125798789679,10454.880553718924,10286.62264609676,10390.134319009134,667188356.1773573,-0.030106968753520813,78.81721512332119,0.03490930527257276,9130.883942453736,7978.716914404975,9742.100416714098,9030.629600999904
2024-01-10,10790.965270157425,10926.093257886087,10576.254805205603,10710.373597718479,533491416.9239444,0.030821476304060402,80.12453311791842,0.03448576786871961,9258.476529394018,8064.8491736730475,9891.065521484003,9155.055082238317
2024-01-11,10972.873667967411,11363.653133415499,10620.616116688672,11010.19739424002,344568721.754977,0.027993775733967885,84.6375480715101,0.03004683192785808,9395.703209718158,8155.09174609993,10063.23965575416,9292.47303127548
2024-01-12,11222.6542250396,11583.623384264192,10756.502664372396,11113.976269934374,455183611.8475568,0.009425705278330865,83.93389832332036,0.022417756608995976,9527.007090513736,8247.8268530778,10224.891442551114,9427.399197102066
2024-01-13,10551.851854455626,10663.63377877802,10348.353427874816,10459.15334276785,593950969.1758958,-0.05891887037206989,70.08113471783273,0.03506378780558753,9628.256862276045,8327.303522095573,10260.93173489215,9503.825430114346
2024-01-14,10231.529707015408,10339.279592275394,10092.217446137727,10199.63140525044,502887459.60127413,-0.024812901103210216,66.61385781144581,0.03361142160889342,9709.392654092302,8402.978670344404,10251.500914947272,9555.366613457762
2024-01-15,10061.1386795914,10115.159668089194,9990.104899203356,10044.034048286107,639816748.738085,-0.015255194112626214,62.56415250974524,0.03296389577325733,9787.53273132055,8473.633297833885,10219.582935460938,9591.564201222824
2024-01-16,10247.002556982734,10464.51265981029,10024.80294522725,10242.211346440912,652351043.77793,0.019730846908929234,62.57210211115456,0.0329501290298807,9870.462408222122,8545.51751244964,10223.064229457857,9639.760286053794
2024-01-17,9953.008384623801,9995.008640388225,9929.180364296288,9971.137218687989,354295385.88329446,-0.026466367328684237,55.52987904819571,0.03059311773062563,9946.528460654677,8605.08884640151,10184.306227800955,9664.306725508177
2024-01-18,10295.801644353429,10738.832402905113,9795.471869244517,10235.926172191595,572854324.2471403,0.026555542030585633,60.889061189398475,0.030300757985639113,10022.55138363037,8674.24706055031,10192.247757707208,9706.648906743985
2024-01-19,10296.548602451963,10354.814188302975,10198.81835317686,10256.85934748932,495485326.345552,0.0020450689996762694,54.02383861524611,0.029634734581038633,10094.496823473597,8746.932462645118,10202.188002289071,9747.405235688084
2024-01-20,9986.8394369839,10081.301416701443,9873.202005262012,9967.480879233122,517302572.24555176,-0.028213165302596543,46.13862902446304,0.022861020776341685,10154.314425682063,8805.42859395392,10166.079214126617,9763.707135209937
2024-01-21,9565.035160338593,9774.542999697158,9439.514169983995,9647.934134477608,609464681.3493229,-0.032058927288366124,36.8897101145042,0.023959189619203656,10187.903298165658,8853.681399851732,10086.36458648831,9755.131357377913
2024-01-22,9632.90231514804,10030.979094392786,9264.367586498676,9661.355795015812,379044861.34107894,0.001391143466686895,34.95398556496461,0.02390644168017233,10212.299520095876,8907.190536153634,10020.978618569463,9748.185019425166
2024-01-23,9798.656809095706,9968.621924853203,9605.70564515007,9775.265012497966,537814215.0507209,0.011790189689620867,40.64129802007007,0.02267826487587924,10225.6597751697,8961.652714060163,9983.176525327695,9750.190944837965
2024-01-24,9573.340561921028,9658.743655134804,9461.892861190305,9547.061520940451,501053686.04762435,-0.023344992822777688,31.7832746510571,0.022245012926590015,10237.532003057957,9007.61578705358,9916.081909268118,9735.144320845555
2024-01-25,10216.347456665117,10295.395470685637,10084.066801316147,10162.699721099598,469538326.1456034,0.06448457452681233,37.92322873341139,0.03334154827439305,10247.38335992534,9059.410981997105,9954.023111088345,9766.815091234743
2024-01-26,10387.342279873244,10767.061603463613,10097.468438369226,10474.748562945724,323089203.2251913,0.030705309652931723,41.40143965803613,0.035410046364962144,10258.746078050517,9121.124802150138,10034.134719066404,9819.254607657778
2024-01-27,10952.880637680986,10969.232128363734,10935.576701529546,10951.92676818617,335040203.0429037,0.04555509875706765,56.96122173342805,0.03536331598452868,10276.738344825815,9190.085180805745,10175.333495854058,9903.1562491784
2024-01-28,10650.914047118407,10731.284326253657,10575.920868276446,10656.253551911805,309293934.3410599,-0.02699736973527389,56.385307514031005,0.034298515200397096,10273.918020416222,9252.267901552303,10249.321196786019,9958.94123456606
2024-01-29,10802.697917282383,10956.319998817535,10711.480713925857,10864.58026536965,172513288.72525546,0.0195497143947434,61.30759030831162,0.03379859380868817,10297.640317734249,9316.175920804551,10343.976438106576,10026.025607218178
2024-01-30,10240.793380608158,10510.155911842083,10071.253462148967,10338.990308868857,610473918.0924006,-0.04837646219763192,51.22328151750407,0.04209316663713372,10279.071153291768,9370.39665755961,10343.209341300773,10049.208177710821
2024-01-31,10437.043681164912,10471.734818213654,10365.202868484965,10399.770113896391,636577544.6767379,0.005878698326605036,55.72209897155461,0.039758520080116926,10248.549789274586,9426.267694798764,10351.910998623176,10075.175728539383
2024-02-01,10658.940122643835,10796.239006181155,10575.8749002934,10712.754408585532,380768737.73340636,0.03009530895985124,56.284620534661585,0.034046811792962685,10228.488696207145,9491.18665842389,10407.425369386616,10122.403778913173
2024-02-02,11119.61396078568,11268.799653330421,10961.962313379716,11111.032878300617,456209878.8817932,0.037177970718333064,60.23953822040745,0.03484296060478669,10261.082672983783,9563.397965003918,10515.672678450308,10195.635564052984
2024-02-03,10844.488979746315,11092.941434274124,10654.160207809513,10901.610143820304,554257326.2052728,-0.018848178812368332,61.41687741713867,0.03196024424074397,10296.181609912277,9625.578296316175,10575.047673122615,10247.929977369082
2024-02-04,10664.146383251356,10867.799710764899,10481.885419245815,10685.17927355588,627872769.2354206,-0.019853110449662426,63.004950781311535,0.031064028236039574,10328.238871175765,9686.010000397288,10591.990996266193,10280.31881412366
2024-02-05,10623.811116301393,10719.877704308381,10508.206347847778,10604.094648252294,445080707.39374614,-0.007588513325579527,61.62282759320973,0.03001008770775345,10346.333036266335,9744.019297816312,10593.853096571747,10304.3022092443
2024-02-06,10760.6866979546,10871.831484459746,10676.82702727146,10787.760821011248,743130047.9723428,0.017320306810843622,62.27176732291089,0.022915047369743247,10387.164216382498,9803.943780644136,10623.685054177824,10340.113958264075
2024-02-07,10305.943424558976,10559.59826047154,10051.587627011208,10305.224775179635,475465620.4160878,-0.04472995405049962,58.65554673701719,0.029971589154474943,10390.6291465319,9852.218766068694,10574.69116510118,10337.529574331895
2024-02-08,11256.443533821488,11460.002912743279,11059.270896989068,11262.720328907244,673441234.4307219,0.09291360204328192,61.64906973452888,0.04595031775300682,10440.922195602796,9913.592458082756,10680.541805686727,10406.062222818957
2024-02-09,10965.05764465985,11309.967842426293,10723.052870104973,11065.740933041321,679015973.2373085,-0.017489504321646865,56.41486873455032,0.04480725849170008,10495.835198293205,9971.736839565325,10739.803209895126,10454.927312465057
2024-02-10,10899.28076840994,11110.398447885478,10748.591814757823,10958.885424874448,450459330.2254295,-0.009656425973954552,50.082135114437904,0.044286070313602974,10561.382762813048,10025.601272307667,10773.50816604579,10492.257543013902
2024-02-11,10464.19999717924,10656.748696398532,10186.714233486317,10377.670732892211,540685034.8035699,-0.053035931068591835,46.919452665848176,0.04853245729833363,10597.198509706868,10063.396713885057,10712.610099406778,10483.769631153036
2024-02-12,10642.060882225294,10665.183240959846,10529.682487764761,10552.610494674722,355835284.5795826,0.016857324373188654,46.52460065116439,0.04903931994441984,10636.065783815704,10105.765765628119,10687.994775601846,10488.868954376865
2024-02-13,10214.582436364397,10731.192432587184,9731.208965422426,10246.317211710344,490565093.9851874,-0.029025356628006538,48.914570869303645,0.04948673379961912,10671.028568354199,10139.153798483818,10620.044381157,10470.90215862379
2024-02-14,10246.06770063192,10453.496426261067,9976.351741565742,10182.493424052189,397459333.13323194,-0.006228949030117059,47.45697067399636,0.046557728106057315,10672.018253501828,10173.179016890439,10552.728849294721,10449.538548655524
2024-02-15,10617.126722328916,10953.874864240273,10325.733344962564,10661.269949662674,299341362.43437713,0.04701957621495345,49.41993229997474,0.032167413511200824,10681.344322837676,10214.732059715503,10569.42748012056,10465.222356137536
2024-02-16,9927.70217393599,10047.480288803747,9843.882510606367,9963.359569815377,680313320.7948871,-0.06546221821063436,37.887172271839425,0.03905638850056083,10631.915962919138,10245.002927711073,10476.18626315053,10428.047334928488
2024-02-17,10045.156094972284,10344.567223655793,9714.682442179643,10013.139260501506,725583632.1259893,0.00499627563748084,40.29584578048028,0.03972854283991878,10599.760248348623,10270.956358667549,10404.948262742988,10397.313403489452
2024-02-18,10732.875834283888,11189.466297954163,10221.909318426162,10676.083774172812,180854575.270326,0.06620745966116748,49.90948490835355,0.04453701583884518,10590.33542378878,10308.11902313851,10446.661418347576,10417.963060577107
2024-02-19,10234.920841029294,10404.104445085564,10111.414419380186,10280.05340163171,587251171.1957339,-0.03709509787654186,46.965477280371445,0.04673869900588316,10587.388578426922,10338.297514469868,10421.029415775905,10407.747530284854
2024-02-20,10438.9139818332,10807.36443697109,10154.940402562963,10521.153661733908,608394317.5806973,0.02345321086210772,47.52989643060004,0.04603421518458591,10593.4577558188,10369.19745400843,10436.433145923289,10416.147984466266
2024-02-21,11290.257338096624,11695.191949563785,10807.008679031775,11209.030003568194,596529325.3897263,0.06538031512039733,58.06677964082012,0.050900551097245776,10618.271535567932,10409.909426951566,10555.294200945582,10474.879985881224
2024-02-22,11175.106280518094,11274.07287031282,11074.446316557847,11173.397775858457,485506270.0065963,-0.003178885924865371,49.04573117949976,0.0491312078590909,10621.389780445825,10443.216184248306,10650.387058624485,10526.622044398055
2024-02-23,11091.254831634646,11385.323598750596,10861.741311845082,11154.50130719088,372652917.62483144,-0.001691201642208151,50.98577208895195,0.03792639224108725,10634.034338614352,10480.113871128617,10727.943096865469,10573.131619419746
2024-02-24,11382.275280098496,11596.71153192647,11064.84306330085,11277.301665860638,507868978.2043444,0.011009040681235316,53.5238482251367,0.03768000998231191,10663.64045822959,10506.34645277079,10812.459799787803,10625.292363600553
2024-02-25,11223.81138486756,11233.089560442411,11203.959796015515,11213.229223835737,543047693.7242839,-0.0056815401346285155,60.4421932163136,0.03156455953761255,10694.097187008763,10525.661153238663,10874.116634256716,10668.843242136492
2024-02-26,11406.305048975,11454.592954557571,11324.378191103393,11372.523082766234,243236185.86950102,0.014205886257269151,60.28689037993294,0.024707160621531565,10723.33530009651,10541.269986240382,10950.794549412025,10720.967674775733
2024-02-27,10968.34307817677,10986.948526264847,10854.734233270525,10873.178254589542,619852527.004767,-0.04390800744413459,57.50142085261461,0.03261954930945584,10751.732974067007,10544.4803505301,10938.853580977797,10732.24253253972
2024-02-28,11070.061733324395,11277.580996515155,10901.804884695093,11108.736322394387,575577048.3066791,0.021664141090063982,60.64643011358173,0.021437080023394298,10744.033773741365,10558.852390597805,10964.98938734958,10760.130961417843
2024-02-29,11219.195822861948,11260.444010430074,11198.396309507973,11239.606656982782,421215623.6404114,0.011780848045206627,57.22539718210703,0.021933246750082253,10752.727059938437,10569.437051783092,11007.23819806238,10795.647679607839
2024-03-01,11219.444638994213,11383.89216003207,10991.716545582207,11155.222742696977,632561981.7864885,-0.007507728416223602,67.58645035127921,0.022163557694399823,10762.543925829565,10572.337558752231,11030.005051083086,10822.282869466293
2024-03-02,11735.584830406451,12135.935673306492,11447.52293090015,11845.18356116719,580718803.3930057,0.061850922602322056,72.73704706297876,0.032299915094428935,10835.919567243312,10586.961704576886,11155.417129557563,10898.053291073767
2024-03-03,11698.794204167245,11835.055298387466,11532.573878363413,11668.48191174145,144265907.6341245,-0.014917594861512562,64.00694411314359,0.033106052590374614,10891.71313809665,10611.148275956359,11234.350172970468,10955.122077789893
2024-03-04,11749.72188663897,11781.702401001892,11714.894423943053,11746.867168304132,264444925.85338992,0.006717691054892727,72.7421673019637,0.03292347768974044,10966.740635926339,10642.092991217432,11313.198941483339,11013.76986227243
2024-03-05,12145.024434279998,12449.45070420856,11815.497002153692,12119.277911681314,480858393.323709,0.03170298412686878,73.80862720227374,0.025798498082793726,11063.579860307796,10683.597868485336,11437.211090744566,11095.659347413828
2024-03-06,12532.634852527695,12783.98998536849,12162.732094768178,12411.660969540633,529150318.1899282,0.024125452026931615,70.30995022090255,0.025906718775445814,11151.099411301693,10726.986860947332,11587.126456713191,11193.14094905285
2024-03-07,11915.480442782391,12000.862163256606,11793.300598934711,11878.416735227627,705220028.1391726,-0.04296316469017614,60.19312566050806,0.034363461039231505,11246.852269572304,10765.132451278123,11631.940345715411,11243.90211839913
2024-03-08,11930.884888268227,12322.425062591581,11506.047076193097,11896.457432211071,342488539.34840155,0.0015187795971107754,60.729816322855825,0.03383095851571021,11341.018178157783,10798.343076478515,11672.63528209936,11292.239549051867
2024-03-09,11575.049314824104,11684.272551418653,11461.629236585844,11570.812494148382,599935603.3926405,-0.02737326972489862,54.00938778224692,0.027043406190373095,11385.754614156564,10824.622139411696,11656.970237799209,11312.874582021977
2024-03-10,11453.464529865518,11566.357805566548,11369.682365884733,11482.364240026922,702234826.4404765,-0.0076440832626222255,53.65209053317746,0.026647228330950047,11445.870156076324,10854.919806627571,11630.107776603472,11325.429371503826
2024-03-11,10979.872221922635,11040.863685048625,10966.933744369257,11027.868649396307,471304718.60591424,-0.03958205654600877,45.67003159827209,0.029697754558922065,11471.205905459443,10882.518496925944,11537.455603186987,11303.387836532898
2024-03-12,11106.863200856586,11250.45297649343,11013.639313627526,11156.809868961509,383335206.9309549,0.011692306434232025,53.928993876521496,0.025890459077841183,11468.594898729109,10912.42757840486,11478.89472099845,11292.530209305387
2024-03-13,11924.201357080241,11993.578542033,11815.678965875486,11884.827063987752,302623388.1936493,0.06525316856493202,59.46007292051987,0.03741414771877058,11504.166363135573,10954.618819434654,11541.345850689113,11336.40405039297
2024-03-14,11939.682645195475,12280.425445219364,11709.774877657195,12048.423783472685,381988119.34224564,0.013765174588080242,59.78095228909903,0.03395226392039255,11548.862486949663,11004.646064685301,11619.357840348124,11389.146252843319
2024-03-15,12238.197043821841,12505.100487713466,11940.428798535146,12206.644102776812,529200707.9595413,0.013132034708238427,62.49166787729846,0.034178249643917386,11595.329608795473,11045.524952318843,11709.70957302946,11449.70164913469
2024-03-16,12316.11484506007,12375.536849581407,12254.942124126046,12314.355640951726,391406321.95689225,0.008824009061623395,56.46912362365883,0.031219304619862626,11650.385929651271,11082.317093878966,11802.732045017501,11513.750092972989
2024-03-17,11920.168690554689,12057.030835776859,11815.465154628251,11952.047286887264,554900198.5587835,-0.029421625022717057,53.7195261511303,0.034143080146873755,11679.362139857321,11102.319504252984,11825.703620689772,11546.216551781454
2024-03-18,11707.518070407592,12109.202007255619,11306.996055910342,11708.641557513907,605200899.1301708,-0.02036519129575398,49.51940062989424,0.030413847525667982,11721.135305003541,11123.367264365028,11807.694072508868,11558.248033687561
2024-03-19,11739.427010330824,11933.288380688342,11607.143680021016,11800.318902555031,593841577.9577347,0.007829887403316249,45.6852361648429,0.0303915274185209,11755.714434011574,11142.082037108736,11806.55943097751,11576.179209159227
2024-03-20,11647.045950324964,11735.985736972156,11580.473775578706,11669.286440054746,507497574.25455534,-0.011104145877948612,39.49901317621556,0.01761544201816093,11777.198423165171,11168.687959732453,11785.440509297085,11583.076041077413
2024-03-21,11868.499440177038,12033.675181871817,11641.031092046804,11805.327662342486,933969688.7456514,0.011658058355717538,48.83526418494742,0.0173069332531059,11809.703669147446,11196.799110701375,11788.50007130407,11599.539124134086
2024-03-22,11593.126255712152,11686.260010976404,11434.572639324135,11527.17658577894,839988712.6003274,-0.02356148719622697,44.56571033626639,0.017241658052473914,11793.803320378034,11213.087554245245,11748.296458146357,11594.178936107779
2024-03-23,10880.188055365557,11160.874005955058,10587.302090553574,10867.664971950258,511497023.67397,-0.057213629800928034,40.5783669769102,0.023441189519386667,11753.762473388475,11208.220196118236,11612.814691039264,11540.363086910926
2024-03-24,10656.22921472428,10887.713093396002,10465.87508865604,10696.637153106061,591440436.554364,-0.015737310570911434,39.69980838718927,0.022839688401054645,11701.250972628572,11204.12073630395,11471.864300588002,11477.864869592046
2024-03-25,10780.476951347422,10919.223707942028,10569.862370432113,10707.672115155008,556286264.2937207,0.0010316290896847935,45.25026456830319,0.02350209801681777,11630.670682802256,11204.570593135933,11354.296272059848,11420.813554448561
2024-03-26,10549.777817558788,10658.95991756477,10516.405554862213,10625.348600731526,727990284.7031294,-0.00768827374784542,42.005840916524626,0.02195193599219987,11541.355064361802,11204.99567218552,11242.150476470875,11361.890224543595
2024-03-27,10908.028585481376,11065.59741300604,10648.157848380226,10804.227243107742,555263933.9267455,0.016835084579144954,30.52918088618486,0.02503020910737139,11487.645589755808,11205.325000627448,11174.777671338086,11320.581855548346
2024-03-28,10574.774468238891,10707.265584880683,10536.683298274907,10668.835599319093,508880541.9077584,-0.012531358397243841,24.886590708806054,0.023023532243128347,11426.264498111206,11212.597217110237,11096.94042948901,11272.304355086919
2024-03-29,10883.655718121163,11180.333692816524,10557.664000956456,10853.520519145786,562012762.1542394,0.017310691322160787,25.60340165018232,0.02530116278466668,11390.399899361077,11204.41322091501,11059.491212513129,11241.28333020239
2024-03-30,10958.334040012232,11041.98429184137,10927.15734746552,11010.658734430297,642677601.0433872,0.014478087087716585,26.90616040013444,0.014322241633260123,11366.814624081246,11203.311576942788,11051.978523577307,11224.200026811865
2024-03-31,11147.372887609941,11209.570366794376,11038.94804139544,11100.88614482869,658619166.8225259,0.008194551531803596,33.314011508989,0.012074504751810326,11370.465498852865,11206.151591341873,11059.502773000597,11215.06566518348
2024-04-01,11164.56833083942,11244.201926249109,11110.208661116403,11189.719795427058,555744653.609636,0.00800239273148029,39.170876104680104,0.011943253915840474,11372.110995176143,11222.39257259257,11079.536161066206,11213.188193349672
2024-04-02,11022.440011971872,11313.482913132664,10717.931305389024,11008.609004606767,519162458.1501463,-0.01618546256129716,34.07270985621899,0.013884489206853465,11328.300092207095,11231.51254279121,11068.624290841677,11198.034179368715
2024-04-03,10818.90217659556,10871.471434948588,10747.943455359378,10800.42292265424,590380522.5605321,-0.018911206844153372,33.046840489701296,0.015368168465840774,11265.900049166172,11242.59465701009,11027.362541889763,11168.58149368616
2024-04-04,10434.536827729891,10513.896353204438,10265.638496100384,10344.311818242955,434509201.862852,-0.04223085592829667,24.658120390285475,0.022062488953246754,11172.78343493948,11245.831024893903,10922.27781517487,11107.524480690367
2024-04-05,10341.025294728068,10629.521576438468,10063.241512335002,10351.457559363938,620731525.130162,0.0006907894161098938,27.490498623860177,0.020176499046554355,11074.63853086009,11239.634777087927,10834.45931428088,11051.519523555076
2024-04-06,10334.46597979694,10394.571450310674,10234.21244392888,10294.083046456803,286553725.2789184,-0.005542650643940883,35.728022602460925,0.017997595187696044,10991.740318838565,11246.249246620757,10751.324503846408,10995.413117844093
2024-04-07,10459.785573250989,10563.989002057508,10267.77952583947,10371.099437544854,578502157.7198145,0.0074816174243474975,41.50235121929674,0.017882913563463554,10924.863212840115,11253.408450161625,10692.828339800015,10949.16766004415
2024-04-08,10072.360559767827,10360.302251073532,9867.702947123627,10153.986110593321,304950237.6414412,-0.02093445620293166,36.95082198302693,0.016441660192898652,10842.546573242029,11242.966496890036,10609.929535306677,10890.265323047792
2024-04-09,10050.070813789542,10463.534869644542,9723.38643938799,10134.118469148874,633603710.8607516,-0.001956634687900527,38.07161173498405,0.016949369932788748,10765.788174696736,11240.047798240377,10536.727832820861,10834.254444981205
2024-04-10,9289.91049635484,9646.544807573842,9022.384597831877,9376.52464100791,559545044.112085,-0.07475675663821113,22.937577369345505,0.029468150665568266,10644.348023630006,11217.155217825859,10358.235034080408,10726.274459501701
2024-04-11,9297.917780275602,9539.066632517803,9119.056642917349,9359.02990041112,559142574.2728548,-0.001865802231274194,24.010743409008185,0.02822640473710178,10535.940689361614,11180.155215762716,10204.511167362056,10624.99708475425
2024-04-12,9873.184628603025,9988.273319976382,9824.027488610735,9938.789542726805,422354103.1699852,0.06194655305997232,34.30978688426046,0.04036679143639768,10489.496917900444,11155.463051100085,10163.63091741817,10574.16689645592
2024-04-13,9901.83140661995,10040.787626298677,9791.669843827167,9930.30923703465,628431021.1616018,-0.0008532533721232749,30.473130651894778,0.040396922813129725,10451.18052209687,11130.97920969696,10127.735274282244,10526.473736498789
2024-04-14,9794.089410212677,9889.831691607535,9718.507949314417,9814.095840123617,691864436.1413982,-0.011702898080718338,26.958246383572117,0.0401046326139536,10406.501708345302,11101.715093182218,10079.483053642454,10473.70500343396
2024-04-15,9824.793570926595,10051.920068586987,9625.520474305558,9852.093261215552,535752817.86963415,0.003871718975535954,25.603799964822272,0.03977932655191941,10367.838941369504,11074.492373929814,10044.5000086537,10427.65968919556
2024-04-16,9969.091804027661,9991.729949255783,9892.662931736257,9915.178649179265,643011825.3000904,0.006403247136530732,29.160366648194255,0.03996254270392437,10323.38651167308,11045.345485258074,10024.604414888401,10389.698130675833
2024-04-17,9619.668618838614,10042.037366629147,9255.428620950199,9675.676674676472,472437746.93494356,-0.02415508413684686,28.816386595088872,0.0272528135750297,10273.72856544095,11021.395453659812,9970.923224086566,10336.807652453657
2024-04-18,9195.04062603314,9277.615783954112,9085.040178402327,9167.366814379733,492445322.5546506,-0.052534812539479,28.2607142658418,0.034959554630702896,10189.420880202646,10982.568063499522,9847.299161054745,10250.182405188923
2024-04-19,9346.871136762416,9448.55034480583,9278.28857769872,9379.726708364793,368258780.2663714,0.023164764570340557,33.316025330194705,0.02459251967638065,10107.874278899371,10945.370464527163,9775.364937563983,10185.704205424174
2024-04-20,9681.136164078715,9830.110269540744,9544.452503521818,9693.255501443731,693163769.4556726,0.033426218356589654,40.51820758020062,0.02922339784028686,10037.492746730122,10916.131119702095,9762.732716622406,10149.226523647845
2024-04-21,9694.115328129348,9744.400226183654,9642.952768370124,9693.233090117361,546827620.0661157,-2.3120536095655453e-06,39.03600312662661,0.02898129043266777,9962.668411464638,10873.0921102811,9752.040466390861,10115.449232275216
2024-04-22,10272.581401831363,10722.136723193398,9911.837726346006,10358.380044783133,556937830.4745216,0.06861972145742734,52.887440160633425,0.039403990461383834,9930.156963473457,10846.890072941933,9845.32347845121,10133.444107275804
2024-04-23,10180.588184200235,10488.305982228661,9897.062720553373,10204.125026578073,438216569.2589142,-0.014891809099314535,50.95279434505966,0.04034474123778106,9900.342068669648,10816.035230107413,9900.523716624573,10138.679730927823
2024-04-24,9817.95499474266,9972.963402958998,9701.015691733535,9855.576005134197,351242248.3187624,-0.03415765884248101,57.33682507660329,0.04169587180559871,9875.90527801421,10770.761191976468,9893.608684087592,10117.709084572738
2024-04-25,10004.105510365613,10163.014947761334,9788.57083639759,9946.566296619123,374473239.5898166,0.009232366676237502,58.800196671332785,0.033651808487634924,9855.66071487697,10721.459298518039,9901.756009092442,10105.031841020618
2024-04-26,10359.364903538693,10577.53624633652,10045.544299047022,10261.657903006084,608034844.3703319,0.03167843022310746,55.25239894808967,0.034262503824186566,9854.039457704432,10689.124121873609,9957.125531233001,10116.63377153806
2024-04-27,10080.26467728498,10174.522211589534,9966.869572548572,10060.946468067708,502377108.67303586,-0.019559357448427406,52.000102462745176,0.03495069485030865,9838.531809230575,10652.41390259074,9973.097983053725,10112.50878609581
2024-04-28,9657.675103384081,9751.866329568182,9643.458666279073,9737.532339805126,595573696.1449198,-0.032145497373339715,48.89772114019099,0.037839211854792665,9817.709120691166,10615.748299503875,9936.857114861632,10084.732753037242
2024-04-29,9795.575864007245,9824.203114387512,9710.739131293338,9739.20162981628,313208789.1617503,0.00017142844335737983,48.3575271106241,0.02375051626579666,9797.963278724537,10580.885047299664,9906.448578700809,10059.137855020876
2024-04-30,9696.50397164973,9830.013703962893,9566.898553106867,9700.35678790456,451073039.6929261,-0.003988503718086789,46.85233056976926,0.023620518915245456,9814.15488606937,10554.334810069828,9874.74214934754,10032.561479678927
2024-05-01,9977.080720968257,10325.511378433486,9711.652137800666,10057.931845500889,460588620.42786664,0.036862052130102185,55.41366053270235,0.025194842004161243,9849.099983323857,10532.357249600615,9902.925179524978,10034.44076603611
2024-05-02,10163.634129276097,10326.936937159342,10054.80786709794,10217.533551427572,408692533.3505138,0.01586824293287248,66.50291959132292,0.025582439524099138,9863.037183758895,10499.011379349413,9951.326467509993,10048.003194583625
2024-05-03,10373.166000442172,10517.957228968991,10326.400517483255,10470.751798651381,290031610.2537666,0.024782717467899174,66.92761628295727,0.024452495801976965,9890.059311839732,10467.457939652986,10031.23805691636,10079.317905996053
2024-05-04,10787.641694167603,11183.327851659587,10433.911905951421,10828.26598169371,580138874.6114979,0.03414407961502586,67.37294164505224,0.02456746131383303,9940.767818918237,10439.890377231324,10153.857737651337,10134.795541232916
2024-05-05,11018.442162943775,11271.954682496902,10707.684756164786,10959.849166991438,521646653.4511035,0.012151824264400535,68.6367655690496,0.015797439282393678,9996.155614207031,10412.800247752119,10277.856419088275,10195.910624622435
2024-05-06,10747.727116138612,10923.022962094303,10675.606495735872,10850.214618402078,810418672.0779958,-0.010003289910189062,58.6509793789823,0.017941690027096217,10042.907412668172,10390.763594382415,10365.911526675014,10244.37758712463
2024-05-07,10866.840243509541,11082.60455586004,10738.724855345523,10953.467865171437,495872586.5107616,0.009516240037707568,63.42114209944942,0.016105345497370426,10106.79697219292,10375.660120535566,10456.304809520618,10296.902792905876
2024-05-08,11387.548337497055,11600.397498418033,11244.433603344161,11456.41724387952,647417837.7707107,0.045916908224773456,77.16927098902686,0.018143342959922686,10221.24949366791,10368.782087362057,10610.168260960449,10382.792752237257
2024-05-09,11342.467091513216,11639.050192990286,11117.579282010654,11412.768512779876,403445898.40339327,-0.003809980919031397,75.2906021245011,0.020111147318320692,10322.901583888664,10363.651728816558,10733.645222778823,10459.087253018193
2024-05-10,11068.70811287687,11244.978073572765,10979.188439427124,11154.762424244533,511889162.07511425,-0.022606792405053255,65.71468462917647,0.024251225688615485,10395.976930028704,10350.6404240546,10798.432484542778,10510.618747183107
2024-05-11,11830.518508399082,12055.180318766148,11655.925566955622,11879.859214894821,467389395.58466816,0.06500333786350421,77.01883028105973,0.03129558176116985,10505.308236267576,10357.694076636917,10964.805827673861,10612.043967013604
2024-05-12,12428.431500815463,12828.353537356166,11962.944230863483,12360.686364586636,680624149.8546141,0.0404741454418045,87.2245177194694,0.03284857823170272,10605.423552257751,10387.554504489644,11179.556679506595,10741.573033500496
2024-05-13,12589.212344286572,12699.06228585942,12463.729577311999,12573.441910495765,339316816.93292016,0.017212276052782416,87.946628427419,0.030541053067379084,10723.889396453636,10425.090599637439,11394.000561197237,10877.267024389033
2024-05-14,12870.538304693626,13214.726117926231,12508.804082692444,12852.509771457253,696590821.9614966,0.022195025272159885,89.6523992762912,0.030072341514189426,10873.73608476979,10467.987352763483,11618.386593544932,11023.581301949642
2024-05-15,13133.580288879499,13454.717395420794,12934.25021613344,13253.566279537952,720114481.3246129,0.031204528548296695,89.76437160563519,0.028727195503910577,11039.08608391573,10520.55170633961,11869.95269908232,11188.765374363591
2024-05-16,13108.918496415512,13199.679067561687,12926.6416049416,13016.764138544384,544318020.5466688,-0.017867050724238998,84.17518786529351,0.031169237078558863,11176.841395692647,10564.802444248344,12046.38522823033,11324.172690228836
2024-05-17,12799.76738758745,12991.121596871351,12582.18744355301,12773.143632509918,880161847.6324749,-0.018715903848412818,78.1754233461684,0.030318921432091382,11312.451253914758,10606.88860491216,12158.194213504114,11431.503871138546
2024-05-18,12992.97729162558,13250.018883697227,12622.176048586884,12876.921699277553,368160988.8892209,0.008124708353196786,76.7303377311718,0.022952681661357614,11469.420721888378,10647.356628514795,12268.767672853874,11538.571858408102
2024-05-19,13279.57019724083,13558.964542401092,12897.189497653073,13174.370503133694,583553198.6893698,0.023099371946389224,77.69574285102755,0.020097405752537257,11641.17916555425,10690.630863888864,12408.091185204616,11659.742128387776
2024-05-20,13136.199986601134,13398.095428502322,12869.349350215227,13131.143991110444,534595634.54007196,-0.003281106449296245,79.00811032947037,0.020248510512054268,11812.718525714543,10731.2360208145,12519.330078420897,11768.734858959826
2024-05-21,13448.222284974061,13843.972417614563,12958.19258465826,13351.084166751609,489166631.18761545,0.016749506043803875,79.61318529078281,0.019635611275964325,11977.376141777078,10774.463308240991,12647.292245856392,11885.945918796253
2024-05-22,13209.941177830042,13366.575556640722,12984.35164050771,13140.158585428606,537549472.9461728,-0.01579838601034922,72.41282592311893,0.017328028980627554,12123.50739347713,10817.094299857428,12723.11783655981,11978.85056076902
2024-05-23,12978.592631305979,13236.437468353804,12797.88552910694,13054.6710896874,424289825.2068931,-0.006505819179077887,71.61513453543631,0.01597485841139395,12252.703358028932,10862.17926319809,12774.12602934867,12058.540970318529
2024-05-24,13661.722303004086,13951.74903777866,13250.115699961205,13537.505415965179,494143343.0903897,0.03698556041440204,79.61498251026266,0.018471339846329687,12388.165329742504,10926.043135152537,12891.569011905056,12168.09389221828
2024-05-25,13252.948288524409,13270.445406963223,13163.754788118582,13181.157124742193,557642692.6140006,-0.026323039605416154,67.80590509615176,0.02268950869030076,12499.230727630042,10982.6371264601,12936.121029264616,12243.135613145976
2024-05-26,12915.419020028594,13041.973114734265,12913.20259424719,13039.735354923414,618732516.5770797,-0.010729086109846686,60.24295120822956,0.02140035799551055,12608.706764456108,11037.550172629433,12952.061694750584,12302.143001425786
2024-05-27,12588.392673496941,12622.449260577498,12551.939960886646,12585.99004791358,682065359.1591271,-0.03479712545228253,50.17645084808334,0.024919436602752754,12690.332873593217,11081.847984836804,12895.742979852583,12323.16870857303
2024-05-28,12387.493146961977,12470.637720531056,12300.800197650231,12383.920793664853,604318452.7649616,-0.016055094075195453,43.264892927908896,0.022987403430166833,12736.708051082484,11126.446678498236,12817.001105054469,12327.668863024275
2024-05-29,12291.154025124433,12515.121984264266,12045.438980161205,12269.003311611657,671608474.1364107,-0.00927957179054173,34.58038053980259,0.022866839920669475,12779.519791024071,11169.144375347492,12732.693752217114,12323.323266623342
2024-05-30,13218.193258514491,13469.090604394574,12950.570268018313,13201.143998252499,562442825.4277191,0.07597525756298751,52.37119856150612,0.039722673886675365,12881.83886972447,11245.636762492384,12804.763020837943,12388.347024521798
2024-05-31,13214.537805904609,13431.569805614385,13092.124842572213,13308.288383154335,288906758.5283018,0.008116295445002253,57.132547006448604,0.03691512565377001,12953.260328137447,11324.621932147247,12882.228461194312,12456.49082886495
2024-06-01,13047.402609523613,13061.477801431553,12996.13196199798,13010.16698510181,464326583.5276286,-0.022401182591586077,51.68845670456936,0.03650968522981552,12985.734359163205,11386.049480994749,12901.911311026235,12497.503877475088
2024-06-02,12906.762017686226,13260.851240456706,12457.690241877292,12809.100170848626,730402823.4076202,-0.01545459135793037,45.25547707944336,0.03675573024114595,12997.517272180847,11443.625299671026,12887.632674075834,12520.585084391647
2024-06-03,12592.740227190661,12742.11159291835,12531.091402846025,12680.03540763809,373656197.1002559,-0.010076021070103414,44.26832937789085,0.03417463414539682,12988.893553989888,11500.944091021318,12855.694633085412,12532.396219446939
2024-06-04,12628.627602069704,12698.193630161268,12605.346646389336,12674.827504665252,492317664.42121124,-0.0004107167531803846,40.91173917869182,0.03333288248540715,12959.956615246254,11557.398775890313,12827.86892102077,12542.946685018665
2024-06-05,12471.731805273808,13077.452520815968,11841.48443700939,12445.953147853052,774617306.1661288,-0.018057394211318356,40.715316395421034,0.03406323110910771,12931.416065711688,11608.014265863789,12769.112648225737,12535.761978561954
2024-06-06,12497.219789911485,12667.836103608373,12286.318310221823,12456.377024533638,437395093.9421728,0.0008375314093469477,41.834126341638324,0.011280968188790659,12915.577735312874,11663.628272860933,12720.99947535003,12529.881611596893
2024-06-07,12440.615354379088,12616.771334548706,12388.055054510027,12563.69105271518,600290004.1281387,0.008615187864832619,35.190758279885145,0.01140220386194299,12899.916202984756,11731.55475762764,12696.798179560054,12532.386014642692
2024-06-08,12979.391955982348,13427.851962182864,12654.360562655498,13099.80516766459,382510682.8715326,0.042671704732308635,48.82697912349597,0.02062754486967446,12896.1879362113,11805.956326813635,12758.79925465306,12574.417063014684
2024-06-09,13380.909625431948,13647.989233539662,12996.89986062149,13261.598039323235,524678424.31247836,0.012350784579454155,53.18037356440686,0.019543408739606534,12902.71063862194,11877.323177571227,12836.152913833086,12625.319357556056
2024-06-10,12419.261418885519,12616.858576363915,12312.925803185768,12509.748199013446,456986996.9168068,-0.056693758782343395,48.993135242625286,0.03047524865404547,12860.643840235032,11933.653479749146,12785.936803860834,12616.758530997344
2024-06-11,12678.572941931427,13288.664793275595,11968.25757298231,12573.282875276527,772329447.3876883,0.00507881335837701,52.595731228344775,0.030579205094100597,12832.300054727428,11977.951536359014,12753.220814847864,12613.538112055061
2024-06-12,11821.140660301928,12524.2258661848,11201.089471497211,11900.03638085472,532949734.9616139,-0.05354580033712952,45.613694294924464,0.03632949965840289,12774.568319285794,12011.869763444549,12621.96167115661,12560.686131966148
2024-06-13,12095.796012304634,12517.408091313671,11716.926748452142,12137.240681294139,450693159.6768991,0.019933073551022362,34.84882524208514,0.03760652605917101,12704.555082552242,12057.503056967747,12547.389211177768,12529.319802286738
2024-06-14,12203.130143003984,12343.885117396207,11989.581758293192,12129.487311699739,528328703.31932205,-0.0006388082594711575,32.7234750657898,0.037288009079700556,12651.97159190012,12101.161477269361,12483.096611258072,12499.702580761776
2024-06-15,11703.998509699906,11966.094023773234,11521.553208664796,11782.426169775552,631213498.321183,-0.02861301001481098,32.26068803191963,0.03158605215443948,12589.106132642726,12131.57684260475,12375.3011587223,12446.570994762797
2024-06-16,11608.090327813154,12133.58687131802,11115.020175426835,11639.195483200938,321829754.0893097,-0.012156298245435404,32.809031521835436,0.029383665102215916,12541.766404407093,12163.141822907415,12262.054131719013,12386.76540131377
2024-06-17,11564.748341862381,11687.985552771559,11442.916696704991,11566.13925470561,376051189.37017834,-0.006276742116821721,33.35811139413762,0.024036984777724084,12500.877327459131,12199.713961205422,12154.99030448618,12325.978279342795
2024-06-18,11793.902842879237,11850.622822876514,11638.15263957458,11694.394055648067,384946900.5151273,0.01108881694384567,35.87153931358401,0.02479766762211053,12472.146864660952,12238.817809722059,12084.129343126471,12279.194262772815
2024-06-19,12005.59596447641,12094.461465766462,11842.286669307696,11930.597027970214,224696565.8533818,0.020197965897007508,42.5891532969954,0.01794782917598238,12408.619516146839,12283.422614523373,12060.508986948586,12253.372245380031
2024-06-20,12526.741001626777,12756.920836601274,12239.035610138943,12468.138621851585,441403525.40724796,0.045055716207760055,50.146867330196955,0.02397880953260457,12366.612028081701,12331.626750050387,12123.221238472124,12269.280865859406
2024-06-21,12148.155861188136,12807.21609146939,11595.535441855658,12249.96439514557,704771218.8416804,-0.01749854034536036,46.18802749431331,0.02534143250448547,12328.601898583887,12372.275366924745,12142.720185652654,12267.850016176899
2024-06-22,12406.835365838402,12569.009614598579,12135.799130069896,12296.531557713684,382424024.0265071,0.0038014120748439684,38.92180146524408,0.021561975834674597,12302.973467927142,12408.790962105993,12166.383473662043,12269.974574809254
2024-06-23,12028.26895950804,12268.799199278856,11703.88552073707,11942.70472580135,535482421.601127,-0.02877452314513651,32.725712916465014,0.024631217294679212,12266.106933835305,12431.079736988144,12131.971358606552,12245.73236377163
2024-06-24,12068.671888676856,12598.80485484101,11568.787091227823,12097.717007585306,605693295.5793624,0.012979662927532942,43.603324697484105,0.024373703518038168,12237.251408981307,12453.837093800023,12126.701458449437,12234.768263313385
2024-06-25,12702.946705264243,13313.918547127932,12077.178508322926,12687.402733985227,603097109.4239682,0.04874355434419453,51.522890413319445,0.029185731503626355,12249.323888287916,12490.580856111685,12212.96319314725,12268.29674262241
2024-06-26,12680.739812715918,13091.726736057433,12222.029304385796,12631.417681322822,526658140.6985671,-0.00441264881680159,61.68506351297316,0.029524104811406812,12258.075921127374,12524.139852434713,12277.340806712724,12295.194589933551
2024-06-27,12672.427486885326,12989.375168035187,12324.690743335512,12640.848611213378,772954133.8373829,0.0007466248150831412,58.67756012316081,0.024760035628999668,12261.933799052285,12547.82847978139,12333.26508432821,12320.798591509834
2024-06-28,12600.868018979427,12704.34217411395,12409.602438478274,12512.349710578876,600891164.6292524,-0.01016536979333127,56.33347864595203,0.023927512477380335,12232.561026197998,12569.82010373737,12360.816565289851,12334.987563292727
2024-06-29,12731.321369410614,13156.827773302544,12313.971059130901,12739.21858149604,569155894.0343052,0.018131596076263135,66.48314192657355,0.024584161196676453,12206.442053306639,12601.5092268824,12419.032260090802,12364.930601678157
2024-06-30,12884.361274107156,12884.561410440701,12768.664077947793,12768.862420205818,190130105.78816798,0.002326974650771474,70.25400578811241,0.01972537435858108,12219.397764366258,12619.28929098862,12472.852284723882,12394.851477124652
2024-07-01,12852.765482518114,13104.407676832809,12604.025825603008,12855.612913565474,592988355.9978458,0.006793909316649804,73.00623678585316,0.019695859642876668,12233.514266280707,12629.187821968198,12531.738535314897,12428.981953898045
2024-07-02,13668.605316398778,13941.967744771819,13302.394793251235,13573.862430998266,427784574.7744383,0.055870499700164666,77.70084750550072,0.022133307393975087,12317.205568787882,12649.196232378245,12692.065288496953,12513.787915164727
2024-07-03,13275.748874760999,13594.001075820037,12883.758467611826,13200.199566805952,522730910.5305018,-0.027528116340636455,67.9835569491404,0.026009370311726555,12370.353513063474,12656.150028285221,12770.239792852182,12564.633222693705
2024-07-04,13563.068690830482,13877.013282730308,13250.296366847304,13564.214534910172,421178659.40257335,0.027576474602671652,66.32828575570154,0.026963009267085346,12442.089874223995,12662.362993392664,12892.389753168796,12638.676282857889
2024-07-05,13260.770362158397,13800.082592580759,12640.929422944417,13176.82772729779,413914914.8737442,-0.02855947217698196,63.14481894960331,0.03002686850307404,12511.809952100106,12665.564265167734,12936.149441496334,12678.5393528164
2024-07-06,12295.345811970243,12581.298967640118,12048.847225036974,12334.024936909884,481897770.7434038,-0.06396097815272439,50.43376841572876,0.03977040331501765,12546.551424785555,12656.781891255732,12843.514902329189,12653.019766452955
2024-07-07,12905.608573211603,13146.903541636675,12568.675098995012,12808.147853366063,746052356.0440829,0.03844024305783211,59.74133876334503,0.0429332537679629,12608.651854718577,12655.406414337504,12838.073817873323,12664.510735853926
2024-07-08,12986.958375309747,13036.493370052925,12961.055757093669,13010.5437106499,487571472.28044254,0.015802117495906653,60.16624120509069,0.043261462039478296,12674.45933746867,12652.129878487827,12864.607647531258,12690.142808061035
2024-07-09,12865.856593775154,13392.638287106814,12468.282530675944,12991.191198704886,403829019.5404823,-0.0014874483630666901,53.87567712042825,0.03635274038053771,12727.489046005403,12649.330822639715,12884.082040019508,12712.442688849469
2024-07-10,13144.00272330831,13159.349113886075,13132.403744842746,13147.746831417142,267117570.24059558,0.01205090667342823,56.422424688301696,0.035453973590222496,12761.46945648368,12645.264075933026,12924.645854080682,12744.687440150778
2024-07-11,12759.701240676697,12970.026925382837,12484.660508753897,12693.901578806828,478490825.7851462,-0.034518861553207714,50.59421113836534,0.03516558741766631,12783.666315666744,12636.33893580059,12889.14673480778,12740.925524495671
2024-07-12,12339.214773719457,12664.122293673641,12058.499583500043,12382.424098137779,665506493.1826799,-0.02453756859034406,48.60208754687467,0.03482183868406129,12787.960942687947,12622.893995969598,12811.18940608932,12714.369863283977
2024-07-13,12502.979973406987,12730.559513734383,12306.511484178678,12533.609716894509,549330555.2151514,0.012209694770466406,47.751161887793735,0.025071368975840364,12817.506192242607,12602.816081988185,12768.484838520888,12700.980222810682
2024-07-14,12583.36331890191,12959.321737160675,12096.555330306595,12469.099851060726,450483078.25297225,-0.005146950263404726,46.74617642516646,0.019461616141109344,12836.075334416377,12588.574936514555,12722.425609680864,12683.803898977352
2024-07-15,12373.007756354269,12679.091082336903,12069.480377023045,12375.50250333396,496181142.2523848,-0.007506343588932207,44.7962950626645,0.017468453945403768,12820.480322883812,12575.290279482766,12669.052824089033,12660.966758559323
2024-07-16,11911.688898779832,12106.18476085968,11704.55482476833,11898.840902822509,475823417.2572398,-0.03851654511669644,30.84188349082119,0.020810965096868993,12783.851483958799,12561.547296580948,12550.55868235572,12604.512991467707
2024-07-17,11347.830242737176,11559.607576731458,11215.858879690108,11426.71876727487,255634743.9556126,-0.03967799379817305,30.162543790267932,0.01989506822760578,12723.144991761872,12542.403256053147,12377.660233881743,12517.26897486083
2024-07-18,11366.423754535444,11465.422684839914,11232.382614053446,11331.073653124806,574130630.1550813,-0.008370304380290072,23.425498656143375,0.019080674560576123,12664.081188889168,12523.644662883407,12216.646913765291,12429.402654732236
2024-07-19,11124.928976004372,11599.497246622255,10680.920691163812,11154.316089411157,578712381.0985088,-0.01559936587870503,24.66179429477566,0.018704414937814134,12584.836064284924,12482.70810470658,12053.211402326193,12334.951798041784
2024-07-20,10623.332540996778,10745.300781140786,10420.201103325244,10541.226672394972,494813033.8566178,-0.05496432162238918,26.16795343540491,0.019820870537414735,12473.454276894383,12427.366870491394,11820.59836695216,12202.083270216095
2024-07-21,10393.88959628256,10694.352998099082,10075.569263953494,10375.50109660961,589315037.8948027,-0.0157216594364068,14.774074256415346,0.0184794320735555,12349.448686046588,12374.67355272155,11598.275709976382,12066.780886985985
2024-07-22,10592.643545496623,10600.97561055062,10572.80286026328,10581.125865628115,611906054.0415869,0.019818297651734262,14.85369666887101,0.02478825204145579,12199.811857778082,12330.114066617141,11441.791118538187,11956.732366885404
2024-07-23,11140.209447264202,11265.91993506262,10999.202502896911,11124.738409443478,359022455.8256977,0.051375680690203485,26.554515391953174,0.03563402243526832,12096.038799909958,12299.008126653247,11393.013778677463,11895.103184852669
2024-07-24,11232.246351087517,11481.267803940667,11084.81063779028,11332.515940869871,403461046.4439426,0.018677071206457896,27.487640574201123,0.03405739657855919,11984.453870207943,12272.16189537734,11383.706419014758,11853.430055668758
2024-07-25,10940.304808152268,11333.30616413065,10654.35346606738,11044.628080847859,715004144.2899568,-0.025403702189711108,28.66771335264967,0.03528453489876569,11877.843887885447,12244.135394037236,11331.540520835233,11793.518798274617
2024-07-26,11070.054403126553,11108.115348588117,11036.044691489033,11074.093228764485,338809063.6777146,0.002667826177662036,31.745895175619083,0.03488067733729908,11814.847302478176,12216.489718121851,11291.93324513204,11740.22801534794
2024-07-27,11161.888258205836,11327.71573311928,10910.167401054621,11074.699550035533,656426998.6063,5.475132442200881e-05,28.752184923811143,0.025502520732423904,11728.17488731165,12186.70988806826,11258.512676655655,11690.929610509984
2024-07-28,11237.110737438887,11554.30954445253,10878.10811867399,11194.092619262767,684938514.5805786,0.010780705037442884,31.722768615858286,0.023385401467013383,11637.352332742292,12148.595637100225,11248.60189859521,11654.126870417596
2024-07-29,11185.254672570492,11566.296937816116,10903.5428228624,11282.14481281473,591670140.7915831,0.007865951850393182,34.30175817599262,0.023080396393709065,11551.900013447786,12109.006572570053,11253.762346936674,11626.572643928495
2024-07-30,11353.602679482348,11692.835129392643,10952.890644549818,11290.229579913945,625592295.1985421,0.0007165984157579963,39.903071941053064,0.013821546917281838,11459.024150872625,12084.616200188066,11259.372690471639,11601.65834289038
2024-07-31,11179.491078761483,11212.834517819372,11161.971147467188,11195.289827527466,588725466.8623412,-0.008409018763921638,45.611326507918655,0.012125349395919955,11384.093563308657,12057.056339233084,11249.513788480228,11571.556971382015
2024-08-01,11110.146193057957,11192.626837490565,11100.556680245285,11182.97446433129,375518831.22420293,-0.0011000486263333942,47.09988368105037,0.00625907179039835,11324.121081618334,12042.715100902615,11239.276969380391,11542.77308197085
2024-08-02,11178.11575319074,11591.933675263386,10735.47651747809,11148.186445670503,530031725.2167759,-0.0031108019401945297,49.87290081495852,0.006501410193960212,11254.849918057133,12022.934016190142,11225.263042655793,11513.544442244898
2024-08-03,11079.680224925929,11357.353865567879,10889.374213704956,11165.57255662102,171835281.88099322,0.0015595461230619723,67.19336824427253,0.0064909283648225255,11189.673553335148,12003.655721088566,11216.079890958137,11487.7687470135
2024-08-04,11185.170499056943,11289.735369759943,11085.27334114055,11189.79689253067,485755612.250437,0.0021695560874113173,74.31956544011224,0.005018484012496289,11130.388272794984,11991.803135543669,11212.036352738527,11465.69675779255
2024-08-05,10690.208974643958,10811.693238803162,10498.710796681638,10619.390272275308,417808278.7213072,-0.05097560087405306,50.93834084093093,0.01909602812921065,11066.415741267623,11971.407031325156,11120.860032667262,11403.007388494976
2024-08-06,10778.518907807736,10958.781247110877,10673.302878987366,10852.839725175083,482534050.77842563,0.02198331984363122,42.13609517405675,0.02223172763004328,11037.721789162631,11957.141040734547,11079.626139206928,11362.254228249058
2024-08-07,10841.94314850919,11212.9453696188,10513.265954210847,10883.022830779684,833858563.0733597,0.002781125158845432,35.511272190462364,0.022382105729157723,11015.319248045376,11940.91361623718,11049.379476371967,11326.755606214288
2024-08-08,11103.826462435452,11568.653352007386,10733.861008119358,11195.629148304328,752962346.8243235,0.028724217745874858,54.79094524466244,0.025592997248475587,11017.384900990035,11926.214258643859,11071.879425900022,11317.042535257995
2024-08-09,11725.53984599405,12225.551293092807,11294.208103962193,11791.78276157821,540091691.9440166,0.053248781768032716,66.7481845283544,0.03227891314872328,11079.912705449196,11912.687141438391,11182.633785235128,11352.208477948381
2024-08-10,11984.050964773365,12161.723673117325,11830.493881217855,12007.861494439623,527732867.30303717,0.018324517779065186,69.78663327577674,0.032300185716725015,11161.530725340697,11907.845083424274,11309.591894343512,11400.775368058845
2024-08-11,12230.40380688282,12281.92146697171,12156.435915285661,12207.858609104089,446551266.463859,0.01665551478563243,70.78526124890816,0.032111581926193684,11242.867362514497,11906.07162445208,11447.786773537448,11460.559311839974
2024-08-12,12352.683895296956,12528.327391572793,12083.72479146943,12258.022289125702,668876099.2423612,0.004109130161796148,70.32420092084354,0.017047381673571112,11299.531556498609,11912.37797571857,11572.438391320256,11519.63064349077
2024-08-13,13071.744207748283,13081.036577489225,12948.294654418722,12957.505814998347,714225271.4906858,0.05706332631595634,76.95959694844859,0.021905994954170217,11380.781050205032,11929.573751866832,11785.525687270732,11626.139915454294
2024-08-14,12780.877483633361,13020.989283914792,12581.812957284645,12821.295243494515,257575154.3322028,-0.010512098041751905,75.94595732162155,0.024643646370327222,11469.614408337366,11932.251602057016,11944.874849766698,11714.66993975357
2024-08-15,12341.541086985388,12529.63258624362,12234.494726831135,12421.889312709747,643743584.0363592,-0.031151761440594283,67.59553730514365,0.03200124649364297,11537.004212534628,11928.061034684753,12018.261690219475,11767.056559972547
2024-08-16,12562.772686270402,12621.378075192148,12384.413110517778,12442.457227303017,667641697.857415,0.0016557798959153658,68.4562715203634,0.027445906823666297,11605.392096398002,11924.093207006545,12083.522542078483,11817.086239034063
2024-08-17,13004.265577700877,13094.689616762827,12871.545685161907,12961.673564332512,433532471.4600008,0.04172940501576772,72.4056265205456,0.03019802059284327,11693.771143651491,11933.07968408162,12218.622699348332,11901.870485352465
2024-08-18,12798.743997959518,13029.091271905449,12606.822089182571,12836.60167325936,502856024.97264683,-0.00964936282744544,70.03902240929227,0.031054372231493238,11771.49398667372,11935.027345916887,12313.696387642338,11971.109832604829
2024-08-19,12442.526025114812,12594.079477220319,12399.093453847017,12550.270806045875,150565151.06612274,-0.02230581539426879,75.24080256399606,0.033088448609699506,11834.496047980318,11930.655513633688,12350.092452012113,12014.010645452314
2024-08-20,13309.053454537388,13913.520137884278,12678.259003407591,13281.473047943136,523800806.88771003,0.05826186965981783,78.0918076881645,0.033411330684581554,11938.8052090011,11939.17271632124,12493.38177446304,12107.896749340522
2024-08-21,13910.85800093582,14016.7952147486,13801.02899191668,13906.936340585919,496940182.5749255,0.047092915852405826,80.74362550480166,0.03621645842661693,12075.003302813831,11945.834194512994,12710.851707712714,12241.158941284626
2024-08-22,14034.887412952621,14376.452109043841,13778.356577119283,14118.39491614318,317092728.3640458,0.015205259474737165,80.33926222121966,0.03079330249546529,12223.513726337467,11964.19810149974,12927.396816702016,12380.213457940816
2024-08-23,14384.029732119892,14916.198801311057,13876.62214009862,14407.947492109759,513696255.16092896,0.02050888770900583,79.00273651254946,0.029848178995650627,12385.632473111904,11981.07276064373,13155.173843687822,12530.415978990366
2024-08-24,14031.105441361147,14817.090595831232,13306.854898113465,14089.80987657413,311749070.588186,-0.022080703424956938,72.56971006294614,0.03230096028660523,12530.633122314077,11999.332403629256,13298.964002593408,12645.926638070647
2024-08-25,13841.114810210229,14183.7648777869,13586.29010932198,13927.352480471667,788393267.8862375,-0.011530134013558735,68.79342302202888,0.0325223231793193,12696.031232723893,12031.198954500493,13395.639153036216,12740.847070841093
2024-08-26,13669.996137133532,13943.956561279874,13397.036478031427,13670.97731031437,333352728.47103524,-0.018408033437566473,64.776977144948,0.03186041151775297,12836.938111980859,12048.455543639457,13437.998869540548,12809.745607098372
2024-08-27,13915.79808856142,14221.021039762803,13725.637783763172,14029.309592723755,643405503.4764615,0.02621116795644407,62.070453209188564,0.025986557912331648,12994.252450078062,12068.830861280938,13528.969750030272,12900.083680107658
2024-08-28,14294.822857763613,14440.259550122686,14142.283010222116,14287.646691682836,704866509.616745,0.018414099229306702,66.07168607638837,0.0205048648281357,13148.853327246989,12094.759971140495,13645.689279515282,13002.866125409522
2024-08-29,13564.515870112351,13831.385379468229,13185.731611778554,13450.355112078456,705539236.9681304,-0.058602483507083525,60.28508001367892,0.030399406399685542,13231.781944772001,12100.81213675372,13615.637869140384,13036.013457755369
2024-08-30,13506.40294091635,13610.503950800692,13474.734277943002,13578.665851909895,533775438.8973279,0.009539580090061284,61.12286094941459,0.0290269481164898,13310.322162645514,12118.507422215782,13609.94986648954,13076.209931396446
2024-08-31,13450.775877498514,13805.689548907298,13019.477553897063,13372.32110904146,382468978.9033055,-0.015196245722433055,54.28233727572693,0.02858621219723635,13368.545287642384,12138.305362433857,13573.391596112913,13098.144092703484
2024-09-01,13153.609431335999,13557.25002758285,12651.943152342239,13052.480435510979,483494377.68397915,-0.023918111965934408,52.16335886371124,0.029282479682351384,13408.268194961647,12148.682776806185,13493.25141755877,13094.761599578114
2024-09-02,13399.378974301519,13667.278168722645,13164.375943781408,13431.708137937581,511665303.59141314,0.029054071699265993,58.671584088672304,0.03206366837242138,13431.978311108605,12167.934942543723,13483.783220693971,13119.720602419557
2024-09-03,13387.843181370708,13697.237295227536,13046.326035770306,13354.960221833755,470650961.92945886,-0.005713935659981573,50.829823952740156,0.029541645102545762,13458.66156002557,12187.52409691372,13463.9642977924,13137.1457594132
2024-09-04,12683.874210963422,12934.474537104432,12428.244598146315,12678.743555903346,416392544.80856204,-0.05063412055880756,36.28830040520004,0.03126248473176262,13471.504272185248,12203.122149975336,13343.161106732545,13103.190040634692
2024-09-05,12509.797463525434,12963.610907546541,12042.785553540047,12496.102178613373,645465797.1459266,-0.014405321511920088,31.77122789366271,0.025220387179776944,13474.186519750769,12224.509818202107,13212.844348560364,13058.220569373854
2024-09-06,12542.031692908806,12680.190161784134,12464.353151803894,12602.13934647734,413278605.8205963,0.008485619463439065,28.836357760359505,0.025085813243603528,13456.209808858006,12249.931132069158,13118.889732855283,13024.436775085223
2024-09-07,12509.773593560696,12684.947322375854,12287.016332600984,12461.514288805165,707585419.4357623,-0.011158824212770146,30.088273650037294,0.025001622920183087,13437.4554396353,12276.075096057037,13017.755049155265,12982.738813138552
2024-09-08,12699.020232240655,12718.750855288143,12602.99760146275,12622.6095042276,386034830.8924466,0.012927418906637511,34.03954213045493,0.025398499277083472,13441.072374544387,12317.702752693689,12956.9634268587,12956.062568034036
2024-09-09,12472.47622845255,12661.073262455686,12334.638737090907,12522.680942072668,419288266.6846123,-0.00791663262033604,35.39426163135779,0.020662439303342453,13403.13276925086,12360.64634960295,12890.150736891617,12923.96022537023
2024-09-10,12531.589539810642,12646.647014278333,12413.106727882847,12528.132461549218,481188491.3954864,0.0004353316595517853,29.022682410608155,0.02099189891123183,13334.192575299026,12399.586481521372,12834.455617608171,12894.639650272378
2024-09-11,12682.661030768748,12993.744779666064,12420.628567851769,12730.719397968818,251909719.5604824,0.016170561497603098,27.899284211417722,0.012196748669213367,13264.808799390308,12431.70610129188,12818.496199202118,12882.497409361004
2024-09-12,12769.954468655858,12984.843043130351,12670.500225282827,12884.496728154356,317496253.1104566,0.012079233339325146,40.033604274137794,0.010773531313233352,13188.636261192538,12462.74571703757,12828.650126733231,12882.645507049401
2024-09-13,12164.030471435173,12282.487010434439,12115.058885637281,12233.236804496191,448049676.4314425,-0.050546011799985524,29.989340009699802,0.02311104696886174,13095.80760758864,12486.517891510537,12737.048077158302,12834.541158712127
2024-09-14,11640.320206136781,11903.59276933801,11338.96854090758,11601.359927980347,631996535.1872969,-0.05165246832167958,26.619819694136524,0.029410544591762355,12979.507979964075,12497.063225494854,12562.326823438618,12743.194400880142
2024-09-15,11718.326144412971,11843.70895235881,11518.205830693818,11642.780319469903,609069129.4711224,0.0035703048389745806,29.91246442078831,0.028401475379352982,12878.098130421853,12508.424840883541,12420.858130520353,12661.682246701606
2024-09-16,11887.009474762697,12060.68249441289,11738.278384849837,11911.643185793051,403337242.1362061,0.023092668498909674,27.636420257699072,0.03125943647107988,12772.214810075317,12522.775852214145,12342.517369793077,12606.123797745418
2024-09-17,11831.916496750793,11861.305697027643,11828.946321730378,11858.328891683588,419261060.84583426,-0.004475813561394371,27.82830273273288,0.031127619736895352,12650.748920075353,12534.299533791524,12268.026834699309,12550.73158248158
2024-09-18,11481.032333084366,11764.946580934497,11303.488956455698,11585.78332859186,429047508.6900493,-0.02298347141331758,31.608808350911602,0.02967117123133432,12557.520330901025,12540.21060876508,12163.066295298162,12479.253934045304
2024-09-19,11660.248700162498,11740.670100201347,11474.120611663058,11553.807883319925,355005701.80442643,-0.0027598863508024873,33.297138936460954,0.0280685569619652,12456.277432471525,12547.38096988093,12069.334231916895,12410.702374732315
2024-09-20,10921.34838127714,11016.544237338165,10901.85499929928,10996.915975679573,605122283.9358811,-0.04819985871881516,25.467393061150318,0.02758470149326743,12337.507175803432,12543.659800107896,11904.346807880383,12305.977456283963
2024-09-21,11324.695884344357,11755.684889383147,10955.844006990581,11384.873008387443,680742513.1114957,0.035278712101271426,34.702210068065966,0.027781696716038994,12254.126804447256,12548.393531362235,11824.427761804547,12237.747497180517
2024-09-22,11738.398815418132,12021.771937757549,11485.30598901956,11768.040014413178,610403258.8221937,0.0336557997391318,38.5783759197028,0.03099256202188295,12170.943398271034,12560.442880518078,11815.752723744337,12202.954350308863
2024-09-23,11871.548234682947,11949.299059410772,11864.527646869774,11942.23666792186,461225737.7550008,0.014802520495794447,42.39317030227669,0.03019793329298605,12100.30722057544,12575.491676025902,11835.21179207934,12183.641929391308
2024-09-24,11973.368999656326,12265.388760282027,11699.497987007642,11991.111907951767,556167275.086392,0.004092637031821056,43.04144511869291,0.030123911688522718,12065.925638177861,12602.926108739432,11859.196425290484,12169.380446321711
2024-09-25,11285.496288856235,11453.255827856372,11155.35421402627,11322.684901421184,424819663.0328462,-0.055743538352546196,33.72044145113513,0.03651589261403936,12007.254774318251,12612.323012264354,11776.656190849053,12106.662257810562
2024-09-26,11077.212465080913,11292.350637520376,10950.960540549286,11165.097053192056,525245096.19013107,-0.01391788693239604,30.137968566121472,0.03676184196010628,11935.402659653988,12617.964496712599,11682.570169671053,12036.916687098079
2024-09-27,11134.772874895194,11309.298855113153,11023.076585541867,11196.978561618764,477677577.96836835,0.002855461826692496,36.03041343595528,0.03124960177275851,11872.175873294667,12617.991484978891,11607.86376843224,11974.699048173685
2024-09-28,11399.035170590267,11403.505819448854,11308.918951232137,11313.355997115266,365758064.6248548,0.010393646362369946,45.490751266189605,0.028236142100773604,11806.71319793905,12608.422949689631,11562.554880537322,11925.71067402121
2024-09-29,11502.203386396306,12032.75717770176,11079.345188868927,11606.080134934366,187079300.7094504,0.02587420902283455,49.46730789043301,0.02678060462373468,11760.883157582135,12600.387322499526,11569.251073521482,11902.034337792553
2024-09-30,11548.293875850577,11718.161699205704,11439.770485668138,11609.06720065768,483423269.21658856,0.0002573707650288526,45.240881910219585,0.025837788870751735,11714.92989453756,12588.411494330598,11575.376631542436,11880.333068375154
2024-10-01,11522.345636927672,11860.0517517464,11130.606414499824,11466.681067633426,689300178.1100824,-0.012265079576435522,44.0077995271621,0.02575076678116131,11651.72797802079,12572.58466990075,11558.654237094897,11849.692179431322
2024-10-02,11874.02780908844,12119.340360286524,11540.917001159043,11784.37741186939,447424536.3320971,0.027706041736236253,52.99707583828656,0.016625633555298804,11596.722012206541,12549.122101838171,11593.380879367896,11844.854048500809
2024-10-03,11411.470655845482,11509.153364531297,11219.3180622865,11316.185122465666,515649661.285835,-0.03972991300602391,46.83114523315436,0.02327268847767283,11550.869428105016,12519.019899417595,11550.735378306015,11805.69338731302
2024-10-04,11470.978256907489,11645.261069515254,11244.141961275627,11417.613990864682,574423255.3147418,0.008963168002408484,56.38604672235439,0.023417328941151536,11541.682131249232,12498.934392980693,11530.2551648535,11776.946765353885
2024-10-05,11122.242809525602,11256.008061353326,11001.282946473304,11134.910431677254,457634511.64025676,-0.02476030100628923,46.08040928565525,0.025270722256054482,11516.288636859597,12472.783457068179,11469.432898211002,11729.388518414875
2024-10-06,11205.225769054192,11443.85121714067,11015.929508007812,11253.73545435104,448412352.61610657,0.010671394566025949,41.206331859756254,0.02303051892741782,11483.3932502875,12438.62469486855,11436.2486760787,11694.15495811385
2024-10-07,11012.055484527964,11127.129086445775,10953.833352788475,11068.607954635914,580171525.7735629,-0.016450315583307007,35.11817299009218,0.02335919251095006,11443.907203435116,12403.264820496079,11379.688565087503,11647.81814304141
2024-10-08,10763.031835922742,10783.055383968756,10741.312164551664,10761.332551247897,686003078.0927088,-0.027760979939606578,30.746311245114,0.024687328315102043,11402.684664567916,12367.48605540012,11284.55687065064,11582.152543649298
2024-10-09,10791.377613201097,11065.232172318976,10585.65382628885,10858.233856787465,489764170.06289136,0.009004582385880422,41.1435103010088,0.020786258216717056,11367.905963241294,12319.021271577007,11218.96871467169,11528.528937215087
2024-10-10,10586.24210273834,10714.185083995084,10481.880350484173,10609.593131612617,458587603.76901644,-0.022898818394800236,39.76273934801708,0.017714600033504464,11348.539821037946,12253.074407397542,11125.218624970294,11460.459618281571
2024-10-11,10808.278987081423,10905.15358080043,10606.173715698042,10702.096596759104,368196198.37331086,0.008718851326245503,41.07925138364365,0.0176734261097522,11314.401000456528,12184.748441009859,11060.122928322418,11404.284579650277
2024-10-12,10158.664306120914,10390.697193370954,10023.343497166607,10254.10504425787,533655158.22032225,-0.0418601671598533,32.94492457144777,0.02106105281957469,11238.704251948764,12101.67159205282,10936.120176927872,11319.086095547136
2024-10-13,10016.007542405243,10289.562308855584,9710.253013926493,9982.903655041664,451692580.97145647,-0.026448079871004948,23.68271984126649,0.019129581487523466,11140.737601304752,12019.533467622174,10789.471481253071,11220.109618472658
2024-10-14,9766.052391234509,9935.139977776333,9613.958272735706,9782.78526557288,525219676.60057765,-0.020046110468843192,22.16875316147545,0.019166444854148427,11030.32126918581,11936.642123324196,10634.596678840733,11113.641147887489
2024-10-15,10201.655178134679,10205.950391119355,10120.443782787539,10124.706598035316,500716176.23733246,0.034951327580061475,30.721677879416532,0.02666604815336604,10970.422354016515,11865.716709078615,10556.152051024515,11040.386736787328
2024-10-16,10263.581071571161,10482.134104346922,10103.905586523017,10321.556665006394,561080347.2762761,0.019442545328600014,28.229766400543056,0.028055098525955724,10928.245334607233,11791.561650524267,10520.060453175574,10987.140064803554
2024-10-17,10667.223531171301,10897.247320310815,10415.638039956908,10645.186634165391,677285535.3066783,0.03135476359454703,39.56494950227656,0.030295846476102464,10900.655738234564,11718.71244937392,10539.310634866315,10961.810181052579
2024-10-18,10514.905177966662,10737.202291772162,10368.784018455572,10590.037056539277,552329761.0587083,-0.00518070556406347,36.94195465775011,0.030151087989230715,10864.489791205764,11661.506088263137,10547.114699739079,10934.27143108863
2024-10-19,10730.759695798186,10869.974539871864,10526.796037481812,10665.15982571756,549528524.6612996,0.007093721086829818,42.068395734434034,0.02421820449559258,10817.443775744923,11603.235967739289,10565.275488351152,10914.33723809818
2024-10-20,10751.995626896276,11073.158355954554,10494.138764732586,10813.818835216627,603927040.8949263,0.013938751216892031,42.646221643997784,0.01960385788427352,10777.681357472871,11552.065922262793,10603.512926330455,10906.891430477324
2024-10-21,10780.58115114544,11038.055528322308,10602.831292959769,10859.012496757174,271284763.8709166,0.0041792508483096125,46.32438096150694,0.014566903816083972,10747.297928929058,11508.196563487716,10642.82055254995,10903.34484279435
2024-10-22,11354.950200876503,11360.300168383359,11342.604468536787,11347.951138384362,520404764.9326191,0.045026068601836444,59.67116789513881,0.017126651520375825,10725.476615254807,11466.521423496653,10751.302181139861,10936.278642467683
2024-10-23,11810.146818057297,11920.779978407796,11660.58109609053,11770.846101622104,586550958.5859066,0.03726619528765007,63.58532853850333,0.01886496526435943,10748.20966421263,11434.83914109242,10908.155091983283,10998.098454256899
2024-10-24,11123.132451254105,11284.579545010329,10969.878979971962,11131.214717031533,344911422.0332473,-0.05434030647146304,56.955313974394585,0.03247817516319709,10733.889700520971,11403.888564314982,10942.471957375321,11007.95891816613
2024-10-25,11044.004890322909,11292.01200767709,10795.92756569362,11043.933070236808,616967774.3505498,-0.00784116100655019,54.56441144294356,0.03265756019175504,10729.34083244895,11374.84518214745,10958.081359354012,11010.623670171366
2024-10-26,10760.339818605747,10920.288424196726,10705.125802451761,10864.539732019542,469992532.3433257,-0.01624360968835703,58.78074110839015,0.033756552123768116,10709.881046332373,11340.093189858293,10943.690339764093,10999.802637715675
2024-10-27,10366.316555511046,10474.002102329134,10357.071398708142,10464.669230097737,345734294.2860851,-0.036805102819341906,56.68254716937768,0.03639655184791811,10679.684110105467,11300.156288684148,10869.994784430808,10960.163126040272
2024-10-28,10821.822909644614,11172.861469704945,10477.667956417417,10828.49435168423,693690367.6625187,0.034766996795281946,63.87484921083598,0.03927935305807935,10683.042200127284,11264.27398563328,10863.610102469796,10950.409883495378
2024-10-29,10118.82032749216,10144.3801425563,10067.898865786488,10093.394455915872,479064756.4271404,-0.06788569785364695,49.6237914570289,0.04097974776134068,10644.800230083703,11215.688255910145,10745.115387615346,10886.92725923023
2024-10-30,9662.364457369044,9726.024603829543,9551.050292418367,9614.394389785335,531863888.80990654,-0.047456786537237616,42.043074694772145,0.03470124640102417,10595.04029299234,11157.413494474864,10571.158311026113,10792.665565197274
2024-10-31,9859.80707755514,10150.936961467396,9631.683621121534,9921.388708940522,392926574.97840846,0.031930697525925034,41.82528857123534,0.038847790206513605,10556.00489860141,11101.2268806943,10471.193756859098,10728.126538807886
2024-11-01,9945.809680409755,10541.235098666051,9447.962414420428,10038.736299542717,657667299.7475117,0.011827738439120994,43.85977168064046,0.04019452754207821,10545.236461365652,11044.311672122067,10404.661840348885,10677.060595158615
2024-11-02,9531.222831878262,9663.813253322407,9313.975800841463,9445.371936239113,619436842.1421107,-0.05910747584141973,37.82037715158653,0.043894563765056585,10518.359875425525,10988.554374756925,10257.078778178151,10585.824398201614
2024-11-03,9355.997270506183,9656.8384910544,8995.222524419642,9294.072561726483,550845421.8353449,-0.016018360688596966,34.833279809522764,0.04318358515521593,10493.924240233206,10942.408627431849,10108.923975647125,10490.139076981235
2024-11-04,9681.531405182626,9907.771492092654,9441.894126618206,9667.813654203066,392632978.085106,0.04021284426115512,38.843699852949975,0.044285442384734926,10471.079593041593,10902.909294126513,10041.060849271116,10429.22608270137
2024-11-05,9550.650441929207,9824.78506574539,9339.75827877062,9612.526587868819,643665432.0029012,-0.005718673146974829,32.30974842012061,0.03770705795007626,10435.628089184713,10856.926962168029,9975.13250136307,10368.729823824886
2024-11-06,9691.673552094639,9819.424931974114,9549.291915982776,9676.84787024209,390063042.9386788,0.006691402284852543,26.97109847050487,0.03314243609062688,10387.211150988549,10813.297341739199,9929.242558113689,10317.479308744678
2024-11-07,9708.050281421189,10006.004116263162,9493.782001754102,9789.928682367967,762769884.31174,0.011685707333853879,33.31694973205583,0.03083761892415499,10347.205732279985,10777.38024881472,9907.809654152808,10278.401484568625
2024-11-08,9901.511960958871,9955.204874099023,9857.266499513818,9910.917383993712,370161430.9020987,0.012358486517235923,36.0246212553503,0.03087644771936123,10309.493610193791,10744.522438828195,9908.287766436024,10251.180440081594
2024-11-09,10033.820409321026,10136.645236207956,9844.719107183564,9946.650633539,500731961.3220834,0.0036054431856125113,38.26214796209444,0.01758270403503731,10266.13520010991,10723.517131985382,9914.189745990328,10228.622676633995
2024-11-10,9706.941697532528,9805.925368489978,9690.869762318267,9789.716381935907,703509292.562886,-0.01577759764416864,40.79697730176619,0.017529080945733404,10212.670394368846,10691.613999456353,9895.039997674265,10196.111099248952
2024-11-11,9592.544773912998,9676.958929753622,9484.349832967726,9568.552860566588,1040843211.8985496,-0.022591412533402133,32.125221759808184,0.013696098899115626,10123.700480477957,10647.62425637942,9844.811207350007,10149.625303791
2024-11-12,9769.665047813447,9867.321466840027,9706.162592746474,9803.598445962389,471236357.08803165,0.024564381763982235,45.208876638709974,0.01658074295453003,10025.338097694972,10604.851491940231,9838.47078252114,10123.993684692583
2024-11-13,9372.798305191018,9470.95110823698,9341.080436760058,9439.009179952602,516638362.9491713,-0.03718933083799891,46.98639499917285,0.022249328823267796,9940.727820841024,10553.809437380249,9777.015151356749,10073.25409174888
2024-11-14,9449.250360741331,9515.89166107025,9314.755554448466,9380.914915709032,624155842.0723352,-0.0061546994113487186,39.84449946041977,0.021240918537008588,9857.576913114635,10514.974037666007,9716.076653564793,10021.96970833852
2024-11-15,9360.09285974106,9492.04062953465,9262.969281506836,9394.559414345033,322738961.789396,0.001454495511216125,37.405074162905535,0.020046403775336997,9784.07789723091,10479.563284889065,9666.612462915598,9975.49487174641
2024-11-16,9487.365420299897,9924.958137196705,9002.53490157443,9437.843481761964,236559143.93293393,0.00460735469412632,49.81246442567035,0.020141771927488138,9732.736609814121,10444.380583291928,9631.417235045808,9935.668842858673
2024-11-17,9452.748830385486,9554.961831244458,9391.652624642638,9493.601580821003,350035381.13684434,0.005907927925143941,55.21872137524906,0.020287366902684574,9665.99197127096,10407.985494966044,9610.21482670353,9902.923119744772
2024-11-18,9499.890466267934,9574.204375698637,9385.785491037352,9459.785676459536,672381244.1616575,-0.0035619679289872197,43.38224190108013,0.018618548750700858,9634.311532298143,10365.059605796547,9587.071880512147,9870.098123945865
2024-11-19,9774.382700627253,9980.573693596789,9608.011300530068,9813.535861018692,287962611.1085426,0.03739515848011821,55.3739941377715,0.02194460930321519,9644.268605859812,10329.148979003767,9621.912492897769,9865.908326692
2024-11-20,9727.130157393305,9905.779798211897,9546.241897647484,9724.849654475573,515302226.71674883,-0.009037130734437793,51.26682622938336,0.015572514901993507,9634.441653136566,10294.312350740609,9637.748979294354,9855.459536157452
2024-11-21,10300.509357228177,10503.374120327659,10117.618599078425,10320.134900718043,632829440.0567961,0.06121279684447445,61.15390927009493,0.025581916693165008,9648.51158319533,10265.027500517584,9742.731428744153,9889.879933532311
2024-11-22,10284.88834956638,10393.823372051384,10182.503713664519,10291.374170700412,379713068.0991702,-0.0027868560144141963,58.326751589837954,0.025975693334871233,9690.811694918395,10244.531281482277,9827.138004429731,9919.620247396615
2024-11-23,10304.60364363486,10334.630324492913,10220.288293265543,10250.156319557133,523803517.07845396,-0.004005087217664904,56.62667582694076,0.026656130251989086,9738.615882809927,10221.182128056127,9892.217745218562,9944.104400889988
2024-11-24,10576.593420713369,10736.639812960655,10333.932276829384,10492.709323975103,275986834.81588507,0.02366334686576277,64.79581181572703,0.026806321671502265,9779.86066629853,10208.338105902085,9984.60106502726,9984.741802599996
2024-11-25,10037.435068621866,10097.364499823487,9902.732457428661,9962.212766945075,265302971.71945748,-0.05055858698171323,57.330775118913294,0.036333790300632544,9797.344975252343,10182.507652153965,9981.156711476155,9983.072985144076
2024-11-26,9892.627296933935,9955.959427161299,9859.521851683343,9922.753166395056,478006987.32605124,-0.003960927303314321,52.393246098880915,0.034044449341982565,9809.64024005999,10159.590556389147,9972.171550694447,9978.604850421927
2024-11-27,10390.618368789723,10736.010354036362,10020.176143183322,10364.706808642988,313235529.69666845,0.044539417119099145,68.03241597295305,0.037022046488216324,9838.379146373742,10151.658041537048,10032.561590378838,10007.204995475338
2024-11-28,9531.166330199669,9735.837430961488,9406.70100130507,9610.338214473912,719369401.110151,-0.07278243447658539,53.515490271623655,0.04044838066473559,9823.350187897751,10126.700128690778,9967.604147931926,9977.8074561419
2024-11-29,10033.456315491881,10401.416585923194,9653.807676685363,10021.3229771774,684621987.5749247,0.042764859418216394,58.561467840446305,0.04508996784773413,9827.083805079672,10114.934725602074,9975.868583200461,9981.030828070456
2024-11-30,9612.168685233592,10143.40874526477,9124.663625517336,9653.792623896561,678401167.8433048,-0.036674833663963735,52.709782893085816,0.04687804798717417,9820.287617177704,10093.968646144822,9926.318435615245,9956.790961094612
2024-12-01,9904.945159911616,10057.20211332819,9782.593726290663,9934.485777444093,542926433.1956798,0.029075946053856327,55.23670689417132,0.04751939280820784,9838.58426302158,10087.576260808548,9927.57494974276,9955.138725268647
2024-12-02,10093.460176970237,10264.073538426012,9924.151065392216,10094.742910103158,702419981.2772018,0.016131396858297675,57.32192885332882,0.04382571692757004,9853.141486228618,10089.813045909777,9953.293097490514,9965.47977599713
2024-12-03,10694.033770566599,10766.575132872871,10611.46366269844,10683.936531911904,429224616.56798476,0.058366382091718405,59.51998258756758,0.048339318464429196,9915.387853826584,10107.83607123656,10065.699779709188,10018.69879495378
2024-12-04,10695.220126428258,11183.671215139184,10166.358577318775,10652.875799072974,510135278.63879526,-0.002907236742389352,60.27984252969013,0.046236687141264936,9978.98589799478,10118.399455257311,10156.034551919,10065.67486933298
2024-12-05,10385.226036510185,10494.858144158841,10211.783340645647,10320.734641975481,492728785.6443858,-0.031178544025304067,50.007054665868786,0.03617248770182368,10025.294659376303,10118.383014796693,10181.373027312304,10084.568185825017
2024-12-06,10064.390081813493,10078.248133299345,10060.319412689005,10074.173507145459,278318279.1085547,-0.02388988220152788,47.56963121105423,0.03511223868564418,10057.111160645478,10106.962752256295,10164.880793440481,10083.798209626531
2024-12-07,10052.335795252813,10282.354548588524,9919.837206388074,10148.58728085372,148600352.63417393,0.007386588453681231,48.871873089240204,0.0308681487489468,10089.860445647113,10098.133756742584,10162.374099196364,10088.597400087805
2024-12-08,10079.284087950833,10105.896668045387,10003.59607221003,10030.078734206616,230848876.3339358,-0.011677344182739802,44.71596098153833,0.029965775960040866,10118.375098534467,10085.432134912364,10142.020966121017,10084.262684096606
2024-12-09,9869.544078874405,10319.005892636324,9468.904560417754,9916.461818073572,638646689.655099,-0.011327619567487957,49.42244488648078,0.029563563593102242,10123.521396387212,10067.484994569504,10107.319558729103,10071.832990317122
2024-12-10,9758.704245759855,9869.939078078243,9605.665936441903,9716.41877679379,560767796.1497096,-0.02017282423406186,47.4967478741419,0.013047527808882036,10123.099852503121,10044.633120170236,10047.1809768929,10045.506011537616
2024-12-11,9674.500086958216,9932.066561912165,9394.110438850674,9651.05266768602,358765459.9774042,-0.006727386973468641,40.4712433192847,0.012608231117399494,10089.645740851522,10010.69515075627,9986.238160091842,10016.287245326388
2024-12-12,9899.743178458231,10233.47104764459,9503.360845984747,9834.902900090134,503222810.53838605,0.01904975951687482,53.53732000860619,0.015191283911318876,10066.822177321008,9971.976286725629,9962.955812399272,10002.851367901481
2024-12-13,10029.817715788438,10100.652230269476,9947.715737441136,10018.470110675193,432780418.4040418,0.018664872693697543,49.951593873259,0.015702502723915775,10055.23786687691,9949.721394598502,9971.49647367249,10004.008311810645
2024-12-14,9939.94916687546,10148.640411359303,9746.789868270507,9955.185039759363,564963244.6491684,-0.006316839818526487,55.70266451759085,0.015379192078100788,10028.361652666124,9927.946433988953,9968.98702230124,10000.39177314018
2024-12-15,10081.914781956115,10498.782724330977,9690.813609869914,10106.719325689886,633611794.9035413,0.015221644331604223,53.42630737458318,0.016089993813785345,10035.586980603364,9912.79002586236,9990.176607437956,10008.267888143862
2024-12-16,10203.133552478897,10475.226779700837,10019.19331955011,10289.725483219538,681710540.5352666,0.018107375067246023,53.8440693094889,0.016116978362810203,10053.935596444588,9909.291150924797,10036.26104986589,10029.116598890208
2024-12-17,10309.584709069266,10468.856937719538,10112.08951751539,10270.76197581386,564699976.9631175,-0.001842955619817288,39.491561141611264,0.01230782934984442,10049.238354803132,9898.13650340739,10072.338115396347,10047.016256440109
2024-12-18,10442.374055440665,10523.452569988505,10306.501486675274,10387.151230467132,589046730.312088,0.011332095410968579,43.52285106178753,0.010453894214832655,10088.079005602793,9904.011638898415,10120.770902330314,10072.21143970137
2024-12-19,10608.320483661657,10820.55099911962,10364.900922233142,10576.494730301769,466740138.32496256,0.01822862646682788,56.7007324544907,0.010347369641724736,10115.837593259012,9923.253645708743,10190.88226047977,10109.565757523622
2024-12-20,10993.119729140328,11142.32233724191,10928.215955981348,11076.923781949436,589348390.7961886,0.04731520833778058,73.1869432997933,0.017391092838726505,10186.994151161654,9946.364347168921,10327.196340705872,10181.22190748109
2024-12-21,10884.126781739054,10968.233166230084,10799.7569591901,10883.861292127356,535015487.5529922,-0.017429251444041505,66.1176057227402,0.01993709681339345,10234.46292689582,9963.266847020614,10412.837102463025,10233.269269306738
2024-12-22,11278.37436544772,11368.372679511425,11235.674998933484,11325.494916924079,476300784.540793,0.040576925131907915,74.87271864346643,0.02254301016390212,10296.000527236863,10000.869306634313,10553.245996995494,10314.174872833948
2024-12-23,11577.406629074532,11633.097544257907,11571.567520715684,11627.233305628275,334792614.4816975,0.02664240202459478,80.63469990354291,0.022865841267101148,10343.165365922683,10047.53252151235,10718.47481370823,10411.438460448342
2024-12-24,11304.409408000865,11370.827909914917,11256.236345197005,11322.577425195259,508725729.8131699,-0.026201923744451294,77.72274437324019,0.027701355306583863,10376.650447228796,10080.627796932193,10811.413677013927,10478.93023561478
2024-12-25,11583.774595613286,11680.748044728265,11498.301738925371,11595.190950518407,550384353.0578264,0.024076984867113627,81.31593226742251,0.027887993598110936,10440.373262655943,10120.281084185186,10931.994796014615,10561.616214496531
2024-12-26,11814.414650376353,12201.759046839601,11450.658806413661,11837.298624645995,399308501.3700451,0.020880007510075904,81.66013610361205,0.027938529898845432,10528.52951853097,10163.490099273264,11071.27230811175,10656.111207840935
2024-12-27,11393.032435824965,11482.551127581983,11340.642479209982,11429.99121893233,406603905.74134773,-0.034408813921921855,70.84305972130528,0.02994382679025564,10592.5997154349,10196.291350004549,11126.459832853378,10713.435653106964
2024-12-28,11280.236529613168,11536.754894258895,10927.59432433104,11181.875918221698,721001124.5787311,-0.021707392066903752,67.17621415389605,0.030513220416270092,10650.189574635655,10221.71052068911,11134.985384448504,10748.134932004352
2024-12-29,11381.052382471136,11455.592450424056,11227.108873280025,11301.125460804944,736053418.4952074,0.010664538173681626,66.87674461259166,0.026397422879771766,10719.422756772223,10248.800017234427,11160.54539619565,10789.097193396989
2024-12-30,12055.905150917533,12192.50983756957,11877.397114280153,12013.52155513156,373962605.2152191,0.06303762371255672,71.18724006212449,0.034775952643265176,10834.277895689112,10293.276120698343,11291.772497570406,10879.795294266216
2024-12-31,12018.316192282162,12504.275215181031,11618.8880921454,12102.063768788457,252623949.7430678,0.007370213076204779,72.13008626202554,0.03192278019964573,10956.828450744233,10343.946338862781,11416.432693142415,10970.33369978638
2025-01-01,12046.717880009115,12099.273237573354,11923.13518712696,11975.379321044073,499349132.8472124,-0.01046800365331968,69.1450622979977,0.032051584687222856,11063.85227179193,10387.381956364412,11502.424482050363,11044.781523583246
2025-01-02,12362.84562456412,12592.847488021494,12074.773485618693,12303.67451304482,434940276.58353597,0.02741417897501086,70.14518242725,0.03267837863142244,11178.112491910413,10444.675263026256,11625.693717587972,11138.032856135955
2025-01-03,11960.810772801016,12399.083029781305,11531.7962360772,11969.747931914155,652356632.7220776,-0.027140394585099203,60.834381045932986,0.03126586999673972,11278.84063651815,10496.451923350362,11678.625135176615,11199.641380267673
2025-01-04,12102.291114246138,12124.888830942562,11962.048046301017,11984.425681557399,316159291.2219831,0.0012262371544273787,63.95966679478066,0.02886259086368838,11372.725954311527,10548.249248694607,11725.67137308135,11257.773550733578
2025-01-05,11835.985885504155,11874.628587248673,11743.738933232971,11782.206051964173,572111268.5370773,-0.01687353528374902,56.16755544467554,0.030627499987822746,11447.34998274876,10595.136500098652,11734.3690159864,11296.620402676584
2025-01-06,11944.12908781665,12137.37976170646,11730.807681462738,11923.728279383968,230034899.19709504,0.012011522018510412,54.18504709894919,0.018603640435773967,11529.998297927265,10643.73903406991,11763.501210355256,11343.072837988242
2025-01-07,11946.872103580126,12133.166233183061,11821.174485916354,12006.837694566639,180827919.07927582,0.006970086304831868,60.302744359137236,0.01857450457233567,11610.98262113224,10694.680074432052,11800.937592541623,11392.240605142199
2025-01-08,11979.844338715098,12293.182984866002,11775.30406289233,12086.816301770321,317695988.76589143,0.006661088392980741,57.85812968435986,0.018241535848431353,11686.498699705666,10740.145683247083,11844.918932422961,11443.690656744282
2025-01-09,11496.499826654177,11510.516928709849,11371.85911456193,11385.741174182196,367773658.92824864,-0.058003291361798937,43.70581376232924,0.025224589141958582,11701.939569317305,10773.363513641218,11774.27620038592,11439.398102480423
2025-01-10,11477.161675503392,11599.364427961676,11401.303992731455,11523.202441225096,555381085.1825316,0.01207310661115324,51.40494576642875,0.02532823763986896,11733.906626772192,10797.42486445136,11735.649468207332,11445.605831276325
2025-01-11,11562.444407777355,11781.83583960022,11412.644628149086,11631.145981691829,429612274.6407061,0.009367494931839193,57.07048346568058,0.02585047521171139,11749.189180010579,10824.220300671186,11719.572008743407,11459.349546121919
2025-01-12,11183.644024372172,11533.095986900365,10915.50163419794,11263.04974152959,545307077.1655827,-0.0316474611136035,49.444300703742215,0.027621932348385215,11730.980001805645,10844.478169110636,11649.337813787435,11444.808819855822
2025-01-13,11407.373409053234,11426.223875800513,11341.254918562614,11360.027146515073,461052814.32288504,0.00861022611201867,38.374094178020975,0.027278399643118723,11732.852487871638,10861.824525561435,11604.828480360919,11438.528695904655
2025-01-14,11350.762411123102,11545.792376194777,11124.319163181264,11318.79994589395,501578510.49514246,-0.0036291463118351963,35.826843064761164,0.02668956242098932,11719.032937640413,10888.956269140413,11560.824090442922,11429.659899607566
2025-01-15,10983.024721993834,11039.700487941242,10888.288262160922,10944.766604523642,267042577.08750483,-0.03304531780385378,32.88327824919777,0.027247767226493493,11674.406336634294,10909.396537902983,11466.04601568611,11393.741877749497
2025-01-16,11010.707968334307,11046.781222398291,10942.134287319046,10978.100713576081,592821775.7311453,0.003045666504999822,25.593195418608317,0.01934935786520958,11651.811811366484,10921.664416001646,11390.977507669182,11362.953643366282
2025-01-17,11016.094805086926,11050.686214678404,10911.072602453392,10945.442157138286,600074595.2411337,-0.0029748822032036326,28.786818989667026,0.017914974904492183,11639.990123312313,10948.366494854934,11322.433607587507,11332.026866608652
2025-01-18,11178.068127048848,11334.350807977335,11107.480850243719,11263.22577754792,366129763.68567276,0.029033420107417385,36.73006330089295,0.02201550879339355,11638.09513914946,10973.204550862343,11313.32471065834,11326.930489641192
2025-01-19,11414.821339782437,11432.37992066759,11288.508735366113,11305.899770204538,182191248.03481862,0.00378878959717599,40.689413149155044,0.0184904892680612,11602.714049903112,11006.246693788504,11312.182412126986,11325.37265857181
2025-01-20,11178.464458022092,11286.157317393552,11055.001970446787,11162.541428012659,269691834.3003582,-0.012679958703480154,35.13138941967928,0.018720106252728536,11555.73793286432,11030.807806799876,11289.160722263243,11313.3110859378
2025-01-21,11201.380520880568,11328.541417510864,11059.941627768481,11186.938575795959,588647503.3405728,0.0021856266281865544,33.60856435068969,0.018782876614014267,11516.315895601914,11052.65172011373,11273.434238191354,11303.950159260627
2025-01-22,11071.596644347488,11455.608895006195,10625.70426116317,11007.493116142656,554516536.2596235,-0.016040622591917297,29.247499193700747,0.014677110046543596,11451.506825756805,11059.122851798345,11232.52021941463,11281.990378288925
2025-01-23,11437.608954348614,11489.495017558675,11372.004538731228,11423.828085814119,588568693.682278,0.03782286895650211,50.822353873317745,0.02032176135968468,11424.210833451805,11074.54189753317,11261.952198860705,11292.496875142644
2025-01-24,11864.47937013416,12278.885741867272,11475.780995453768,11889.371851662763,623293493.8316642,0.04075199332058821,56.92503867889307,0.02360314838278472,11419.458141957073,11105.914641726915,11358.478299291792,11336.709836366357
2025-01-25,11750.50112698468,11758.754947348514,11656.247733211874,11664.441103049354,691808916.5489208,-0.018918640229252492,50.60299882044962,0.024805249384081043,11413.569894511333,11137.719993644992,11405.549499869878,11360.986226491023
2025-01-26,11500.786801823548,11529.442082197473,11489.514141832653,11518.152401067138,616296624.7677572,-0.012541424033078785,55.02370873183829,0.025719163579363657,11393.291100595492,11165.111296049263,11422.873023130996,11372.628165348513
2025-01-27,10493.672222324705,10762.298300404129,10323.024066514881,10590.082323003004,464416963.210929,-0.08057456141821417,38.5767575893915,0.04090848073172455,11322.45333201731,11176.31136782519,11294.75137695746,11314.661806656253
2025-01-28,10651.36091034246,10788.823539875635,10448.61615213685,10585.22525875881,378005568.5957794,-0.0004586427277948335,38.99762262487533,0.040824238555124744,11247.373779866733,11189.686636638893,11185.593512619205,11260.629469774962
2025-01-29,10593.578595658919,10649.896442391935,10553.28401348618,10609.541143795397,264343445.7216558,0.0022971532907594128,44.38293716750545,0.04074596192435903,11208.563778347394,11207.549083978927,11096.970071261696,11212.400704887586
2025-01-30,11104.199843137194,11471.227651321124,10674.146862570342,11039.020286824796,667988880.6319549,0.040480463500588204,50.901140466742326,0.04121589587164003,11184.354670627377,11235.308436361702,11088.054719809865,11199.55771095701
2025-01-31,10656.818619704027,10924.182884706517,10444.62548219949,10710.912654371006,683678508.203754,-0.029722531884952663,46.80963161290914,0.036793300309903194,11138.343004261336,11252.82863144732,11030.032863588502,11163.361780839528
2025-02-01,10474.63702054949,10543.955770626302,10415.987779332607,10485.247121682027,751011910.6532445,-0.02106874922529478,39.144893227059356,0.03684813870380038,11099.45287326896,11262.164171667457,10946.219672525967,11113.13106534638
2025-02-02,10449.470953393085,10594.166978862762,10271.702884552871,10415.934524020588,359277347.55256057,-0.006610487750747462,37.6739771259815,0.036969006866245824,11052.248242144235,11271.379161352681,10864.637341986678,11061.486877100026
2025-02-03,10264.087118389556,10373.30716575535,10129.079353638985,10238.022042798657,374498019.6914689,-0.017080798733098757,37.31679938869674,0.02294610813413673,10998.209346989472,11274.005215694855,10768.234988265443,11000.489481966591
2025-02-04,9640.989755319228,9843.369838504832,9459.219533902606,9661.218231495362,396796204.5205987,-0.05633937970557634,31.823973414025232,0.029926140420043747,10934.031928338056,11261.435070660373,10597.924717993124,10901.284204153908
2025-02-05,9863.356859187308,10091.972031789865,9649.170243807814,9877.478753993659,294253960.82829434,0.022384394733294677,36.65510620298857,0.03244711105314444,10879.000830358935,11253.569406223967,10487.086877377822,10825.446763401296
2025-02-06,9952.12074682513,10094.163767621838,9739.42586396435,9880.445895525623,406498383.1587355,0.000300394625578404,29.80138610376592,0.024723570721814917,10825.751017278302,11243.435299525137,10393.757495554408,10755.446699114209
2025-02-07,10141.150187097963,10164.297627746588,10037.374922627407,10060.33790713253,562086538.3244176,0.01820687178585456,24.12864710133401,0.02667164004422049,10765.606623757532,11233.112163061753,10342.462174258735,10703.957158967418
2025-02-08,9870.25577460989,10159.821779858876,9664.462628730016,9952.317657741694,625838240.785226,-0.010737238688002027,24.953963394372508,0.026147436713877224,10697.92751813439,11210.620040577596,10282.439940948421,10648.280158876623
2025-02-09,10197.684670125682,10266.878271073532,10177.41474632291,10246.51129465629,468935821.0325952,0.0295603141933225,32.16921169968758,0.029610772936735894,10652.126011466571,11197.873040628177,10276.912456903478,10618.519502267709
2025-02-10,10279.065670701359,10327.161647727917,10141.467834060035,10189.143061195551,343460107.19666374,-0.005598806443580129,42.56185411381475,0.028943934617854116,10602.236235736553,11175.146003513606,10263.409472948411,10586.713839966067
2025-02-11,9767.02786979374,9862.803719027248,9725.441062243483,9820.987159435348,350751642.01725197,-0.03613217515438494,37.50614028722389,0.022775793154960994,10542.910937901186,11139.021080589748,10195.344501638709,10529.99334511194
2025-02-12,9846.267141574946,10071.454406176008,9526.059840677233,9749.02310315696,509651576.6301153,-0.007327578695513259,36.14794721888481,0.021180198509794114,10459.170688768329,11107.549994148982,10126.679671103055,10472.143697559717
2025-02-13,9367.43486312407,9738.242845222272,9064.958941208768,9433.629488602592,310674547.548899,-0.03235130445554457,23.172101443885353,0.024070741302825237,10336.383570615319,11064.318764910666,10020.056566102985,10395.216719118449
2025-02-14,9265.841501169252,9794.45822417068,8667.432166411145,9191.826319585973,480357182.0718449,-0.02563204006567754,23.86035104370231,0.02225416973298972,10212.75283144215,11011.409318809465,9892.63652817729,10306.076689523452
2025-02-15,9166.360893628107,9200.43384879734,9059.458311302193,9093.259536031275,470348438.2056637,-0.010723307874591859,24.951765879134314,0.022254364979622455,10091.508188190357,10964.674685151442,9769.655452462519,10216.238381857365
2025-02-16,8748.001177286847,8801.829823593378,8744.32837146082,8798.13596891847,361180638.3868872,-0.03245520112379974,23.076404668673035,0.013157842739216948,10001.91087048613,10916.99988616538,9620.190916532665,10111.193758676707
2025-02-17,9190.898305446557,9308.812914879582,9050.893327488458,9168.520845346744,435280611.80206436,0.04209810779655454,33.27282666673979,0.027391710494318953,9931.075649815528,10874.347793856217,9550.703213273293,10041.36613546708
2025-02-18,9228.511508141142,9303.402151686805,9078.020674643662,9152.292792803426,407139457.65878654,-0.0017699749847386315,40.34781270865017,0.025940013262537916,9858.213232265927,10817.123218609653,9489.409302431775,9975.508850825328
2025-02-19,9034.538340336436,9146.973578776244,8911.703544962878,9024.007729474015,487405979.44781035,-0.014016713214232368,33.25441473029251,0.025959647832703873,9757.46260439839,10755.562097823364,9417.809060438274,9905.027286280787
2025-02-20,8368.400459097275,8542.37071562214,8241.796857285559,8415.061194301801,421065853.8908013,-0.06748071959017565,26.771823571139677,0.033223716367741817,9642.67003139493,10684.355735288518,9263.54015795574,9794.659427615677
2025-02-21,8282.495442268862,8544.227654406544,8009.678247056329,8271.04873586938,459267916.102681,-0.017113655516841297,21.311206644513717,0.032954699187612145,9531.960112104298,10603.70321974501,9110.849169942454,9681.799376375211
2025-02-22,8487.593107640307,8583.914439287146,8335.364631723407,8431.044219099722,381864359.3031022,0.019344038264033303,26.008340352029435,0.0353971475758924,9432.715596858254,10532.92914548872,9006.263792889726,9589.150846206656
2025-02-23,8897.766900685185,9123.620966239658,8698.99810914025,8924.260333210701,336506401.0193,0.05850000323727933,30.378795475423317,0.04195266451534585,9367.027511378856,10471.725838521788,8993.64787601603,9539.899697095845
2025-02-24,8802.967730137603,9016.582059836795,8622.161007389519,8835.115053827465,489535430.9271384,-0.00998909445206242,30.094971404099795,0.03827796259544524,9325.72235249546,10412.784018559054,8969.258211063943,9487.693427224114
2025-02-25,9102.67872837574,9346.113183493775,8827.34393326181,9069.901830329807,588990110.6164217,0.026574274932688047,38.50796535064872,0.04008929818874484,9285.343506312269,10355.70748957797,8984.741844797152,9456.74590152824
2025-02-26,9227.304196109753,9410.446302750772,9051.10195908746,9234.11402694346,707270074.8914568,0.01810517905105935,42.3378905268725,0.04013564043771055,9253.02691288316,10300.253016225506,9023.106795896583,9440.254651558998
2025-02-27,9381.942601379269,9441.209429884611,9346.13803057558,9405.315659822145,524612844.1784846,0.018540125493268667,49.55978484329499,0.024871436421603884,9220.27580051764,10246.623003386541,9081.908159577439,9437.666578097009
2025-02-28,9865.36436570341,9975.189724845219,9777.875574744497,9887.504588244134,327338881.8859172,0.051267702846148566,60.06393436782117,0.02292202270474668,9217.035147042763,10216.658271667782,9205.846071680007,9470.98791218198
2025-03-01,9890.81353399841,10002.341663578585,9748.614598628084,9859.792942159378,460869568.8518963,-0.0028026936258217505,61.32103538679676,0.025396539589014094,9197.699229417918,10183.390081686468,9306.453282522987,9499.788284772898
2025-03-02,9394.822369809213,9466.794816229898,9246.514704333456,9317.897842494476,848077317.5060962,-0.05496008920712914,57.154898163130916,0.033720229864179094,9154.136968482864,10137.12511890252,9308.213984057062,9486.3149186782
2025-03-03,8947.204795510926,8992.633342579751,8902.801247220317,8948.224732504752,624971125.5370425,-0.03967344525970462,46.96687028312915,0.03778672142598046,9110.498847136334,10090.828618722024,9252.831022279785,9446.456386369056
2025-03-04,9128.016116982124,9155.005786006122,9089.56191419764,9116.51758442233,436154095.31090987,0.018807401126867962,49.527228610710694,0.03706697653093675,9078.873571199601,10045.958427480167,9231.859724147867,9422.016475113744
2025-03-05,8838.833625776579,9039.692286263742,8726.480825743589,8926.228585310102,450473032.2922603,-0.020872992055363415,48.72867718429453,0.03705401604406747,9053.50352603498,9998.107000268492,9184.839548942058,9385.291446239398
2025-03-06,8830.897258706034,8907.87164258509,8789.970227259677,8866.778319395535,644532508.6567042,-0.006660177402627254,56.85235765115357,0.035670017419284494,9037.251126025456,9956.54723456593,9135.907052088747,9346.883066473187
2025-03-07,8689.969425561872,8703.122231551126,8596.860910947185,8609.89251558237,637917489.8849546,-0.028971718312979844,54.969922666110804,0.024721231645084808,9013.082775003011,9909.183070606055,9054.981738780074,9292.291173814609
2025-03-08,8535.938143535006,8932.13205068897,8092.17215416903,8486.05053781566,428509703.99479395,-0.014383684528300411,50.815442224248464,0.02380326777345984,8997.47850344787,9859.995238219602,8967.453861708625,9232.569645222093
2025-03-09,8130.5151327944095,8176.307786661103,8089.659313424756,8135.427283744507,589766101.2702751,-0.0413176014576746,37.789709904749884,0.02094194500780161,8945.82382536776,9797.439268343534,8839.449772791068,9151.299840668198
2025-03-10,7921.295793295343,7954.312445852854,7911.422984725834,7944.410827564028,487895243.5304809,-0.023479584970558465,36.63436701717543,0.019091607361924164,8885.42972710579,9730.209489490726,8701.75147352537,9061.900654512334
2025-03-11,7885.617624954977,8007.814418788335,7796.2102038228895,7918.039398402726,224121594.615668,-0.003319494640156795,31.562257529088853,0.013136420450001572,8830.131310552224,9665.319448898525,8581.180385044963,8977.170191096806
2025-03-12,7769.028547151979,8117.604837550086,7453.394616425297,7800.684801621243,669119495.7726811,-0.014821168584379096,26.705813430453787,0.013257069455135087,8799.412490918196,9597.594373415031,8461.104141441314,8890.023125209727
2025-03-13,7709.860957931648,7855.0727949985385,7560.925747801584,7706.06611058937,798963938.5894039,-0.012129536500719684,21.681185852783187,0.012551432530290734,8771.163359654196,9531.565833303965,8344.944444387169,8802.322605608219
2025-03-14,7835.266086789164,7900.228923935765,7756.143215176297,7820.987668781939,547905377.9953355,0.014913129026319805,10.756560830011665,0.017266364251605455,8740.660532138307,9459.509024963321,8264.335709678671,8729.631128806272
2025-03-15,7903.0288212830865,7929.943655342108,7837.486796702248,7864.269631094336,535260713.95104593,0.0055340788331836865,12.327520978925975,0.018680744470599697,8687.66099703249,9379.006980551952,8202.787082204159,8665.530277123906
2025-03-16,7799.265745068852,7939.521977839734,7594.091607329339,7733.159025701223,349596987.26364297,-0.01667168237400174,14.590506655029799,0.013560358044808181,8632.563195626175,9300.38133900499,8130.536611972937,8596.465739981486
2025-03-17,7607.981125737387,7664.432108324769,7586.748223986718,7643.101190966259,641238116.8431278,-0.011645672154892428,16.674003208744367,0.011808143860534559,8561.223163657998,9222.880314802973,8055.546547202679,8525.846143758135
2025-03-18,8078.840191816846,8266.40808142829,7891.58887636603,8079.149594640456,325822950.14732075,0.057051240429680794,26.697490574106112,0.02651299131326871,8503.474942042849,9172.661660235723,8059.177785270029,8492.757510490159
2025-03-19,7939.024740203124,8135.647432111184,7807.374671167939,8002.937519817685,569483515.0774579,-0.009433180303200284,28.139660735122078,0.02597620988235106,8433.356035042625,9121.015905456901,8050.525436738899,8456.474548218124
2025-03-20,8153.405561236145,8217.452813858694,8146.907054100396,8210.908475187418,439380487.54410607,0.025986827318685624,35.49163127377322,0.026039855680973997,8349.526229389789,9073.043252084739,8075.199750346363,8438.284468734368
2025-03-21,8326.010829216086,8392.58583336268,8250.771491791524,8317.276657266793,430938023.6164437,0.01295449613167765,43.06531097120648,0.025981082220344398,8272.40041514516,9018.60837949358,8112.442351411044,8429.320927144177
2025-03-22,8029.408979410721,8143.95585220347,7838.468142604683,7951.90941310644,559083794.8562894,-0.04392871118951325,38.641690903806406,0.032916546329974185,8204.100993675758,8963.42831466829,8087.744976287258,8393.95711128953
2025-03-23,7838.2735250358655,7872.464701927326,7757.413071925516,7791.399781794795,455614810.14289284,-0.02018504273289279,42.0408576304374,0.03327433861139719,8146.25974614026,8909.551367870543,8042.153407903803,8349.32323503066
2025-03-24,8059.766001425503,8168.706781825722,7902.061330674268,8010.333956999593,574633223.2406561,0.02809946624948645,51.50569425778964,0.03403120705362149,8090.950564769123,8861.439356530123,8037.258107764694,8324.21291813947
2025-03-25,7864.723329311876,8128.878492863779,7633.376443747918,7896.59410395168,263781736.9273523,-0.01419913996825628,49.52898453071182,0.02645511335531163,8039.468840701203,8814.610797753185,8015.61749179346,8292.537450421856
2025-03-26,7713.585450975915,7856.5830840423005,7612.363226118131,7754.8197582465755,471573429.3568035,-0.01795386008686417,49.00333056483415,0.02699325849642405,7983.870912643755,8776.482828288208,7975.494763555478,8252.706510260725
2025-03-27,7498.043594587848,7514.513880960483,7427.137389996385,7443.487838585564,536651623.13554174,-0.0401468930763913,44.78520666608584,0.026240011484166235,7925.550678793914,8727.803009980045,7893.647544329337,8192.764386432935
2025-03-28,7529.870373211541,7594.746147905655,7435.943964591728,7500.567269929513,172163104.37969086,0.007668371680284114,43.486825312393066,0.02541062290000715,7876.276515399608,8680.205437468125,7833.173655960133,8141.4905259512
2025-03-29,7495.528476591209,7685.49343541474,7330.85626613524,7520.277503853756,453190364.0163124,0.0026278324311899137,42.94002904687491,0.022287908779544733,7845.519026405071,8629.40422940255,7785.035786405306,8095.4747465365745
2025-03-30,7366.130686325043,7389.752478939893,7273.454789703709,7296.854426411409,507882946.2245874,-0.029709419277128224,41.37235756742082,0.023436329937708278,7813.141206347439,8576.294964775943,7709.93096179086,8036.317685786563
2025-03-31,7172.2566718994985,7367.293757940725,6929.639691373438,7123.346757073427,651691396.4535952,-0.023778420014788804,40.05055567727007,0.01704910323494081,7773.4065742809735,8513.831674024286,7619.687237988179,7968.690209585589
2025-04-01,7020.960686299406,7105.514902377824,6996.276930282169,7080.621395806059,450387650.19584906,-0.005997933657370003,27.49698399976519,0.017509057540270236,7737.4034039902135,8451.661240716496,7536.754031498622,7902.907334490809
2025-04-02,6943.701652508068,7007.145547556977,6909.025497139708,6972.3264428330185,427713219.35876995,-0.015294554943607763,27.105031330796308,0.01747137643374248,7700.716420602397,8394.688026384449,7449.919017857759,7833.975416590232
2025-04-03,6868.23533962437,6965.418734990476,6833.2824851539945,6930.150789148058,602525162.2711419,-0.006049007319259059,19.28552805798182,0.013598763192556117,7656.174576620704,8338.310580104271,7369.9546749793435,7767.0254441871075
2025-04-04,7052.387865671374,7081.853314722429,6955.722309636385,6984.905813193657,688395837.4592454,0.007900985954207629,17.236705820863662,0.01364954092715825,7612.206385725668,8289.336106596093,7310.716388550776,7709.090656706111
2025-04-05,7669.838971803539,7740.715972681528,7603.484181759823,7674.322394784292,617528086.1429104,0.09870091308724716,44.11237763192385,0.04371109411386097,7609.264554179824,8258.986028100058,7366.655774125163,7706.515229897088
2025-04-06,7419.826406961597,7494.865614752935,7292.792317382259,7367.300311044069,570728115.3522137,-0.04000640941914102,41.531189284026425,0.045170967159615584,7595.474510183713,8224.466843600316,7366.754933651148,7681.388198870938
2025-04-07,6969.053519610248,7117.051789482328,6770.708320840026,6917.61419985798,486321045.67359704,-0.06103811331159936,30.02079179494534,0.050611521169812795,7537.397740444589,8186.856408219106,7297.65635922143,7624.8123470922
2025-04-08,6877.2580962432685,6923.99247570958,6848.079009094164,6894.739219000853,612696194.349933,-0.0033067731440697967,31.052586446758085,0.050596164619966154,7481.9878254037485,8141.380775692188,7235.669106879803,7570.732856122471
2025-04-09,6741.9153102276205,6952.766633484711,6576.673654786016,6786.433846474585,687149843.810055,-0.01570840739382784,31.45073793015628,0.05061353542669797,7410.764093968106,8094.063596765611,7166.555989894385,7512.636633185592
2025-04-10,6516.388870843487,6667.063445340116,6393.936401074614,6544.090422925279,483249499.36956894,-0.0357099809755308,32.30452224213472,0.05215042095191518,7322.10478225103,8044.465250634636,7070.792056514522,7440.892469462606
2025-04-11,6738.4942274904815,6792.267168950591,6631.474613299238,6684.819230212488,492136870.41874826,0.02150471619313321,34.46176057499741,0.0530450951015951,7258.750273106331,8009.860411352851,7011.411621698824,7384.887044332968
2025-04-12,6522.43587250486,6560.128930875698,6508.884546705207,6546.527551048473,641744247.0442991,-0.020687422412112078,32.25383761106001,0.02683108623095993,7196.5066615690175,7975.369987656432,6939.890995444924,7322.786341126709
2025-04-13,6724.713165180672,6838.931270706019,6555.788358579671,6669.06122540504,452188768.37156373,0.018717354108888307,38.121951476438845,0.029372477573563822,7129.4430249892885,7940.130327782538,6898.224876977249,7274.36225848066
2025-04-14,6896.590985171939,7049.626671315866,6795.9273299714605,6948.209583471301,633860826.0803808,0.04185721927441244,46.813720444388736,0.027444886247935136,7082.02379896527,7900.60931278775,6905.914831822487,7250.202801072559
2025-04-15,7247.770966259959,7461.144329889981,7108.532561603179,7320.508548717426,469013245.7361382,0.05358199990566859,53.89695976650569,0.03368662750686746,7060.308238488813,7870.317182685549,6969.698480575555,7255.410634231438
2025-04-16,6853.145284872706,6960.6412536214875,6688.345506421742,6794.928304584823,484445121.6574627,-0.07179559188202644,47.46223220751221,0.04525052663922259,7027.880261788775,7824.817712170649,6942.810761192365,7221.300832035393
2025-04-17,6824.745413993374,7090.612920197456,6513.227575455049,6777.244621841808,568028202.6606028,-0.002602482609137091,47.79716579406886,0.04240676003601308,6991.714129384391,7775.680324068617,6917.339047446126,7188.40777942846
2025-04-18,6557.526381965955,6628.264225334645,6486.974493162569,6557.710357157258,633031441.400385,-0.032392849444600524,44.12458341981901,0.04394445382029895,6943.585772049565,7718.72821801532,6862.011556632454,7141.689451852816
2025-04-19,6618.427164849962,6667.4337162284655,6558.916426206111,6607.844618468463,615364257.1130357,0.007645086254303157,32.2026248085012,0.0432248615751753,6909.135281652418,7653.135018619805,6822.908950761071,7102.145390120641
2025-04-20,6503.499685282227,6557.296989469067,6470.038112767433,6523.731321865875,265578161.93109468,-0.012729309095358743,34.791006528504724,0.04284784204936717,6879.15450989204,7586.413786213935,6776.881623238733,7059.299903583252
2025-04-21,6512.931468894211,6599.590498120871,6464.405695647157,6550.782707379143,396996314.8597275,0.004146612449013487,42.1971412104129,0.03851525471439723,6852.662575470694,7531.071483511628,6742.09717464495,7021.631963123688
2025-04-22,6079.3778880791,6182.793760135399,5952.213881163061,6055.218784396325,588165144.1619613,-0.07564957427523733,35.13234400939406,0.03504111585458909,6806.80719254886,7473.21136454946,6636.423576145162,6950.045801736476
2025-04-23,5909.924145138024,6052.36855727226,5757.33079569294,5899.524550785287,558374781.8533177,-0.025712404316793003,34.55238732486177,0.028823862485517153,6755.275880630722,7408.871503876719,6523.054495320565,6872.229412777128
2025-04-24,5873.714573509037,5967.762284749513,5807.267868403338,5901.006834505553,589646866.3347601,0.00025125477612752967,37.77332806515579,0.0291231895059716,6701.080931696316,7348.367068860629,6427.354855195179,6800.2869995718265
2025-04-25,5858.330920124117,5946.785439342769,5730.34099465978,5818.189420245121,246233827.5579343,-0.01403445489609767,33.152134850235086,0.028558890515241433,6608.274282969357,7287.39529087762,6333.637095972093,6727.539030732812
2025-04-26,5632.434519192242,5645.452916654049,5576.784265938727,5589.703898968214,425707920.1723978,-0.03927089765793168,32.02892600840292,0.02740721832618046,6519.394462365565,7226.991518545337,6219.185834894574,6643.254946898397
2025-04-27,5215.611329988869,5237.1230435956395,5208.678084166991,5230.170443970382,273273340.1479821,-0.06432066196998332,25.184018916002785,0.030819752280429328,6435.022274571185,7161.873916668432,6067.029620906237,6538.582020755581
2025-04-28,5357.208517192495,5386.770236033848,5339.316692062459,5368.839565917808,539358718.5020645,0.02651330839653432,21.37414011689694,0.035788200532305796,6358.727291917033,7106.542162311898,5959.6157662926325,6451.934431508339
2025-04-29,5586.707436179595,5682.602288631316,5438.8230582597835,5533.809934378716,430673958.66593343,0.030727379061234128,14.984729532833342,0.034476640854392615,6296.09609631224,7058.33014444819,5894.107176767415,6383.925209498738
2025-04-30,5348.234105601174,5411.742118968135,5292.116421368103,5355.547695068063,265196701.70947424,-0.03221329272680684,17.346107529680026,0.03498312153618046,6236.668959919379,7007.080310381499,5811.251871890591,6307.749097318688
2025-05-01,5253.117007630279,5414.884355291417,5112.822119470251,5274.030919710492,238493236.02790457,-0.015220996992079905,16.857862643903587,0.034477275016135574,6166.129544394278,6956.547232743283,5728.602494632115,6231.177380458822
2025-05-02,5181.1449741132255,5229.723308848469,5145.4865649478625,5193.976588133196,480955980.83898044,-0.015178965158909263,17.962631637961962,0.03447241784951037,6098.501996248515,6906.30544229416,5646.352355170742,6154.347692138405
2025-05-03,5329.354120873792,5409.175117485745,5203.715263118425,5282.839583044561,555476030.159033,0.01710885549896246,19.428755305661582,0.03459707881338125,6029.1909141304905,6855.542480579412,5590.427313305176,6089.791535909231
2025-05-04,5505.070747361387,5580.822946135935,5416.975178042524,5492.555156776813,530503495.763927,0.039697509348067594,27.511551213980155,0.02780164603153846,5956.408192795766,6808.108191093061,5575.370058454659,6045.551804121645
2025-05-05,5380.662403137921,5583.361043757959,5180.291027748723,5382.906114433468,506953301.7703982,-0.01996321187745531,25.415994513110974,0.028010629356581686,5859.528071081569,6761.103132867706,5545.760220912936,5996.466938218817
2025-05-06,5381.927651167806,5384.401106061882,5349.6081109290135,5352.067842693721,239350210.8669368,-0.0057289261755948395,31.59822190422065,0.02469139633102933,5787.385047987013,6715.282465902255,5515.9613934945955,5948.733671883625
2025-05-07,5275.9637772389115,5276.665898018925,5269.456323490209,5270.157671598613,505079458.6066418,-0.015304397011133952,32.867541564008164,0.02223304458366934,5712.030700474854,6659.102627441419,5478.1454362798295,5898.468782973624
2025-05-08,5284.287543445676,5422.031785098345,5174.6054196668465,5311.779040260068,336579698.0443504,0.007897556630185099,34.30322055845552,0.02166626407343185,5649.734134629994,6605.279457850265,5452.5506061229435,5855.01028351336
2025-05-09,5173.116214402861,5251.926051747426,5082.82458457008,5161.456796516515,369963111.5489054,-0.02829979233025337,33.11230336868134,0.023785208773744907,5577.414743532397,6544.290424276849,5407.76694310657,5803.635951143224
2025-05-10,5497.259672115281,5513.641370089359,5426.677129595522,5442.896827636473,610536321.6423118,0.0545272472899323,46.324983199364624,0.031421867475231686,5523.3730188209265,6486.8028276842415,5413.171540726555,5776.9145345871675
2025-05-11,5707.755286530797,5832.426845950301,5623.822287245377,5747.903464487891,615800323.1158056,0.05603755619668149,63.32413480963665,0.03487340114233072,5483.229056676364,6442.72270871187,5464.668759766761,5774.765566431665
2025-05-12,6045.520433089858,6117.023981937832,5944.337903116685,6015.4862215530675,469429850.79427075,0.046553105618139856,65.60626957453445,0.03535331796415576,5481.242428534201,6407.204437507037,5549.409907733885,5792.596726070287
2025-05-13,5988.857086202712,6382.811308311351,5552.787353373125,5943.77609356585,432236327.6094845,-0.011920919664030749,60.360568605026145,0.036073100343972715,5483.45500567323,6365.873280238361,5610.081628631111,5803.795197736625
2025-05-14,6109.129885109419,6335.976932587275,5924.743734417431,6150.346771191456,286544822.6482362,0.03475411495551106,69.80263799484874,0.03380650267038038,5495.922002507525,6330.948333583156,5693.199342871164,5829.465684659204
2025-05-15,6268.234641614904,6521.95533320617,5963.563464047556,6215.134822767342,379656403.83985823,0.010534048564441179,73.64496788636629,0.03362710708785747,5515.769272633635,6300.154634873571,5773.497109009037,5858.033768963511
2025-05-16,6109.6314620439625,6217.18018080167,6050.451984901358,6157.536681263699,604897729.8336959,-0.009267400168480378,74.48546995649399,0.029257526667559354,5544.1609117484095,6274.435611727135,5832.580120125139,5880.219169874636
2025-05-17,6127.29187097571,6413.006746592149,5891.034862710194,6174.913535290049,637555216.9535617,0.002822046367864095,73.52354469910384,0.027282340345018214,5591.398066314393,6247.922537034345,5885.246799381279,5902.048382127629
2025-05-18,6416.029391268362,6500.499359672291,6302.813737191751,6386.900206524068,348885058.6021477,0.034330306007120726,73.55521904504779,0.023238796297641584,5642.301098344707,6225.2549910877515,5962.424246634016,5937.963332082922
2025-05-19,5778.580724608178,5862.8313304082185,5752.521903053812,5836.511267943107,544917559.7710929,-0.0861746576247977,59.695977382292874,0.04096885089679765,5657.436165022926,6196.048127918387,5943.053019143107,5930.448364368861
2025-05-20,5969.615704769268,6130.132615729012,5841.6885123825705,6001.521687078702,764497397.8903294,0.028272098101122634,63.12922830022508,0.04239359927012168,5689.734864623458,6173.611626518491,5952.048198825506,5935.713054939961
2025-05-21,5854.800946931811,5878.018379090419,5827.986355065307,5851.189465760239,293773629.35659987,-0.025049017425385456,61.42982573045533,0.04072860168537093,5718.592791925945,6149.022987917576,5936.531470661619,5929.452048334055
2025-05-22,5499.89646491282,5676.252743225556,5336.489878649026,5512.472511943693,479245751.5993626,-0.057888563649944436,53.53479110034486,0.04407123857289498,5734.51758811647,6119.825909299789,5871.291630858861,5898.564675268102
2025-05-23,5363.1703650955515,5579.445762489994,5190.633134116331,5405.545297996284,421811157.64345455,-0.019397323744605233,54.365840034301726,0.04397430011005543,5740.652873864056,6089.3337994767535,5799.638348880003,5862.044721396115
2025-05-24,5134.918159182789,5314.012748523914,4981.326507208598,5159.68042698112,534316027.6960808,-0.04548382401055828,44.869008832266644,0.044028620835390844,5724.009137374272,6052.829291752502,5701.183283972483,5810.017736624634
2025-05-25,4989.406226122979,5049.748202432669,4974.545262195316,5034.752175436083,383821290.2036284,-0.024212401002930206,36.178071490502205,0.03578270315822531,5706.601440424402,6000.037887365539,5598.6554211207285,5752.590658018075
2025-05-26,5032.360915758028,5087.271323948347,5024.6361439937,5079.4742323278615,728060143.0742036,0.008882672936708191,30.14333508771962,0.029690690650462467,5692.97175990611,5954.281365791214,5518.781392075672,5702.730182041022
2025-05-27,4706.500468187136,4893.207317714815,4508.039577805329,4694.260883053278,381418173.91639024,-0.07583724843467599,26.6045598692192,0.02793097807333836,5664.176920478842,5909.81429945512,5391.932082995304,5628.028752486374
2025-05-28,4763.9115881215685,4883.6757461849675,4641.001762964519,4760.684799966045,505109119.9714803,0.014150026717211883,22.53934112719631,0.033443167056472524,5636.622208464141,5867.133211074423,5294.817116375418,5563.781052299683
2025-05-29,5052.660886734896,5149.451137966753,4913.359998197113,5009.3199986884865,518391374.3749235,0.05222677181320945,27.786306851298306,0.042112185866704746,5629.01536857274,5831.590934118702,5250.894482885121,5522.709863143299
2025-05-30,5407.880206984294,5549.650659251359,5271.6435169672795,5413.277986991131,366172013.43800765,0.08064128233141554,37.84083703331081,0.05462101205330889,5627.534426540473,5808.974685400019,5275.876560439892,5514.603798243139
2025-05-31,4974.953966445225,5030.659110250821,4965.890684288273,5021.511011302241,901241672.6597077,-0.07237148667228266,33.21041500596807,0.0592254856963029,5591.21480388119,5775.708521021814,5236.7433990341,5478.078406617887
2025-06-01,5159.541336559856,5247.765725759854,5027.609017299946,5115.073030946066,235334968.2361028,0.018632244245454954,30.825475555982123,0.058803150204334645,5546.194144350839,5747.079430619766,5218.024880866709,5451.189119531085
2025-06-02,5322.253090603681,5332.085738638829,5289.554824807607,5299.3451513484415,401800596.6081294,0.036025315628444465,40.89651888021583,0.06007827179151383,5513.97259723997,5719.685109138633,5230.535691710053,5439.941418184223
2025-06-03,5398.192525076048,5466.9245192364815,5326.6827550568,5395.378925314795,451864322.70232564,0.01812181905945831,39.48164388528951,0.047499078717520855,5476.2242049461365,5688.628495975503,5255.896189187705,5436.640492786488
2025-06-04,5364.010584735817,5481.53750200697,5225.771315119357,5342.834253261846,464373766.8963297,-0.00973882887194677,40.868644780244296,0.048915420925925594,5432.609176470862,5649.075010066392,5269.271275968342,5429.69188245133
2025-06-05,5338.345582861037,5340.814787030707,5300.355019104282,5302.807785582562,311507272.9800308,-0.0074916169549612555,45.781188202324046,0.047051689576573325,5389.872731686805,5619.232599686347,5274.430738985914,5420.29306046105
2025-06-06,5326.11791784894,5534.941530053842,5167.493318169792,5374.865121426372,411709591.04593164,0.013588524939508684,49.37387624707329,0.035461573778079826,5349.870310993621,5591.185009678037,5289.882182438292,5416.928027939964
2025-06-07,5410.291112491699,5422.06258156517,5384.10292738655,5395.842960818749,481908590.94793344,0.003902951779896968,55.306732336751374,0.016135393765075848,5300.317448708354,5567.947661751267,5306.1838406506695,5415.36617111617
2025-06-08,5127.228270850416,5278.267232457869,4970.943396719057,5121.823132635714,319543561.0718455,-0.050783506890915264,51.833679987588276,0.027550443253112625,5264.583041942986,5538.227232034613,5277.820654802214,5393.62224233984
2025-06-09,5080.94678466282,5255.5785146253065,4899.309421588172,5073.691798254708,236015864.7837764,-0.00939730504833669,49.87839883552119,0.02271909263217156,5218.191547501786,5509.22644156239,5246.416215333367,5369.923690926126
2025-06-10,5067.67486760243,5180.681827295991,4988.277906881247,5100.766410284075,529635020.81469184,0.005336274473487057,60.064588540515686,0.0209004671127523,5180.6703947279775,5480.226115620489,5224.008553018092,5349.986114582271
2025-06-11,5140.585382682134,5221.023382217882,5086.482861942396,5166.646578246073,570710953.319945,0.01291573906014798,60.053832978446195,0.02225958479113876,5163.379098043097,5462.454671497482,5215.183633822397,5336.405408186997
2025-06-12,5215.855584114758,5261.8544452893775,5196.586165765153,5242.486641358569,814964070.3499547,0.014678778965028672,56.31495948535894,0.02332491330609336,5155.226165211211,5449.313913308949,5219.384096520269,5329.448462496002
2025-06-13,5373.51965196611,5398.860515748229,5367.90326661674,5393.223535963075,266520731.41280437,0.02875293823647085,49.37051454724571,0.025546762091307355,5166.903320660308,5439.1582473380995,5246.128625665316,5334.172542012082
2025-06-14,5499.325956327405,5580.463884103586,5414.258662258704,5495.337747367046,581017452.0331211,0.0189337991876386,68.17836091699114,0.02646880925821647,5189.932599256857,5432.701213880538,5284.468490542505,5346.11070537171
2025-06-15,5151.90875912183,5269.277636174205,5081.719954236697,5198.4546966641965,380699823.4258698,-0.05402453213091296,52.76722713069158,0.027570203188012638,5195.881622473674,5424.876229834457,5271.235599176611,5335.173223245228
2025-06-16,5152.272314003472,5513.682542640226,4810.836989916759,5171.005773165819,446995577.50896823,-0.005280208273430009,45.245876829256304,0.0273179393410511,5219.7188669793,5423.692936418366,5255.815625944181,5323.012671387494
2025-06-17,5145.154160336373,5468.636183528435,4869.179504483541,5190.243059161671,672604089.6796625,0.0037202213340548074,41.942644635131714,0.02730216943108556,5241.196779939082,5420.121006283243,5245.727538746872,5313.177885296692
2025-06-18,5046.926314022333,5177.691570089615,4882.220857755481,5012.083336448762,502832742.4155703,-0.0343258920019992,38.17553922631007,0.030085809485914432,5241.334946827095,5409.686474324644,5209.782276854855,5290.874585382031
2025-06-19,4878.086451339439,5010.9790363854845,4718.694504591845,4850.844955854146,614297552.7164906,-0.03216993209631236,35.13084176574337,0.03046345494563328,5213.213295270247,5399.592419540367,5154.561150547053,5258.279798009596
2025-06-20,5224.922792096337,5238.672013710133,5193.4908590852665,5207.193426425423,512808523.92383647,0.07346111323167004,45.3530139286337,0.04243166420436167,5222.4974160264055,5398.255669674665,5162.6584237591105,5254.4956223366935
2025-06-21,5181.40993138035,5367.28046874528,4948.956952917023,5133.094283379591,488682522.2359192,-0.014230149905666067,42.926260844845196,0.04124779258023365,5223.398478648081,5397.038023579593,5158.110094469954,5245.502930562094
2025-06-22,5005.848632692072,5110.028889511186,4913.668475664598,5017.631752327506,587474649.4184272,-0.022493748347062414,46.933120819505966,0.03701299549187633,5209.312808697035,5391.733866965252,5136.498041832654,5228.623584026198
2025-06-23,4925.406296133625,5054.045899660188,4774.211531651191,4902.246251273914,301316893.6366973,-0.022996008226404463,45.14568556405128,0.03767702031529764,5184.656174994991,5379.927688855194,5100.459304823617,5204.447485303806
2025-06-24,4933.913679241883,4986.128426145735,4887.43429818913,4939.595519949154,388114309.8065105,0.007618807126535954,45.463000306524386,0.03789019346936831,5164.494238329356,5371.061476965507,5075.711030227545,5184.828821203461
2025-06-25,4982.26189903749,5009.649930528448,4961.700289875084,4989.060264764073,709226585.8480192,0.010013926163620068,44.95426970706675,0.03611776199273411,5148.806862288431,5363.801325406914,5062.380143233165,5170.327446652395
2025-06-26,5260.656494645554,5283.688692157498,5194.02530532937,5216.86577840031,772780985.6514145,0.04566100659179151,49.32990500374832,0.03658164588609932,5140.906895137128,5362.735487542948,5086.147164028111,5173.774730485575
2025-06-27,5122.487807645968,5305.091452666638,4953.43722363859,5135.607884390829,308781371.0825142,-0.015575998590172224,43.008142150068885,0.024841388906907475,5127.895141315733,5359.212064425564,5093.756505622375,5170.9475567007785
2025-06-28,5497.026616464309,5557.412232500398,5389.046762868002,5448.903742314951,557024502.5493244,0.06100462982704613,48.86935851584609,0.03334421332089084,5144.2491717996945,5364.961003341532,5148.394542036617,5191.53690378331
2025-06-29,5718.900318417328,5905.317234895917,5557.665493950868,5743.391910961908,596149970.9755753,0.05404539749161441,63.284403051105585,0.03382866777784883,5177.734177435055,5370.970905008041,5239.932598794354,5232.415052463206
2025-06-30,5436.581958703714,5545.456548870899,5327.3764822757075,5436.2443106026585,761196725.5948871,-0.05347843314906375,55.69000677855352,0.041396393663833096,5194.508072450984,5364.737721930337,5270.134400611016,5247.513516029091
2025-07-01,5198.867018390171,5338.193380809371,5016.735562878269,5154.883186293447,645767309.5661324,-0.05175652679193521,49.31813095596136,0.04873919253876112,5193.919902853353,5347.525661225143,5252.403444562159,5240.652010122747
2025-07-02,4951.4195977101745,5082.3828829381455,4829.5148949668455,4960.2605154567345,721214108.4475535,-0.03775501089029587,49.0069695445751,0.051532309446887935,5179.80859655826,5327.855349662962,5207.45837854594,5219.882269777117
2025-07-03,4970.803939203676,5008.638346850856,4908.930384550506,4946.580419097163,396224362.5762539,-0.0027579390874618026,51.94444481530267,0.047523526671770615,5157.476440714965,5303.780022621076,5167.323307861512,5199.637688245268
2025-07-04,4717.416146395989,4766.955481630055,4685.068661135836,4734.490914098708,387236712.5031429,-0.04287598442343021,39.801498377739485,0.04946252092350437,5119.4340990515475,5274.167144447702,5100.733708821081,5165.1823716418185
2025-07-05,4982.7676989423,5042.789914693307,4914.036306780112,4973.952332993726,617224361.8424902,0.05057807127307634,46.795204161162005,0.04704805001822272,5108.208980868025,5250.495457482303,5081.2288817707185,5151.017183593811
2025-07-06,5047.436543279395,5163.032315745368,4970.609513284901,5085.6240339674505,667575199.952998,0.022451300997191392,51.37132025625063,0.04075007095844425,5103.939893908106,5228.709667455852,5081.905059031754,5146.173246584451
2025-07-07,5196.129428066239,5235.713200974406,5139.877926508364,5179.333751051505,819035816.9606173,0.018426394963166004,55.63780630449912,0.03889983982110741,5103.394428502598,5204.5583383464,5096.8940885732545,5148.629580248677
2025-07-08,5185.383897780496,5261.944241835569,5127.085350069154,5203.44266195809,332787263.7673145,0.004654828606418748,55.397490558936184,0.033345861039513654,5112.962394778065,5191.8969662267,5113.286176786306,5152.689808523448
2025-07-09,5096.1648655929675,5309.932543050229,4874.739566158943,5088.1719673161115,483143283.26863515,-0.022152775024256943,51.974359614990696,0.03067435740952693,5124.828745351162,5173.629971831448,5109.42245225243,5147.910709174756
2025-07-10,5106.906887596821,5241.5589543361175,4993.450962918136,5127.64236667603,431872355.2868544,0.0077572848585811816,48.07843647810224,0.030542800182708926,5120.8511923636925,5159.159029849764,5112.225516009907,5146.409350471147
2025-07-11,4901.812043529086,5024.312951289866,4818.2104310903915,4940.0590271201745,441785526.00742,-0.03658276575116448,45.97298225194208,0.028929891119050703,5111.199429550722,5147.710760153293,5085.738363873025,5131.1241413340385
2025-07-12,4873.601711667558,4939.191219935288,4831.517088714551,4896.90536481068,437383183.0230044,-0.00873545479367499,37.209344825924234,0.02161040942432053,5105.163110174881,5137.537961489582,5056.687133248049,5113.774602332308
2025-07-13,4936.925022306095,5102.872941615962,4821.219501535975,4986.0168671217525,348644283.12464666,0.018197513668822385,30.604419726042664,0.02085396463093807,5109.351640967272,5134.064690292394,5045.814784613234,5104.3110663907855
2025-07-14,4660.878541162345,4672.186350122309,4613.904344608769,4625.125412508013,636058587.6263701,-0.07238071274758218,29.784555908999224,0.031231605666800832,5093.628135595215,5125.872155033832,4981.093342750893,5068.815832769839
2025-07-15,4632.968798476415,4781.772769221338,4480.0800501641725,4628.74847033391,364597673.8650354,0.0007833426129588705,34.78014160150241,0.03084490028157958,5075.612545873708,5116.857639793953,4926.886439302126,5036.2182503671775
2025-07-16,4588.517818608531,4629.722057381781,4554.503306923399,4595.654640700301,544868975.6916382,-0.007149627992471541,38.36551833885462,0.030880243874903283,5044.551988988707,5114.885514946895,4875.927701055692,5003.583908910372
2025-07-17,4409.779466867284,4553.826144284071,4307.276622430143,4450.379573201422,719959195.0602925,-0.03161139790886047,35.39309155643947,0.029820751508993843,5010.290573429236,5108.679410411602,4810.458758308881,4962.605809968969
2025-07-18,4500.292089713952,4513.523667983064,4455.099061014286,4468.236390402224,762800461.9708711,0.004012425661022112,41.15011017521774,0.029923816108703698,4961.257205833601,5097.857738245876,4757.809163246318,4925.985852964025
2025-07-19,4482.17668762716,4562.869374653124,4437.502055830871,4517.839287543226,370648776.5081922,0.011101224914498609,32.64968629834023,0.03139114976546626,4899.979574662666,5079.948964256919,4720.890720830458,4895.7527740439655
2025-07-20,4364.280828210915,4408.427390557454,4321.73732234896,4365.868408779561,487032212.9924022,-0.033637955910181594,23.435306151257677,0.029404827569268988,4846.460779571511,5066.836112206464,4666.271903591859,4856.502080320676
2025-07-21,4381.301415189567,4405.352935203747,4367.876627648282,4391.895685657066,746986519.4588524,0.005961534897654053,19.40894631445255,0.018223129361918004,4808.311404539692,5052.372565300685,4624.060177755737,4822.086791827076
2025-07-22,4524.001326970246,4530.916158710409,4516.888329304105,4523.802857688547,483053210.0368661,0.030034222457118176,25.637322039497818,0.02307268039960347,4786.488521651283,5036.861719427487,4608.635974668477,4799.991685594592
2025-07-23,4649.499615715716,4715.102408974322,4577.376480105448,4642.885956981108,273973911.5504388,0.026323671264801174,34.08158346750422,0.025427849657939892,4771.30379854548,5021.811860060813,4613.9052027165735,4788.3542242158155
2025-07-24,4831.922487917977,4926.842722970555,4702.541012334779,4796.770711711679,573050028.911488,0.03314420301433141,39.06617704594164,0.022928335478441992,4774.417788426129,5010.89058922981,4642.03835794659,4788.977667734028
2025-07-25,4604.6785269419925,4639.226144134507,4570.889744917896,4605.431834397399,527264943.7134561,-0.039889102234366036,38.96945200977581,0.030052814652176955,4755.991763496313,4996.943070206106,4636.406585092868,4775.381680079463
2025-07-26,4677.396163742774,4840.17698470238,4561.39045312404,4723.039263862807,650067972.7308834,0.025536677926055296,44.536890302504546,0.03104267020127706,4737.862524991081,4983.906553054835,4649.734689519013,4771.504464063414
2025-07-27,4596.012858350282,4608.252844611424,4595.426871172679,4607.665371749675,606626693.6831385,-0.024427891801765855,38.30469994590821,0.029183479408849015,4709.279106025989,4968.143001273454,4643.262486785268,4759.368235003137
2025-07-28,4468.015998782618,4637.235582541827,4320.476209488506,4489.0027819497955,667435294.617836,-0.025753300256441847,45.051193397390286,0.031905288050363356,4673.557112025574,4955.486594259735,4619.530224502888,4739.341164406593
2025-07-29,4497.607747395149,4520.505966135951,4435.246677047553,4457.942954410386,513471607.8961761,-0.006919092958529771,43.91173777707955,0.029782671166649014,4642.045661380288,4943.171617382849,4594.670644488657,4718.496852555022
2025-07-30,4555.654004562066,4654.823815091565,4454.665638373897,4553.794980719902,601346492.8877144,0.02150140261769984,48.57183263247749,0.02907342721156502,4613.353292082482,4932.232188791566,4588.382080831925,4706.296713900569
2025-07-31,4385.308862293385,4647.5263846694,4154.249638510789,4414.907620539686,506678213.2613752,-0.030499256283658904,48.78447020546855,0.02588111366213767,4587.095721753457,4917.197409637438,4561.693702325427,4684.712336614577
2025-08-01,4504.99892656993,4565.9252770050725,4443.36383793714,4504.280471872145,373884455.3750257,0.020243425007731908,51.17742561891914,0.024843801002329368,4567.4644771065305,4902.4332862477095,4552.860897640307,4671.347013300323
2025-08-02,4678.365488426357,4753.518801413265,4558.631786982829,4633.057268238531,460288098.75138247,0.028589870717544708,53.57863196819403,0.025445818310021292,4549.816497162369,4887.229960893219,4565.198800809264,4668.510735888338
2025-08-03,4947.591899627731,5030.138106311464,4846.254325727241,4928.481695511991,271585279.89936286,0.06376446699649363,66.04479102878906,0.033361735241950005,4564.984311312568,4875.892839856117,4621.088476917375,4687.767844008609
2025-08-04,4561.874673491001,4589.238433571678,4549.618903219535,4576.94218346374,353060651.14318544,-0.07132815616792754,54.45086380383837,0.04421416890605976,4562.39399696906,4863.462589592108,4614.2967394629695,4679.558535820101
2025-08-05,4589.962474538617,4688.202402787506,4479.263800478106,4577.231239435416,453075406.6108296,6.315482260643712e-05,51.37196192270712,0.04401504527492029,4561.472826905815,4851.5870989175,4608.594354843346,4671.978736087902
2025-08-06,4504.460501187534,4640.059736770239,4400.727273555009,4535.609186027846,647139659.2354182,-0.009093281774574247,47.131163788221976,0.04357609024809093,4565.734307547137,4838.494421454823,4597.365867333269,4661.877287935305
2025-08-07,4661.763603874035,4703.861422058085,4600.276135232736,4642.197260552526,443391960.4116464,0.023500277504735267,45.759056890569454,0.04197598339768267,4574.432351054651,4831.096699936898,4604.263004751617,4660.419508129173
2025-08-08,4628.221435389517,4863.657923182267,4394.502195768778,4629.856133410502,420655616.30975085,-0.0026584667667818307,50.74310402976971,0.041751186781474575,4580.033193348016,4826.676923488026,4608.200409160676,4658.155554446308
2025-08-09,4708.128236525199,4914.580297769022,4523.023328068878,4728.667853140715,593555486.088193,0.021342287294233042,50.17322986354585,0.041145224107598646,4598.173165566072,4817.106412022332,4626.733862080682,4663.378687682931
2025-08-10,4688.658800808971,4744.979260571638,4662.658894730418,4718.812145879048,639949692.229672,-0.002084246043020488,53.65835062004732,0.031511984368354486,4614.518988577172,4808.820769272321,4640.899751895816,4667.4848697715315
2025-08-11,4721.97304121482,4777.708301394209,4706.223546831448,4761.825883314042,545512739.9920675,0.009115373976596564,59.450485754762695,0.012611224241200508,4626.420139858446,4803.7046518920515,4659.503772114004,4674.473092996903
2025-08-12,4802.47212537511,4950.784122861208,4703.000432653388,4850.321348240501,881986051.0317426,0.018584355475187886,63.07169895917293,0.013152799403008907,4636.791909421417,4802.666153831384,4688.860322287312,4687.498889681614
2025-08-13,4981.681245295031,5005.372497587548,4930.774901808313,4954.336109547986,632268806.7246042,0.021444921653534843,63.271453375049695,0.011326395716266285,4644.670179313232,4802.960965623361,4729.702751096646,4707.264609671715
2025-08-14,5025.679431673241,5241.10795761962,4772.21206791852,4985.937013133173,746800132.8049257,0.006378433535077832,70.36850164905526,0.010431085697703978,4663.695438250021,4802.8985005907425,4769.123406794573,4727.90700992812
2025-08-15,5025.025594748185,5081.096473462232,4991.181565973889,5047.103746222684,472747754.3668082,0.01226785114380613,69.76000863019038,0.008726123464657513,4679.898662368015,4799.50325994719,4811.8896128604365,4751.551212616607
2025-08-16,5125.880935825784,5334.883391694552,4948.754394751071,5156.692158451168,716869529.4465674,0.02171312850672069,69.33157000893388,0.008790100666947699,4707.350001703089,4799.924945428396,4864.936158335934,4781.561653048796
2025-08-17,5000.702425735945,5022.605299561246,4974.007528216889,4995.889320837928,229641365.6752205,-0.03118333083926772,52.7632189002688,0.018427771152771225,4732.694328647496,4790.864656998856,4885.082798720857,4797.437776588732
2025-08-18,4986.40639242453,5115.368959304592,4886.208764227037,5014.604709718928,605067491.4538053,0.0037461576266186736,74.67355827751808,0.01850130359130181,4760.527416412923,4776.288912973996,4905.009246566714,4813.524216079857
2025-08-19,4964.127492712808,5187.451418262351,4753.718854730142,4976.517614738762,509986459.34078413,-0.007595233759173148,71.58995572344796,0.01854840388839208,4781.6635481138655,4767.094379056718,4916.010533977798,4825.597801165702
2025-08-20,4844.215343027821,4967.411903850281,4752.076082527636,4874.692944986697,487102362.4414754,-0.020461028702178252,67.21400525615783,0.0186757410426824,4804.652814336217,4761.490574230583,4909.653981825321,4829.234478485776
2025-08-21,4772.274571146402,4787.814417715354,4741.541129377403,4757.031339766935,492560349.4167749,-0.024137234190467094,55.764877829040365,0.019873106251078056,4817.290357730956,4757.425990716788,4886.173575354801,4823.886097839935
2025-08-22,4895.332220013209,4987.278259604473,4802.626387853444,4894.55788355526,738567679.2354834,0.028910161393862488,61.804757250589056,0.023210753733061366,4830.365388496793,4756.385540005949,4887.463468924103,4829.12104492996
2025-08-23,4661.524924658652,4757.809141233953,4612.015760799698,4707.8084093443,636131230.8684727,-0.03815451337053355,49.137400286434236,0.023124841777601733,4819.331724188409,4755.851889910861,4859.8242289887485,4820.134923775466
2025-08-24,4880.86712282656,4961.492764234838,4809.798922711307,4890.287399535215,477456706.2762786,0.03876092107502105,56.20510785276002,0.02833066087834196,4834.998984991982,4754.178591241691,4864.5108706112815,4825.331403461373
2025-08-25,4973.119363940271,5008.080864536866,4893.319076792132,4927.963124746234,583025362.9320078,0.007704194484479565,56.03525925855997,0.028519727611760446,4852.535579257523,4751.025373057267,4874.272755862812,4832.933753186178
2025-08-26,4887.894747911513,5007.028347855946,4817.7017711963545,4936.142505621347,371434047.24283504,0.0016597893831711286,53.31081617713223,0.0284390350664232,4872.562245237197,4746.161548148663,4883.791178902587,4840.578845959153
2025-08-27,4920.674698160624,5067.043057698903,4741.646345871029,4887.013431250825,733242319.4333928,-0.009952928691700502,47.28797162307947,0.027490821013122856,4884.803053772112,4739.832963534518,4884.2869100330845,4844.018444869647
2025-08-28,4853.457091136199,4911.227901961931,4826.447102495064,4884.0476735785305,274482001.01854485,-0.0006068650544992504,45.798556855102206,0.025301288311422847,4897.512630780514,4735.750477659766,4884.250104424691,4846.983572922158
2025-08-29,5071.2980615742135,5189.311416686756,4922.385201788917,5039.662367799914,407717517.15526146,0.03186182949507632,49.71532592119524,0.025804332374374444,4913.062356513474,4733.990877682244,4908.159683405494,4861.256076246436
2025-08-30,5159.311157937867,5332.120576792097,5030.477899444923,5202.215942105691,229436423.0790167,0.032254854083953344,51.673711822413125,0.019332496871408707,4937.232546324806,4739.234015981954,4953.39910782091,4886.512362606381
2025-08-31,5098.011417604338,5256.027005658106,4907.202464501274,5064.169091575859,407797754.19894755,-0.02653616306322637,52.55307060130695,0.02133907724119373,4952.349706737897,4742.5792905172575,4970.440643783209,4899.672120307824
2025-09-01,4762.663266201048,4882.3162381466345,4654.297822909405,4773.69968197531,397388528.64670485,-0.057357762813200375,42.51365472785994,0.031713123400158666,4948.518623424638,4738.332946814329,4940.172803505071,4890.34082857949
2025-09-02,4858.129736810706,4993.857026569428,4692.772017912615,4827.647694983396,550037879.9423453,0.011301090684817217,45.41889024676511,0.03221027185052017,4942.184202696408,4742.383392463837,4922.86124834789,4885.696892757558
2025-09-03,4994.163661083494,5051.318192486109,4957.403591738278,5014.409104415971,614479673.6346945,0.038685799219907224,54.08584006981617,0.03547092106009547,4943.607807260548,4750.096605145478,4936.9455338968255,4895.231130658181
2025-09-04,5052.657012342257,5121.670746547179,4969.575864064177,5038.394792035665,701522058.9091586,0.004783352758068737,58.7050967156611,0.035406894010225946,4943.172359551197,4758.951408172185,4952.553112072032,4905.835846315773
2025-09-05,5007.836991297677,5160.397482619465,4902.3275623092,5053.917196131408,517759073.50976014,0.0030808233051287104,55.3330231672836,0.03338068670373537,4938.0336114352085,4771.022160630785,4968.147586542705,4916.804835191005
2025-09-06,4816.778915729869,4862.499233757426,4804.236861306704,4849.871013268603,636783235.4242355,-0.0403738674268338,54.69977343341031,0.03329323983898495,4930.7326960567425,4778.654853088113,4949.951190654381,4911.846774307864
2025-09-07,4913.395966246601,5051.919763447757,4731.9157975073595,4869.193387587409,455947339.9580427,0.003984100662871803,49.21770914507971,0.032681374382091836,4923.462129950166,4785.681935088996,4937.526913259462,4908.687264180423
2025-09-08,5042.982304848687,5055.812726169097,5003.576152232272,5016.338786766652,451622547.5712724,0.03021966627046435,53.03135951957724,0.025279332115350474,4925.453188551562,4798.691342648738,4949.651816875953,4916.661451038663
2025-09-09,4918.464550169174,5177.18558296387,4672.165603020222,4930.29424729267,465015009.5560149,-0.0171528565217669,49.80957188388316,0.026787009653937995,4928.23325366686,4809.45931388145,4946.673729247756,4917.671287798219
2025-09-10,4849.620625049638,4888.527332142543,4828.250215414494,4867.079985831168,408071528.06174284,-0.012821600150176304,49.35683648315891,0.0221204356209956,4933.735685970071,4816.324856444303,4934.428537952896,4913.923783948808
2025-09-11,4660.009563901013,4665.851024431673,4613.887857840221,4619.678762512304,757056506.061326,-0.05083155075303625,42.63217088869613,0.027705637220787706,4919.991729917923,4815.860712554927,4886.00549557742,4892.127856434992
2025-09-12,4606.861654725921,4737.306675418684,4432.277691809607,4561.436481639064,590322638.1749144,-0.012607430920492435,35.90720608715789,0.026906817372944192,4912.673133532661,4811.154027953474,4836.071801125365,4867.632199042701
2025-09-13,4400.22852520952,4471.177046480842,4307.957685316537,4378.556775048458,438260387.6069037,-0.04009256893672497,26.01500001035248,0.026861428864919688,4887.086602308324,4806.616526766495,4765.6848740366095,4831.404389857943
2025-09-14,4404.644490042275,4496.668685271137,4339.534771866326,4431.166911081785,588865765.8655365,0.012015405700145143,30.60171348854007,0.02791763261978467,4862.246791625102,4800.779079710875,4714.2205720435595,4801.757169207857
2025-09-15,4742.834765916386,4770.287124951415,4709.028755498023,4736.44412437957,423740610.2350218,0.06889318760128971,48.868575717363484,0.039379035400071406,4852.261872563013,4803.354654763473,4717.639580095253,4796.919165887243
2025-09-16,4740.55937651234,4788.58541740814,4673.072807971963,4720.899678818309,327397525.5848414,-0.0032818809117265424,46.6807152428974,0.03916155693208967,4843.956184941387,4807.9925927008435,4718.1411337449545,4791.288092771026
2025-09-17,4787.865107157297,4834.351741966118,4697.885602189935,4743.945813083508,539873379.4277288,0.004881725059441955,40.6367560697511,0.03918399428532931,4836.951091916636,4813.7126498743055,4722.111084412424,4787.781257238617
2025-09-18,4791.3202264655565,5026.7858999810605,4513.070767566871,4746.325195590731,412278872.8308529,0.0005015619066854882,39.73520108052024,0.033067138574244,4822.284233306176,4817.563254171722,4725.83633228601,4784.710437857292
2025-09-19,4739.141198566976,4857.649214781206,4642.016360775498,4760.094946987291,410325266.81585777,0.0029011394772007204,39.660866820199935,0.03225269912652128,4800.178183550257,4824.467000700674,4731.106888393899,4782.887068163218
2025-09-20,4799.477367697893,4971.583304587474,4586.366849968277,4756.947702496734,463931905.6323133,-0.0006611726290354225,46.19174279742984,0.02548243246704872,4784.8171140963,4829.520345313166,4735.082398255873,4780.965633669404
2025-09-21,4880.27256723188,5103.507654421649,4670.810431882095,4893.478709194523,358901294.3697984,0.028701389049564208,50.90804394591978,0.026233974948644635,4790.806065457261,4834.728774132285,4759.451061477204,4789.299935560154
2025-09-22,4950.055899374568,5051.604023249447,4853.757930553839,4955.205867386566,161487082.6070622,0.01261416711102914,47.55822767056769,0.011021196661331336,4797.183974077419,4835.263257569777,4789.56718546326,4801.589263843593
2025-09-23,4708.279807802916,4841.907641858693,4601.639730450809,4734.6698439772545,433670057.305817,-0.044505925548079084,42.944400160658766,0.02233753831704492,4783.197011055484,4838.417810780047,4781.121440619259,4796.632269779419
2025-09-24,4667.812417342978,4775.265859733212,4519.716370749782,4626.212171920696,452165881.5166853,-0.022907124600149653,41.587163618106075,0.02387319733227983,4762.587880049736,4839.397429429753,4757.289245434865,4784.008558826922
2025-09-25,4532.102337549909,4553.611617221114,4502.509637754581,4523.980370710993,471825738.91191846,-0.02209838144264331,46.28032171553533,0.024778641436770943,4736.091038778714,4839.164853123417,4721.395572400423,4764.747211559075
2025-09-26,4618.131157989981,4652.693559650396,4589.059691235452,4623.587743300109,550343515.4989216,0.02201764031382414,52.340481771736194,0.0269538034463929,4724.7768752802895,4838.792662778368,4706.348214077298,4754.2909546510045
2025-09-27,4545.576274324011,4607.011119033709,4495.018816505265,4556.334009990485,508815504.9561498,-0.014545789340124182,57.333323870828146,0.027191220290698644,4709.133906400444,4837.322220309968,4683.26910575625,4739.627477268744
2025-09-28,4480.055338822618,4602.083949943901,4344.431329627586,4466.079257552496,820930095.1275129,-0.019808633923696473,51.39675791153057,0.022745611830456588,4681.620929939736,4832.070448398204,4649.855282955672,4719.364646178651
2025-09-29,4249.612876729354,4290.264162484726,4212.158186749441,4252.781544905842,401752376.85116065,-0.04775950007737784,29.112576275884607,0.02297123222347622,4647.7452948203945,4822.749836378739,4588.7670155633905,4684.802934973258
2025-09-30,4120.435643296325,4252.070209473322,3991.6487489560823,4123.197006918175,534175605.74208266,-0.030470537134193565,26.502152074099612,0.021156335100774713,4610.551145874744,4809.977258850821,4517.140860387203,4643.202495858066
2025-10-01,3941.5655988609833,4082.3389166007,3814.5152000521593,3954.8599931230483,639991149.5275815,-0.04082681800376742,22.15872637892754,0.022684957335324517,4577.310207405282,4792.068031748473,4430.636111577333,4592.214162322139
2025-10-02,4024.5806664929714,4080.808688880513,3959.120793188785,4015.218008471571,565144923.1206397,0.015261732514798787,25.218281396200112,0.026680990576903714,4549.999283746907,4773.285669726944,4366.725634176447,4549.473706481356
2025-10-03,4025.1419993302247,4058.168476618375,3978.392730349054,4011.305679993608,472573795.902171,-0.0009743751073313378,24.448175019019644,0.02216986661021116,4531.6367289941645,4753.793043064154,4312.045641225241,4509.609408223005
2025-10-04,3857.9846800868922,3900.216346311003,3830.666544244307,3872.793351241697,584356401.2818567,-0.03453048453593088,22.380558963068466,0.022650796085414815,4503.718051002161,4730.306835164533,4244.468365843157,4462.4378484466115
2025-10-05,3741.702058542356,3909.1512119785352,3592.73396524816,3759.475505809445,632230359.5329161,-0.02925997727090701,14.054405420772383,0.02272920372757856,4454.869620073654,4702.362502111699,4169.854079684124,4410.366563806821
2025-10-06,3702.89755384543,3719.79880720847,3685.7537945972404,3702.6539360076163,434173821.134968,-0.015114227959199034,10.172791548020271,0.020277743763577195,4403.95733293312,4676.497794415092,4097.977134503123,4357.943406192066
2025-10-07,3783.0367257231314,3816.032054835933,3767.754256554904,3800.67831829335,437700472.0656244,0.026474086960292187,17.79275299001904,0.02577990467095808,4356.793958193612,4652.2192665865805,4052.238855086235,4316.664510792161
2025-10-08,3801.7244483427557,3809.6223326736435,3793.664592111382,3801.562139253599,145897104.9460388,0.00023254295318686502,19.284425525048405,0.022384609387799886,4309.5558053767545,4628.7201570768775,4013.673206496599,4278.5087795670825
2025-10-09,3820.653522084905,3872.8859885152856,3741.1753123101853,3793.030137188949,493782537.78346074,-0.0022443410766724847,20.731490903203223,0.020595878794221978,4261.202564886838,4607.086900920924,3979.728118910807,4242.547398650184
2025-10-10,4016.5329386706658,4117.387496576993,3906.4278520911967,4007.0441478398575,358104893.7114176,0.05642296604833108,27.384573331979155,0.03205697964371174,4223.707387153994,4592.087157082381,3983.930584899892,4225.102713404975
2025-10-11,3867.8219714919187,3941.284083620201,3824.475786788055,3897.6041340408487,720176633.883556,-0.027311906173533518,26.562498872806984,0.030843575018248907,4173.91365839631,4572.148082092093,3970.6495924600395,4200.843559378002
2025-10-12,3980.717738965898,4037.8300762777008,3920.404754231874,3977.4705026448246,215023749.61843395,0.02049114426640708,32.48591040053954,0.02824694361689783,4125.026890159223,4557.541323958103,3971.698963257699,4184.297407027397
2025-10-13,4283.688543516456,4383.475073236338,4206.862679286198,4306.24467577798,804599523.8841677,0.08265911033520834,51.76985881417131,0.03736972257621835,4103.605631749259,4545.860469482958,4023.167534414665,4193.330538045959
2025-10-14,4312.6542557700395,4384.482837151152,4231.561399546795,4303.233068154186,628613893.4800447,-0.0006993582228927986,56.505107247485256,0.03827505903779159,4087.4566765609343,4533.365868351118,4066.2545396053606,4201.471466202123
2025-10-15,4199.306039995513,4223.396193231781,4186.481748716055,4210.53760180397,318351394.9243936,-0.02154088911339791,59.77238410934623,0.040808576843047284,4071.784538115583,4518.853770274771,4088.451933789762,4202.14303180226
2025-10-16,4006.4466407150976,4099.280629473763,3925.7860580104275,4018.379800068397,413010387.61273277,-0.045637355584532524,50.109787196497834,0.0467920821849555,4041.524140953997,4501.481097651122,4077.6716055249367,4188.530940562715
2025-10-17,4130.259132977941,4176.708194372487,4098.759963755996,4145.095873653218,602426890.668935,0.031534120687811695,54.28055346284706,0.043430382624296056,4020.9622341371337,4486.702061652616,4088.0445698523645,4185.313528199048
2025-10-18,4241.389878488452,4322.641905976289,4193.047672552015,4273.928829939002,760538323.7247789,0.03108081458493217,62.91412511250951,0.04161579489428476,4011.354712756459,4471.387390895397,4116.642148327232,4191.87762462423
2025-10-19,4310.806681147188,4351.645814961048,4228.05115152605,4268.489385502056,678753354.20202,-0.001272703559975552,67.61038148135029,0.041860883447044174,4012.14010478627,4452.712859763325,4140.003261738743,4197.552569874439
2025-10-20,4280.898604569757,4310.130154001688,4260.867525219398,4290.056224532912,539890953.5764381,0.005052569441570398,70.83053377456694,0.027490965684034113,4020.483065667007,4437.230602422466,4163.088332937846,4204.404692441733
2025-10-21,4346.09109972542,4369.083568574751,4307.336148700418,4330.2447845375145,500038829.7871946,0.00936783993057766,69.58283302327447,0.027723555507541093,4039.25230523773,4428.36150447371,4188.804710107025,4213.726180745124
2025-10-22,4272.807788533251,4423.515410075338,4155.747305539794,4305.557690525742,371219117.214081,-0.005701085097989278,68.3148245543175,0.026157767592452637,4053.769289340439,4417.919704384556,4206.76670709452,4220.528514802948
2025-10-23,4443.396456382261,4466.625723712045,4433.753345493674,4456.95319183783,411644361.8260426,0.035162808675222035,71.85703231874702,0.01713918421871218,4076.05166493265,4406.770586132994,4245.256935516567,4238.041453842568
2025-10-24,4251.377397827832,4456.673308590198,4088.7990134991646,4292.5215178268345,358649931.04772925,-0.03689329165765631,59.71537828568557,0.02421270786469506,4097.038073261907,4391.853120648817,4252.528409718147,4242.077014137699
2025-10-25,4023.5965296353397,4071.1695758426017,3953.8946031808982,4001.202877752152,447039794.8639992,-0.06786655322864121,53.13729818233158,0.03366254983070452,4109.124441859041,4370.798834281232,4213.86294326184,4224.2344855165475
2025-10-26,3977.8330111142873,3990.107704679043,3972.678336354574,3984.9438153838805,733812768.255595,-0.004063543605518305,50.235383651340676,0.03357386339152648,4123.238935827855,4353.500290323538,4178.644615896001,4206.509250691905
2025-10-27,3722.0901142800853,3856.604219156112,3619.841692553174,3753.493134475366,531388404.12684315,-0.05808129088671188,31.453175138526632,0.03735035772928894,4120.879676636956,4331.186285261297,4113.236695677441,4172.952501342533
2025-10-28,3701.4258780534938,3798.6999145222603,3593.1668380442147,3690.1443954294195,407262514.6535607,-0.016877275853816265,30.229177462060022,0.03537559383968077,4115.308789445747,4304.662397434552,4048.145572562361,4137.188937941562
2025-10-29,3545.592260232969,3665.394327485656,3461.0202172398394,3580.0015295962044,412043049.79488176,-0.029847847138349648,29.892798580600484,0.03468675408337715,4104.657359066109,4277.656543080623,3976.123412106029,4095.915796582646
2025-10-30,3596.6486359872965,3612.4254227204788,3582.364790527192,3598.1356715995685,399433534.2410052,0.005065400629985062,34.9257325358451,0.026907771281348084,4084.211935254095,4252.277656795991,3917.971452028112,4059.0431947320476
2025-10-31,3645.0529562666234,3689.150961516438,3573.4309134640994,3617.191853916102,522021910.9862918,0.005296126676641366,29.47898766715744,0.029639177344182352,4070.1913212478585,4232.227918624067,3871.697667703187,4026.313465782718
2025-11-01,3796.5980062797685,3811.037105283115,3754.514301861079,3768.8478624128993,397210385.3205467,0.041926448643471614,30.70848499391333,0.031410877636286874,4059.760189236262,4216.376146239543,3855.8746207354507,4007.2419396071764
2025-11-02,3645.333994365018,3730.230681461612,3589.492523549452,3673.95084018043,423173803.11990774,-0.025179318905092174,28.744207667284897,0.0319694776450169,4028.1454974563844,4202.284027542183,3827.886346803909,3982.5537100200104
2025-11-03,3615.322971441007,3639.261318706607,3586.814741718111,3610.7226284664803,808936699.5702738,-0.01720986873924657,26.415211604197538,0.024912207824424316,3993.519975471999,4185.875141889876,3794.476543982766,3955.010666941971
2025-11-04,3508.5373439320424,3557.141283191298,3444.672526840004,3493.0620866033346,500837069.7074739,-0.03258642492655761,22.418750372820455,0.02677124904241979,3957.6461997119673,4161.007501134352,3748.1050890013153,3920.7922535835532
2025-11-05,3710.641713953943,3817.4698282793097,3571.526524257659,3677.3975504086234,449016819.0308623,0.05277188301698277,31.274827954452604,0.032810476456737465,3940.5970872289786,4140.137458566158,3737.227006140901,3902.7630163113363
2025-11-06,3828.1397673110873,3953.2606507850905,3673.3518054522365,3797.470271392317,550971619.6547226,0.03265154755170574,29.967006576823394,0.03452969525226456,3923.2158071159333,4121.207947732334,3746.495200794965,3894.9635537247423
2025-11-07,3764.803301879338,3855.9480341142216,3702.0609124263124,3792.740064104905,513821419.11600333,-0.0012456206235625933,33.18695243482905,0.03471065706721139,3899.1563688242286,4102.136245102618,3753.6097951503402,3887.391443382532
2025-11-08,3726.6051402318662,3838.5360277921004,3628.8238157472824,3740.3929294566833,590347271.1688983,-0.013801930468065327,39.54517842892905,0.03170717667379915,3872.7515460219597,4081.742204752006,3751.57643119747,3876.5026645732096
2025-11-09,3567.590223289561,3599.228267796358,3554.0235450517735,3585.593128885601,664524761.6063342,-0.041385972942037386,35.59195132658775,0.03428325587420787,3837.5283912395944,4058.3151132797834,3726.0405385341055,3854.9538100778313
2025-11-10,3662.468862462431,3673.0586684944983,3627.6217198993195,3638.141183928065,203615999.2955132,0.014655331253045967,45.22137319774911,0.034193131818170186,3802.923211209122,4033.208362774454,3712.5175609024072,3838.893615548219
2025-11-11,3489.6566438542254,3600.4154329476355,3389.0065316837395,3499.481935669601,127076239.69152588,-0.038112662826557675,42.56541852075111,0.035163474986844384,3762.619423466315,4004.0938841401153,3679.7428493281295,3813.752009631284
2025-11-12,3448.2285322393545,3506.3424235218845,3397.0700115297695,3455.0822202993004,524028674.64932656,-0.012687510947761216,44.86572962733093,0.0267278318025811,3712.525874889388,3978.5021316665557,3645.1796756313865,3787.183877088174
2025-11-13,3507.7685475997123,3547.535667578437,3469.8293694263407,3509.576930373355,421292565.61285514,0.015772333796830518,46.46580733170869,0.02287356103169314,3673.3786455167146,3956.169426835609,3624.3177148224586,3766.620399553743
2025-11-14,3479.582865799909,3626.5858153465642,3351.747845296455,3498.071546505525,535952505.4580908,-0.0032782822819062973,45.21733583264974,0.022742024890993487,3648.2220789543835,3935.651250351499,3604.895227389084,3746.727891920542
2025-11-15,3477.793745980852,3510.3407693657246,3447.104707014618,3479.6354784297027,580649099.1853563,-0.005270351915540261,36.997182385047196,0.022811765816941495,3622.9566621066742,3912.772205054091,3585.6244967799485,3726.943268698998
2025-11-16,3593.2613421507144,3664.6322754513494,3501.6811766219894,3572.642570840493,573952256.6043153,0.026728975775578423,45.43748662252619,0.021715465401154085,3613.9141339249304,3893.098376271092,3583.6272774046474,3715.5135873761456
2025-11-17,3522.0929853393463,3529.910267621619,3508.7939075106306,3516.5989958881496,422871891.0241539,-0.01568686870882774,45.733443179347766,0.021253008046287714,3605.2368639478673,3874.1087710378047,3573.315234094417,3700.7791731918496
2025-11-18,3521.5629608267795,3706.359153074874,3356.090610905987,3540.0195585171564,565759418.4898633,0.0066600037867246,52.32739314583877,0.015447428426737742,3603.2377653939147,3859.853531310031,3568.192822467146,3688.8710535863165
2025-11-19,3656.049423459159,3776.5664480924306,3541.361023167679,3661.7007680130405,437799934.7437431,0.03437303311026163,49.17048790769786,0.018126091635347005,3606.416020214588,3850.6236065319285,3582.5786602434373,3686.8584398401476
2025-11-20,3906.021445359074,3944.712239359111,3877.979184719955,3916.594075285212,321597669.0415685,0.06961063271439438,55.51006211960754,0.029557761799323217,3621.3861312830436,3849.8582881751713,3633.9656471729413,3703.87589431756
2025-11-21,3871.8090700098633,3929.797056043411,3816.53947096719,3874.4891984957044,646382862.3755013,-0.010750380555187289,53.654929642929005,0.030496857816856227,3626.6681980871845,3847.043711975654,3670.9692704533663,3716.513916849274
2025-11-22,4046.6489054451176,4121.755408692162,3946.1485991056265,4020.7748758911926,510897076.2017987,0.03775611955565261,61.56424722216144,0.03004069484173918,3644.009399872722,3847.2330958936054,3724.785517443801,3739.051765667194
2025-11-23,4008.7076959930296,4060.96998634678,3943.5465263392366,3995.638430170212,386144068.2668208,-0.006251642157759307,68.93770869815184,0.03158333259938957,3663.2551899579084,3849.6899974721764,3766.4551963247873,3758.0581852600103
2025-11-24,4013.70149113035,4085.3487322839837,3967.646225117686,4039.0031421722624,423013873.44984233,0.010853012042984833,68.67196711287265,0.02851523725389345,3690.552242736355,3855.2805501994326,3808.385649532091,3778.868922809066
2025-11-25,4153.380683416231,4260.791537973002,4020.66603331377,4127.4051324155935,470163338.8309622,0.02188708132467232,80.68502438467476,0.027872933332774,3713.052621836704,3863.7755741275923,3857.465569975707,3804.686419816957
2025-11-26,4102.474347539816,4285.100488572569,3898.8707517627,4080.519550968212,543522484.7660995,-0.011359578220018651,80.48947036884861,0.02991051536719247,3727.205085815499,3869.3723987810895,3891.781567051477,3825.1185036059387
2025-11-27,4142.818264203989,4204.612556936604,4072.3224601620786,4133.984995830579,575289137.1012145,0.013102607203457683,80.46987161452664,0.01844744870124368,3744.2673324017824,3876.020855912629,3929.0436330174925,3847.997503029986
2025-11-28,4041.253900592027,4106.980149309825,3980.0806849868004,4045.739041291555,524802159.23439,-0.021346462221809137,74.86295489773103,0.020547260196373922,3759.5346379935254,3881.075033994681,3946.996772751964,3862.645024382695
2025-11-29,4146.717029704526,4158.939563647938,4117.4552196978975,4129.627381551017,358942418.98594975,0.020734985475652667,77.85302128571934,0.01689804711665184,3786.7363506267966,3883.526698668904,3975.09378949028,3882.421495284052
2025-11-30,3924.960388938937,3931.1392421227974,3890.3742630088077,3896.5083256459,486772450.3704454,-0.05645038507507205,62.39026138375465,0.02856856980082992,3799.654707712689,3883.5047825010056,3963.0037181296057,3883.4649641997444
2025-12-01,3962.555608429711,3974.6346452221364,3956.923799696369,3968.993686327405,751988331.4495454,0.01860264488707064,67.09241474986086,0.02934468571056771,3823.1302952455785,3883.3352461746567,3963.925251698498,3889.80042509809
2025-12-02,4042.529576826421,4102.924386634291,3991.617477721598,4051.8943465044536,141498855.69458166,0.020887072827207698,68.50784967356293,0.029210469515532956,3852.9709015558356,3878.248239589186,3977.458958591722,3901.807382239302
2025-12-03,4073.1912493918485,4099.094424873563,4033.991467185885,4059.8095426374066,672695724.6170713,0.0019534557064109226,65.68478035207585,0.02895161244599724,3880.482532169038,3873.3797690788506,3990.128279214135,3913.511245972495
2025-12-04,4044.0368677525576,4190.912609756823,3898.849319032667,4045.6665526782594,470641937.4838412,-0.0034836584846192897,56.2757546361644,0.02833845619926016,3907.862282477675,3870.0823480963363,3998.672628977846,3923.3005279507
2025-12-05,3957.6820327423566,4077.464557586914,3875.447333187311,3994.465551652249,367930945.8163321,-0.012655763978401846,55.782336183015076,0.027566731073075466,3933.603786138803,3869.6040631280134,3998.0253863123694,3928.572011187852
2025-12-06,4017.4178167043974,4048.010305781158,3962.543237463532,3992.949400449466,576310525.2795801,-0.00037956296860686134,48.441444754292256,0.025830384585312213,3954.6191276192512,3866.5611336639386,3997.2444654103842,3933.340706688712
2025-12-07,3938.381573371212,4052.718864114002,3795.8740912982307,3909.369105352168,569798087.0251828,-0.020931969508025783,45.46482126796034,0.015245015695605133,3974.257633092452,3859.269939172202,3983.7251792475818,3931.565032515635
2025-12-08,3795.210098930969,3860.0375125714436,3753.569997475645,3818.145766673037,564518995.7480512,-0.02333454228055376,38.94576039436044,0.015217827558962938,3988.163943500246,3850.2630667956214,3958.2514234668824,3923.163605416183
2025-12-09,3990.578476174757,4083.013765446886,3901.247427247951,3993.6147480897844,339676534.61811906,0.04595659572464239,43.840439237018224,0.023263844457360322,4004.759642504084,3844.3342372667585,3963.6919349473287,3928.382208577191
2025-12-10,4003.7836077673182,4083.930454536644,3953.8349197222574,4033.609675218755,564881791.8740804,0.010014718407202583,47.82653125809709,0.023678713662493234,4010.6104225007607,3838.401535080384,3974.448510373702,3936.1768357358255
2025-12-11,4143.060127335943,4309.711516185746,4005.0037277558713,4170.732992379484,211916011.93591893,0.03399518748756791,51.58014364211139,0.026952151879135224,4025.4226121949496,3835.7050411174587,4004.646122989976,3953.5513658575783
2025-12-12,4195.418818796459,4289.789207885036,4114.96932158061,4209.077792230829,468283716.1906254,0.00919377958776213,57.33839981156409,0.025854565159907604,4034.8377580119313,3830.7475331253186,4036.0971490270304,3972.4792492926335
2025-12-13,3957.7281308292386,4008.6964840776636,3893.7478186104763,3944.5464152936115,603581530.8931631,-0.06284782320381266,42.84599238847449,0.03736299547319509,4032.2831572681016,3823.7880310746536,4022.0124207603503,3970.410150477891
2025-12-14,3716.1425179377047,3781.3554270721443,3681.4681912323554,3746.3987872525786,391499641.0993019,-0.050233311306157824,44.036532732570144,0.04137623371294929,4017.6529395221173,3818.6919492646625,3979.6103232976166,3953.816716164905
2025-12-15,3917.9195661944773,3920.7075767454735,3905.697234399679,3908.4785266611884,479136602.39967406,0.04326281013118494,47.755656126013015,0.04411049364727446,4006.7066092343966,3817.162643490209,3968.6669699689355,3950.458331757222
2025-12-16,3791.544008565613,3997.1275460348243,3600.335225001828,3805.22864200619,454718464.6418664,-0.02641689955584825,40.98786383160576,0.041066450697574516,3992.9420637862954,3818.197353640825,3943.5226118208207,3939.700576960849
2025-12-17,3751.972293018829,3777.9030216486353,3742.9839314762726,3768.874169355243,557261313.6021506,-0.009553820826855852,39.58683134440807,0.04044421542905014,3974.686522462529,3819.771949119342,3916.6536206722703,3927.0467689900634
2025-12-18,3576.619734915021,3615.204842818942,3565.6481438330043,3604.148803931315,452121827.6485017,-0.04370678298663078,35.734863592019465,0.037230692454069736,3952.6070105945173,3820.2548946060438,3868.5759565582775,3903.128401207934
2025-12-19,3546.964202287235,3576.871230448829,3512.0299286688123,3541.894208031052,281705271.2749606,-0.017273037071154462,35.481431021609325,0.035046521251301796,3923.220351918519,3819.130065334674,3818.3172260156275,3876.3703128244615
2025-12-20,3571.2917135036237,3618.4990452242832,3511.483605940364,3558.522142325642,536409077.0115222,0.004694644537063475,36.197324123615246,0.03164466983380613,3906.3210427525055,3817.956671102864,3778.348751601784,3852.8260038986227
2025-12-21,3507.0017092925923,3544.571418600765,3493.7321672073326,3531.210277866248,507796289.98338777,-0.007675058175005467,37.53956434586516,0.02736065189307878,3884.4318723294477,3813.2039194119316,3740.3274479501633,3829.002616785114
2025-12-22,3609.3057350276654,3648.125112810595,3540.6729859320485,3579.1682239737293,499458374.6462754,0.01358116405813714,41.894520870315525,0.01913974589543991,3860.7955662029117,3811.3082670877975,3715.533721184558,3810.4963654657518
