date,open,high,low,close,volume,return_1d,rsi_14,volatility_7d,sma_20,sma_50,ema_12,ema_26
2022-01-01,50.00543242308539,51.50707006859545,48.13307903488962,49.623239625510415,94282994.4960571,,,,,,49.623239625510415,49.623239625510415
2022-01-02,49.42663728408886,49.72851601181985,49.20902962517758,49.51053896406962,89636588.16607939,-0.002271126639278531,,,,,49.605901062211835,49.61489142836665
2022-01-03,49.8718192368089,50.17228408252208,49.69670923277341,49.99673547241895,117897564.74411295,0.009820060910711748,,,,,49.66602943301293,49.643176172370524
2022-01-04,52.54469795724502,52.9130410827399,51.81761387164976,52.1834244368132,107031080.37165278,0.04373663487690216,,,,,50.053320972059126,49.83134271047739
2022-01-05,50.352293935796986,51.28197608539478,49.719050588145514,50.64505095052835,78529250.64053695,-0.02948011754475033,,,,,50.144356353362085,49.89161739492561
2022-01-06,51.819136958347364,53.43754813407655,50.298470132092085,51.91409470983716,82993910.66605109,0.025057606527999043,,,,,50.41662379281979,50.0414305293635
2022-01-07,54.195303412527025,54.62531255047954,53.586643407950866,54.01522371516438,126253993.22366261,0.04047318973914571,,,,,50.970254550103576,50.33578558016357
2022-01-08,53.00682319791405,53.6216461891826,52.50767961146089,53.12142345891673,53851946.654392615,-0.016547191602146794,,0.02801030877543855,,,51.30120361299791,50.542129126737876
2022-01-09,50.18421144895977,51.434965894153095,49.04690361146274,50.295144029053915,105499212.51475085,-0.05320413584264383,,0.036951619903728326,,,51.14642521546807,50.52383393431684
2022-01-10,53.47820487957596,54.18921390077358,52.31816619998539,53.023124792830515,93176522.95732535,0.05423944630123212,,0.041841268056021855,,,51.43514822736998,50.70896659050304
2022-01-11,54.702041408305014,55.098146886365264,53.926554094788344,54.31989237584285,84054797.79310541,0.024456642042109067,,0.039770901160970755,,,51.87895501944273,50.97644257460229
2022-01-12,54.070804339309845,54.19020717908616,53.896911531113744,54.01619377611795,80075147.07743111,-0.0055909278616309566,,0.03711218442075806,,,52.207760982008146,51.20160933027011
2022-01-13,49.916168011269455,50.83949173734924,48.81800951752421,49.73803829121892,51171979.196783125,-0.07920135029563158,,0.04900333773307767,,,51.82780364496365,51.09319666071076
2022-01-14,49.83671901152754,51.23599916776013,48.619383325640015,50.01432518792291,123344671.51852696,0.005554841047133996,50.96340249456839,0.04522837854802613,,,51.54880695926508,51.01328025531907
2022-01-15,50.11949214354541,51.65379630720112,48.45044441423444,49.980493420662064,116767471.91722736,-0.0006764415421726122,50.878596649313344,0.0452457080156405,,,51.30752795332616,50.936777526825956
2022-01-16,47.31928285490486,49.25228733344667,45.66584809077691,47.589413634595815,113519910.76245902,-0.047840259717759626,45.751473320530984,0.04438533605135845,,,50.735510365829185,50.68882464592002
2022-01-17,46.05060930402856,47.12438635757339,45.19106095481296,46.260912634017295,89213996.55265321,-0.02791589345435319,42.03504203377917,0.03545414005939819,,,50.047110714781205,50.36083116355686
2022-01-18,45.9238210979835,46.88414100952936,45.29759294245286,46.25341838691431,70632772.70668766,-0.00016199955159279522,36.06175161564421,0.031449300836842796,,,49.46346574126322,50.05657836528704
2022-01-19,46.29128439041375,46.96667151893907,45.81522580394441,46.488583908412906,140204302.73714098,0.005084284139420969,39.59281266399418,0.032629127383154245,,,49.0057916131324,49.79228247959266
2022-01-20,45.385758186961006,47.06115334659729,44.111759736106805,45.77619515608701,156590066.79481712,-0.015323950364445782,34.19090568145475,0.02006754262116659,50.23827334634676,,48.50893061974081,49.49479452970335
2022-01-21,49.17513797406731,49.921356086896814,48.525222665912366,49.270184610150906,92786445.92653435,0.0763276511328681,38.596627202882814,0.039028376999649776,50.22062059557879,,48.62604661826544,49.47815675788465
2022-01-22,50.01543899720416,51.8953726532533,48.30589493666601,50.18019710665631,93347397.00576152,0.01846984142044228,42.93708969868576,0.039759839762746024,50.25410350270812,,48.865146693402494,49.53015974668255
2022-01-23,51.45126599815135,52.40344128648033,50.585100654679245,51.535851965731084,66080758.61463882,0.027015734039333772,53.205796791470604,0.03401215384201437,50.33105932737373,,49.27602442760689,49.67872954068615
2022-01-24,53.5758595664039,54.09105142263594,52.903732507499626,53.41740060344252,107765371.37907185,0.036509508738937324,51.065346836575124,0.02990187566730824,50.39275813570519,,49.913159223889295,49.95566813792736
2022-01-25,51.35935511994405,52.071613249497624,51.133963369758646,51.84409421029734,140734846.02387923,-0.02945306913799528,43.40880903239297,0.0349941819191712,50.452710298693646,,50.21022614487515,50.09555155069551
2022-01-26,52.20109062409688,54.370621874193134,49.79632235995787,51.95565296750909,111511920.5633564,0.002151812253855301,44.45762632567393,0.03517693968911534,50.454788211577245,,50.478753348357294,50.23333684082985
2022-01-27,50.12294347103883,50.530877759760564,49.78377238728949,50.19124449778191,87847136.0361276,-0.03395989404330202,51.40964169732758,0.03853435112107781,50.263589250708115,,50.43452121749954,50.23021888949297
2022-01-28,47.430629646504336,47.70633692903246,47.303758517769964,47.57906874388175,161824361.6958774,-0.052044450780964424,43.3864507241862,0.03415135967915912,49.986471514956364,,49.995220836942956,50.03383739722547
2022-01-29,47.57907885852161,48.72766596866461,46.06291821909701,47.202412377563974,107200733.31869772,-0.007916429981959405,42.593340466754924,0.032618800545880504,49.831834932381874,,49.565557997038496,49.824102210583874
2022-01-30,46.12917370581675,48.05045451955999,43.94790849885094,45.857890356821954,112074163.9311182,-0.028484180214930932,45.110730636522774,0.029184688810697135,49.47357321058144,,48.99514759085133,49.53030873993484
2022-01-31,43.05202700943432,43.9102202182271,42.614200575234854,43.468161815616554,59636920.201992,-0.052111610948755716,42.56004899098607,0.020432889522740874,48.93098668257013,,48.14484208696906,49.08126081961496
2022-02-01,46.64697307532624,46.72113170201661,46.51870967442064,46.59278214922604,94232932.09070943,0.07188296452156218,50.77530807457291,0.043168195338142624,48.559816101225536,,47.90606363500859,48.896929066252824
2022-02-02,46.338536566619005,47.91897384582972,44.374824251479815,45.941727842606895,106540391.26625699,-0.013973286775062377,48.77395467298878,0.04256661178654249,48.37000057879493,,47.60385812848526,48.67802527190868
2022-02-03,49.9998772814947,50.070606438206305,49.51817252842468,49.58831950101235,80986220.59459475,0.07937428193598683,57.55300031692707,0.05471048514879295,48.34870029444941,,47.90915987810481,48.7454544740645
2022-02-04,49.999699297885236,50.298451531306,49.649836964308726,49.94828197508135,115709774.61913064,0.007259017399483536,51.53403191630553,0.049760307893444766,48.34708972217037,,48.22287096994735,48.83455280747316
2022-02-05,50.42315825702341,51.29902863185711,50.05776631654229,50.92996411744001,111090712.68195139,0.019653972139590525,51.69068482884597,0.049379786550853004,48.51411724631258,,48.63934683879238,48.989768460063296
2022-02-06,50.187454857837025,51.467058511128435,49.136162318824034,50.411081591969385,114259537.85744055,-0.010188158080656096,47.36423519303717,0.04732474637754406,48.721625694210175,,48.91192141620422,49.09505091427856
2022-02-07,52.53542495949468,54.21935305723161,50.54996952794913,52.22391266199824,67585125.23962978,0.03596096359729062,47.19416725088122,0.03728974453467386,49.02015040796438,,49.42145853094176,49.32681845114668
2022-02-08,54.32964537671404,55.00125932804619,53.73177349140926,54.40258477933626,102066185.4277351,0.04171790289706445,55.84842050737566,0.032720162563465716,49.41585045151054,,50.18778564607938,49.70280114212369
2022-02-09,54.72475509757627,55.1743895084027,54.21026424488734,54.65936136187349,70600196.74150923,0.004719933502769225,56.13961098887562,0.0298531284403464,49.860008761799875,,50.87572037158616,50.069953750994046
2022-02-10,53.57168414010726,54.67572463565096,52.840982063849744,53.939998854596524,107874214.80628625,-0.01316082898434201,58.93687526656538,0.021276639797877722,50.09349947402215,,51.347147830510835,50.356623758668306
2022-02-11,53.118948000494136,53.68165708003728,52.63362338761189,53.19563184042335,94245644.39568365,-0.013799907860208238,64.6986508128926,0.023479730793027724,50.24427121071051,,51.63152998588199,50.566920653613124
2022-02-12,51.99131217733774,52.054102443716616,51.6562456417108,51.71870668055064,155696318.65910876,-0.027764030781760485,61.17563871834714,0.026615964958778507,50.25341394645148,,51.64494178506178,50.65223813708998
2022-02-13,53.64715725217134,54.63896220064815,52.94980444221532,53.93783095886966,133861275.6967271,0.042907574855377106,69.16441656116896,0.029776159061108916,50.279435464222836,,51.997693965647606,50.895615383147735
2022-02-14,55.7327254237412,57.591881419658755,53.358442909551805,55.19982208902165,61336350.184750125,0.023397142742249466,79.39846741860009,0.028298314217406056,50.447221858159054,,52.4903290615513,51.214445509508764
2022-02-15,54.296410911994904,55.19113174552307,53.944378362901,54.83560332485382,163883358.21250585,-0.006598187283655577,73.97222368032318,0.02441085915487396,50.59121937602629,,52.851140486674765,51.48267942175654
2022-02-16,54.15984386121338,55.63718536679034,53.040821001402875,54.510908979917986,98778686.87776776,-0.005921232287940725,75.40359182002716,0.02449980792885052,50.807202600133095,,53.10648948563526,51.70699272236109
2022-02-17,55.299394060674445,55.36584035240526,55.09127833066715,55.15755419135625,96107240.61912313,0.01186267526150564,70.08214459530137,0.024104710126109742,51.18612687250682,,53.422037901900026,51.96258986821258
2022-02-18,55.94709247924751,57.05890689961144,54.59240803437927,55.69929813585441,61433406.216002695,0.009821754289878637,70.46928468360477,0.022912862436689847,51.61097116042134,,53.7723856302007,52.23938307322308
2022-02-19,57.086823377177765,58.15728238859863,56.38088536273788,57.44689175375034,134247273.14746773,0.0313755051927842,71.99609553440622,0.01851959407582269,52.19042123026776,50.95215777944255,54.337694264592955,52.62512445696584
2022-02-20,58.38634057173565,58.83501388228113,57.50091421813768,57.946205282849306,58764676.46829686,0.008691741430316258,75.46637703341155,0.01396189044295954,52.914323403629396,51.11861709258932,54.892849805863165,53.019278592216466
2022-02-21,57.68875107688526,58.5270360255383,56.87058182221517,57.708585470087726,59074970.099050164,-0.004100696699666506,70.74533961177679,0.01354985686404651,53.47011356967248,51.28257802270969,55.32603990805156,53.366634657243964
2022-02-22,58.54856901077366,60.03111958888825,56.662531494608324,58.13459965587138,116521780.3830965,0.007382163023289978,66.27371321553521,0.012277063052727428,54.0797571603357,51.44533530637874,55.758126023100765,53.71981724973489
2022-02-23,57.32965529806141,57.37237723560101,56.9991306241085,57.041637931717545,97024800.61489615,-0.018800537556354247,59.682023992401426,0.01536543923071905,54.45242308187096,51.542499576276825,55.95558939365719,53.96587804099286
2022-02-24,57.89631729360225,59.95556112268509,56.155079396017705,58.20503840485923,112173548.81109552,0.020395635807904933,66.73008934434972,0.016169534273137467,54.86526090335987,51.69369932536344,56.301658472303664,54.27988991979778
2022-02-25,59.18870797169884,59.89621733590281,58.587437906432285,59.29387888907293,30655908.5213553,0.018706979911945254,73.29159987566608,0.016692809156563987,55.283456641941505,51.84129500894815,56.76200007488355,54.651296510114456
2022-02-26,60.80435409552051,62.62213921918491,58.713995172231385,60.52338040746873,102021298.89769962,0.02073572418319869,84.27633422771635,0.014689959636185364,55.789071582716474,51.97145814279425,57.34067397220434,55.086265687696255
2022-02-27,60.78001194182563,63.8472977719137,58.14441179141806,61.19375644259518,109496492.81462587,0.011076315146530069,82.12031975351904,0.01474776140813392,56.237563771746316,52.13290480246781,57.93345589072601,55.538672410281364
2022-02-28,62.53411832149714,63.61124504557899,61.86869237501994,62.94148431500206,66073654.73512217,0.02856055869108798,82.85753005315325,0.015462507624511415,56.66450874852961,52.38583160818677,58.70392180215309,56.08702884766808
2022-03-01,64.10900383172792,64.65443323233889,63.83918386524532,64.38345815111681,112999548.17445654,0.022909752634655556,87.12689733156363,0.01570451864548751,57.150713587991774,52.613038275352494,59.57769662507059,56.70157916644206
2022-03-02,63.126309675180295,64.77966800029276,61.60685773755041,63.25706868973624,123494336.21289468,-0.01749501337341619,82.01352339021746,0.015239890219528818,57.61656707974877,52.79178180163037,60.14375386578838,57.187170982982366
2022-03-03,64.94774260181313,66.10792182514467,63.4441141559255,64.59804666545932,135409535.31080166,0.021198863676410884,82.88354025153724,0.015290365352942209,58.18668782100057,53.003418859417195,60.82902968112237,57.73612473723992
2022-03-04,66.40294187593442,67.10444546696982,66.01935998391399,66.7190376226473,133544224.8782841,0.032833670159907236,84.58001686014602,0.016712085738854507,58.936704368105396,53.34303884604576,61.73518474904928,58.40152569171454
2022-03-05,67.09323770156881,67.66628952348779,65.89825347268473,66.46594752997619,102424851.12284523,-0.0037933714527261797,81.23119544048868,0.018321042741049044,59.56311019666073,53.672071292886834,62.462994407653426,58.99889027232651
2022-03-06,66.67107813292182,67.53838753470266,65.2334564117798,66.09324896086252,127162824.24174894,-0.005607361106912401,78.46116268292478,0.019736541847044965,60.107781540252766,53.99432640369084,63.021495108147136,59.52439832332918
2022-03-07,67.1715851956144,67.45844294856302,66.5176985795978,66.8029822052538,123037481.74487063,0.010738362170870763,80.75615749301309,0.01821944640631494,60.706150484272754,54.37859777510399,63.603262353855854,60.06355268495322
2022-03-08,65.77371596743461,67.43792632401785,64.45510858990386,66.11252659506513,127887755.04001337,-0.010335700404320636,76.50629431067355,0.018226092114039267,61.28623136503012,54.77563005432496,63.98930300634959,60.511624826443
2022-03-09,66.22094985324689,66.27479237361796,65.99832522740273,66.05203040379249,127607855.24280371,-0.0009150488475986318,82.14174207048137,0.01590689394333518,61.83095517565194,55.17160229466251,64.30664568287926,60.922025239579995
2022-03-10,62.601132883090315,63.96331357244283,61.68637253594036,63.0421094461576,48174180.573094726,-0.0455689392019365,65.24622816793394,0.02362945978948582,62.198095741167094,55.50267280541741,64.11210164646054,61.0790685141413
2022-03-11,63.18591879746717,63.81069504419429,61.96676466029422,62.58560506294321,65179923.29557074,-0.007241261233561391,60.80612391054033,0.01749162652918224,62.45503140662673,55.83886100355453,63.877256018227115,61.19066381405255
2022-03-12,65.64750913133166,66.7533754830864,64.46414319176723,65.56868165376365,134838225.487089,0.04766394105833638,64.85274059668603,0.027800187207870027,62.836155225172455,56.16483094442678,64.1374753467712,61.51496143180893
2022-03-13,67.79092706335835,69.09478080146762,65.97434569982677,67.26814452353534,181920169.77866822,0.02591882018835956,66.86065603305404,0.029543577436674157,63.31413317784484,56.50658989276437,64.61911675858107,61.94112314230718
2022-03-14,71.08704838237733,71.34270912892204,70.33814372711295,70.59202414561184,81142230.93536165,0.04941238747730825,69.5269943296729,0.03446174579219959,63.937004402331866,56.88771333636198,65.53802558735504,62.58193062403345
2022-03-15,70.52151866199306,71.21937962143635,70.13066780469502,70.82683660291967,122447901.83621052,0.0033263312697122682,67.52585968594246,0.03359860835720314,64.62626433589197,57.23590205635153,66.35168882051883,63.192664400247246
2022-03-16,66.57651496078756,70.61093241494886,63.240245858752175,67.24134736351942,155898203.47853684,-0.05062331471193282,59.55848116838847,0.040851626077534224,65.07807978382496,57.54384711941597,66.48855936559585,63.49256684197111
2022-03-17,67.83508604542445,69.8387540775007,65.84009641791157,67.84351651488363,118617242.46491583,0.00895534035195289,58.07219165630234,0.034726419711470745,65.50556166511551,57.86160439036346,66.69701431164012,63.814859410334996
2022-03-18,63.38407617105307,65.03471519201563,62.243797953345414,63.885417847923264,127075520.78908509,-0.058341590623357975,43.54231019679724,0.04348187732182722,65.67366353713824,58.135487857366286,66.26446100952982,63.82008596126746
2022-03-19,63.305322722418545,63.59988599247207,62.920086162646236,63.21422555238221,111268522.34332922,-0.010506189333202798,42.72805381980482,0.03902238846756433,65.77468699262758,58.4481909935363,65.7951940161225,63.77520741246115
2022-03-20,65.96973266430231,67.94024932367402,63.85017538491901,65.8161031283166,81958080.2116843,0.04115968444125517,49.43640149427033,0.041360930461852866,65.91841793329331,58.82046480855135,65.7984108026139,63.926384872894886
2022-03-21,65.8606788564532,69.60336514098444,61.91440060347146,65.64482021877511,85291059.80213428,-0.0026024468389985733,47.592050517232416,0.03463159726290659,65.98148603667623,59.21620340579041,65.77478148202331,64.05367637999713
2022-03-22,66.90746031608653,67.30259300885885,66.869290635751,67.26421980270578,100145753.16287932,0.024669114463771624,52.305446332061216,0.0368488517078405,66.18184359232471,59.692124565532204,66.00392583905139,64.29149441130888
2022-03-23,69.02274623664219,71.63027564743412,66.60438038532148,69.20550638665952,119670984.9465444,0.028860612516546924,55.87054659492378,0.03313769810356676,66.41221657838472,60.14437905028087,66.49647669252957,64.65549529837189
2022-03-24,68.81360615664123,70.06116161349507,67.42750403941344,68.6725013381333,85832149.25400296,-0.007701772248414174,61.54642526633342,0.03337000577048296,66.50988976415901,60.59899452019139,66.83124971493014,64.95305130131719
2022-03-25,65.94746307089137,66.64921319882193,65.1332465020925,65.83378699745555,89165001.97545843,-0.04133698766410654,56.06824960328456,0.028488457088160966,66.47828173753297,60.923903870120256,66.67779391224174,65.01829098251262
2022-03-26,69.85614422015263,71.78517636517496,67.48273288954975,69.39914530575723,132583866.72032441,0.05415696819080873,57.00369274924503,0.03289781774553243,66.64357655477772,61.312921136733785,67.09646335739797,65.34279871016037
2022-03-27,68.29209871162415,68.4251067505573,67.78325249252453,67.91552710765745,118137014.35694818,-0.021378047115181098,51.193103932801925,0.032748141492874604,66.6992037998979,61.65263239653812,67.2224731651302,65.53337118404905
2022-03-28,68.91703484843335,69.82489975817056,68.14734226567901,69.05368105675431,100970704.31602716,0.016758376141183362,46.916463228377815,0.032821227025876545,66.84626152298236,62.02548438583383,67.50419745614929,65.7941348783235
2022-03-29,69.9665391041619,72.19304257194084,68.24301197655984,70.45742320600782,65234785.43214196,0.020328274000335878,49.29267432302614,0.03248688801061515,67.06653116309312,62.39015459671401,67.95853987920444,66.13956364333715
2022-03-30,70.01511057639618,72.50271775183748,68.12120161624455,70.59317222235406,63627754.898549594,0.0019266815357315004,57.39471618103358,0.03104270106977693,67.44408430190295,62.71396634557437,68.36386793199668,66.46946057511619
2022-03-31,70.87279369236464,73.28899886919923,68.14055723603065,70.54560795088976,131088718.27790813,-0.0006737800550239426,56.11082860646134,0.030741631280844176,67.84208444630028,63.0316912773547,68.69952024259561,66.77139741776608
2022-04-01,70.82091233015481,72.50483647812052,69.3437080384615,71.02340846009612,88489334.25435865,0.0067729306343065065,69.15853889203359,0.023335931807343918,68.11482078661689,63.373359469464695,69.05704150682647,67.08636119867941
2022-04-02,70.08681688054425,71.15611123011173,69.49391911673675,70.55921720695594,153701089.42295685,-0.006535750159061826,69.93565803323278,0.014151567045062204,68.27937442078793,63.720631176795344,69.28814546069253,67.34360979188507
2022-04-03,70.12075842009986,73.07647427089923,67.35369085101884,70.30224497713756,78318569.26408252,-0.0036419370847702304,63.952189325963644,0.010212343379147167,68.26488546236422,64.09230194272708,69.44416077091483,67.56276795375562
2022-04-04,71.94069931025147,72.54029072575389,70.93424500403188,71.53041691143076,82337352.22391978,0.017469882145194626,67.17547082271918,0.010351579833049962,68.30006447778976,64.4441536617783,69.76512325407113,67.85666787654637
2022-04-05,70.37986120475813,71.5180444316601,68.67492524876185,69.80379228823314,125754379.1415668,-0.024138327410219595,57.36494256333113,0.012798177486628553,68.42818672402545,64.73623306576252,69.7710723362499,68.0008993144491
2022-04-06,70.14737157774285,72.45387844165333,67.4199664388649,69.71216327349856,93810222.67397264,-0.001312665282657166,51.64592028124767,0.012722084379339678,68.5216190619562,65.03376426473542,69.76200940351893,68.12765960771202
2022-04-07,70.33245933967477,71.30666673639276,69.60374260253393,70.57543254651158,46328708.26206663,0.012383337892215351,56.05197995894562,0.013812047697967914,68.85611979688562,65.3550547360673,69.8871514255178,68.30897612169717
2022-04-08,69.52924526558652,71.36609411910085,68.28738632298062,70.11379456588291,127316445.38953415,-0.006541057758653213,66.03661850837204,0.013662723059550125,69.20109824756065,65.65417954355783,69.92201960095859,68.44266637682205
2022-04-09,68.0643966542362,68.90166420981195,67.38997051598453,68.22564036441646,113055090.02038825,-0.026929853292881334,44.97095689065541,0.01669000180544303,69.32157510936564,65.90470638812907,69.66103817995212,68.42659037590312
2022-04-10,64.63494900577503,67.2302267737528,62.66296350922607,65.2397878935051,90352416.76552276,-0.04376437443405312,39.841161023834665,0.022242755071240374,69.30132349310215,66.06056431092416,68.98084582819104,68.19053093276253
2022-04-11,64.35049568069306,66.37392805921897,62.34455061627281,64.36745435596538,112707235.46853912,-0.013371189050517485,31.841528254432077,0.018548879505583413,69.15648522076512,66.1889892923865,68.27109329400247,67.907340075222
2022-04-12,63.02496423867462,64.86798661514548,60.87048506942756,62.70412523570832,56577744.125911035,-0.025841151198220502,20.549519943012612,0.018702129785651545,68.83141616321757,66.2889000876989,67.41463666964952,67.52191675377654
2022-04-13,65.41060464627185,66.26853919997592,64.04248866199445,64.893642670799,137305795.0044336,0.03491823587140663,31.272551660631024,0.026518803817437663,68.64247322985085,66.42408094799745,67.02679143905713,67.32722978466708
2022-04-14,66.85154349606621,67.4715767011434,66.62245374207953,67.24115182053829,94033034.36686417,0.03617471686168172,40.567855508327774,0.030994371173650948,68.71284147100499,66.62807122577387,67.059769959285,67.32085363917606
2022-04-15,69.47690205017257,69.61517274164504,69.46499548872515,69.60324452833297,108347714.3628347,0.03512867706518352,46.34002609422989,0.03475406145187007,68.72304643213377,66.85603534824334,67.45107373913854,67.48991963096547
2022-04-16,67.17942328629422,70.73622848793335,64.28845102232233,67.8177852136993,109571893.66481437,-0.02565195526060393,43.38539031805824,0.03459524694511881,68.71815933743586,67.02651347473586,67.50749088907097,67.51420597042724
2022-04-17,67.69424458340146,68.68904665418057,66.3928774924003,67.38310723835245,151507883.44512323,-0.006409498245587675,43.01650334742673,0.029249207419208417,68.63463064651577,67.16370801135355,67.48835494280658,67.50449495323652
2022-04-18,67.88112490177505,68.08935367272859,67.31002111655798,67.51713332500938,59166864.59006959,0.00198901612213942,39.868573383112206,0.028199249529049293,68.48761615246585,67.29017554900183,67.4927823862224,67.5054311289234
2022-04-19,67.92459406106303,69.13315008065938,66.65478264379315,67.86222902646013,75982780.32191892,0.0051112315416228515,44.731052638659385,0.02431659337725185,68.35106899267114,67.38859044323098,67.54962033087436,67.53186060281502
2022-04-20,65.53646634401433,69.371232979291,61.4759780191718,65.29671602949824,111547285.1027026,-0.03780472633696674,39.43595469713535,0.02796010302693211,68.08862439660159,67.40685560079862,67.20301966912419,67.36629433812487
2022-04-21,65.54954061331547,67.45072327798017,64.13654756224089,66.02742881664135,113213031.77093136,0.011190651407537944,39.0493520176091,0.024079714059338946,67.83882541442884,67.46226280333671,67.02215953797298,67.26711911431128
2022-04-22,63.137574445299364,63.43623267029695,62.527601795326746,62.824780417887325,110284911.56355977,-0.048504817712163195,34.496025927930006,0.02311373988872599,67.45210357497541,67.42679747838528,66.37640890411365,66.93805698865025
2022-04-23,62.33196397212209,63.85305035701657,60.39423767650781,61.904902483540816,50154204.3767454,-0.014641960198313764,35.9779997689548,0.02258074449737834,67.03223645029557,67.33051477560315,65.68848483941014,66.56523072901251
2022-04-24,60.418477316435656,60.99758687412371,60.15632704664514,60.73406728819162,145822988.29978338,-0.018913448666856403,39.12902574018544,0.022492344700236953,66.49241896913362,67.21587717076746,64.92626675460728,66.1332926963591
2022-04-25,59.9519353000122,59.99586951952193,59.55061319528943,59.59428532029566,164257690.41371918,-0.018766764993484286,38.63048073320277,0.021290720547538545,65.98194362073676,67.08589789795612,64.10596191855934,65.64892177961367
2022-04-26,60.698120307824475,62.57109065325058,59.41231558177736,61.273105667112524,100422972.27717698,0.028170827752927563,46.5938758565098,0.02651176063343335,65.55999074041745,66.9753003671933,63.67013787987521,65.32478725276174
2022-04-27,61.61748041995016,62.16001477638002,60.53654195398328,61.07429361724852,118174964.23331743,-0.003244687007446956,39.95746569238231,0.02452266686826961,65.08493379395429,66.87453570763697,63.270777224086494,65.00993587235335
2022-04-28,57.62763753434662,58.07094774197118,57.19046511835811,57.63372911428921,102919155.53160243,-0.05633408590071076,26.111537372359393,0.028156277866792086,64.46093052137459,66.7061696818469,62.40353905334845,64.46355018657083
2022-04-29,58.9827402463277,61.58860494958002,56.85522122520724,59.44443259480322,75030966.1796228,0.03141742705774475,24.02838551521255,0.030271160926743555,64.02187013289395,66.63421614481982,61.948291905879955,64.09176369829174
2022-04-30,60.30173297872066,61.05838395449317,59.119052159614405,59.87028949103842,140993325.42250302,0.007163949215194254,28.163732551775098,0.03053137101322201,63.75339521277061,66.57990983338172,61.628599226673565,63.77906190516187
2022-05-01,56.352474129433055,58.185906711562104,55.040932564015264,56.86249497455138,136619430.16223413,-0.05023851633350218,24.674809700252226,0.03499038297501312,63.3781472436999,66.40578609979747,60.89535241865477,63.266723614005535
2022-05-02,58.37179838333235,58.38308878177154,58.0520523061982,58.06328303093623,65710109.31950782,0.021117400088094263,28.354394209571737,0.03632507938442394,63.1461051334613,66.2216888699455,60.45964943592884,62.881283570815214
2022-05-03,58.705525072021096,58.71777678022648,58.12196617886406,58.13409863168422,86502623.93776986,0.0012196279137410837,27.443088464488667,0.033793956242964024,62.80812793150557,65.97253035966693,60.10187238912197,62.52964024199069
2022-05-04,59.86123008679354,61.99857009076102,57.58940792442354,59.72176846327596,125518791.01610348,0.027310474729308476,36.459162042813894,0.03624232894905579,62.43215876364244,65.75042899687406,60.04339486206874,62.32164973986367
2022-05-05,58.93287074051326,60.73005982655593,57.505374465587835,59.29382047837183,134385745.82142216,-0.00716569512115639,33.4007889077313,0.027902178972721077,61.9166875611444,65.59147845917111,59.92807572611537,62.09736609086427
2022-05-06,60.07241619841204,60.550790243965615,60.040418370874214,60.51855477881877,118610545.14316985,0.0206553446980815,43.700559127654074,0.02642288845309296,61.551726039400364,65.44497922444981,60.0189186573005,61.980417104786824
2022-05-07,61.57628754098053,63.26534672728723,60.14726423932451,61.83042555236524,102616434.17926066,0.021677166256548253,49.800831820383486,0.027368804905036202,61.27409195510099,65.40387937853865,60.297612025772004,61.96930661942226
2022-05-08,62.582942598574355,63.47891024200232,61.649446932841094,62.54486950344401,107681857.2605948,0.011554892994771526,54.96365742464906,0.012569684435092193,61.02547876402273,65.39049225755988,60.643343945413854,62.011940907127574
2022-05-09,63.09892230006039,64.6563771482532,61.93938764726079,63.48966208251674,113029003.85843977,0.01510583660296394,60.79313946945815,0.012183209530546005,60.80685041682557,65.34396343664389,61.081239043429676,62.121401734934174
2022-05-10,64.44162225527967,65.53074060489627,62.99626958823847,64.07926377056963,96887683.76897779,0.00928657782564013,58.27463002276995,0.01123817822526509,60.745977803879136,65.31265230767978,61.54247361683582,62.26642855238865
2022-05-11,63.15196397377957,64.17937378348763,61.880206387906824,62.903575197955576,91690722.2143585,-0.018347410744659953,55.100244689788276,0.014914752196593105,60.58978512294484,65.22543941558477,61.75187386008501,62.31362460020843
2022-05-12,63.234123971406255,63.637253002960044,63.126197513212105,63.52882355870882,101494472.2061508,0.009939790525190562,69.49699487618399,0.013431714962700817,60.624987279985916,65.11190575902577,62.025250736796366,62.40363933787512
2022-05-13,61.1702238280306,62.544181036133104,60.313851041146854,61.680662198402835,123527662.49788094,-0.029091698173791092,57.37765901321387,0.01889327688038305,60.61377526572902,64.97206897623116,61.97223711550505,62.35008547569199
2022-05-14,58.54716752755563,59.07682420592774,57.64650679496363,58.17277648254375,66430868.290965594,-0.05687172593211742,45.346077349412134,0.027314435757059868,60.48571072544663,64.81884876593291,61.38770471043408,62.04065517990323
2022-05-15,62.35863781980579,62.90564414152514,62.01334674196277,62.55924228043136,163346644.2907292,0.07540409901535106,64.52058022145098,0.041857191542970476,60.63395857345341,64.6820507054264,61.56794125966443,62.07906903920161
2022-05-16,63.08209823902673,63.2954990940311,62.33788421420873,62.54948328248935,95693802.63861552,-0.00015599610203509418,62.17416398949323,0.04138109075757446,60.69777745422225,64.57472982892304,61.71894772471442,62.11391453870441
2022-05-17,64.0685835279047,66.27579212942757,62.11900798851786,64.3186084542918,67395235.61055335,0.028283609695265444,65.3664672293638,0.04279782671079508,60.85999319607441,64.48002837687379,62.11889552926478,62.27722519911829
2022-05-18,67.01309917996528,67.88061781652831,65.91225680815553,66.77671533568308,86097997.47208768,0.038217662671264696,66.8024275578169,0.04379640323448727,61.31714250714411,64.4064142194673,62.83548319179067,62.610520764789754
2022-05-19,66.35648577233107,68.45490760819608,64.44140806998274,66.5346869408403,101666237.36081153,-0.0036244429458099914,67.39931011004009,0.04406722612257828,61.67165522444596,64.32524451383702,63.404591460875224,62.9011997407935
2022-05-20,62.57631873093834,63.18452947751632,61.56544989692255,62.16970859487516,104272770.80234954,-0.06560455225176431,53.447350550290416,0.050765570621091965,61.7866261796378,64.15772652671673,63.2146094814906,62.847015211466214
2022-05-21,63.27520339638978,63.58379527296844,63.08264171307751,63.390881553164846,82155060.24452938,0.019642571694317823,53.27037346152452,0.04365747231159701,62.113045508568476,64.0050759885781,63.24172826174818,62.8873016071476
2022-05-22,59.478531163222534,60.07787653898406,59.46023130261077,60.059397962098615,105334433.69333169,-0.05255461841577602,45.30591382260556,0.03987990499575129,62.2128512551266,63.79507960368095,62.75213898487901,62.6778272630699
2022-05-23,58.76550830119195,59.71841946388753,57.254695850806094,58.198411260481805,60097596.347001545,-0.03098577016691395,40.341151808011034,0.040929706340205145,62.21606688656648,63.55300292934784,62.0515654888179,62.346018670285595
2022-05-24,54.63836956065813,55.37230383155745,53.754778826572235,54.48667545424974,108238049.58893882,-0.06377727030415392,34.28105592397664,0.04154479576487978,61.95431223611517,63.212128100204225,60.88773625273049,61.76384509872739
2022-05-25,52.89364463492615,53.48975745660187,52.0029407487129,52.59569567748942,109888521.69323435,-0.0347053616502645,33.49583608201765,0.031711607556809136,61.619405996071045,62.86796616798935,59.61203770269341,61.08472291937643
2022-05-26,53.11384538701381,53.90537296786931,52.698353098363604,53.486961910354104,107498986.61628619,0.016945611639587854,34.05756910819409,0.03561023297904722,61.26782635264781,62.543462140726454,58.66971835002582,60.521925807597
2022-05-27,53.64624701906408,54.62154976915299,52.675846095108305,53.651061752034465,109938065.80564012,0.003068034448383772,36.53206901017486,0.03361803349251942,60.85885816263127,62.20497472483691,57.897617334950226,60.01297291459237
2022-05-28,53.53569781781585,53.848012231897705,52.759308173977026,53.06889939809608,130380590.11126977,-0.010850900894171178,40.5077174589565,0.0292681539573471,60.385059657363875,61.86407682148118,57.15473765235728,59.4985970985556
2022-05-29,51.52900929954494,52.85744056138941,50.677436575874076,51.99811535180729,70694282.68996146,-0.020177242385531757,27.594986625021363,0.026565016944747107,59.8104823208284,61.539526321229,56.36141114458036,58.94300585805572
2022-05-30,53.50968157315193,53.70147764289354,52.91319065278875,53.10353094683594,57343125.52010703,0.021258762698410427,30.850981998448958,0.03009174867839303,59.26169567964172,61.29680118229561,55.86019880646583,58.510452160928324
2022-05-31,50.853354455966674,52.41812327452696,49.75143367332255,51.306385935861535,115134083.08458333,-0.03384228843037951,23.651303196441845,0.02286742683895431,58.68183621653702,61.03557981389353,55.15961221098824,57.97681762573819
2022-06-01,51.931724815217244,53.97597925719181,49.88495094147735,51.929102143910235,29777996.335255895,0.012137206639874387,17.52057900893044,0.02060425798398092,58.10185014579709,60.820079352057576,54.66261066220701,57.52883870115834
2022-06-02,52.651023223694054,52.841323744659455,52.35097400335307,52.54087641248184,88942915.25778772,0.011780952169675674,19.875595577227017,0.019908655813192677,57.64486085650104,60.573024026891225,54.336190008403136,57.159360013108234
2022-06-03,55.16392370487016,55.61638397569063,54.85962340719566,55.31127086807418,106173322.10427122,0.05272836398545855,34.14755759844414,0.028961415142392723,57.50178557577756,60.334426407841946,54.48620244835253,57.02246452088349
2022-06-04,57.26333597052084,58.39308580435233,56.19118553057781,57.31987674264582,167701320.49170172,0.03631458549130917,36.46046670287141,0.030195524069812556,57.23981729888827,60.0887590521282,54.922152339782265,57.04449505582885
2022-06-05,56.15656949062582,57.866754389655696,54.16150659176715,55.862743347462484,143244981.69188872,-0.02542108388902431,39.786775735912194,0.031160764762076545,56.90548030213694,59.84965821480347,55.066858648656144,56.95695789224615
2022-06-06,56.66801419161752,57.99828356112463,55.80230073349327,57.125579902278744,109778379.42790525,0.022606060482234236,47.31080187454261,0.031240852808477156,56.54582887453629,59.644507668081985,55.383584995367315,56.96944841150783
2022-06-07,59.648619140677354,60.224723298470174,58.726674703942834,59.29940605760352,53958426.875773504,0.03805346324787262,63.07157929043955,0.025340603347428707,56.1719634106323,59.480153122733874,55.98601900494212,57.142037866774174
2022-06-08,58.31753646728812,59.788987860487005,56.327350249852635,57.78537427898891,164628765.562086,-0.025531988923192195,64.39003829169076,0.03095629846564298,55.73449777753973,59.278616027784444,56.262842893257016,57.189692415827125
2022-06-09,57.52354759069986,58.8354021727312,55.699418763918295,56.99931801638628,128822790.64346118,-0.013603031431578705,59.796284017507965,0.032928167677926175,55.475978248615284,59.11266806752221,56.376146758353826,57.175590608461135
2022-06-10,57.16442793812087,57.18063220896905,56.893805605196846,56.90993773628421,85194334.39677162,-0.0015680938511646314,59.127347393010695,0.027771402942065686,55.151931057771264,58.93031824591507,56.45826844726619,57.15591261792951
2022-06-11,58.91228449246717,60.935191182182116,57.1930414269803,59.20733755382107,101750633.18788719,0.04036904465056379,65.68529001869197,0.028578343022040664,55.109328037357386,58.85796938863375,56.88120215596694,57.30787002058814
2022-06-12,56.45053057636741,58.193841466332245,55.22138060516131,56.953734761793214,95006334.9051793,-0.03806289701811483,61.94106833147364,0.031107675117974732,55.04709421242295,58.7589460341988,56.89236101840175,57.28163777919592
2022-06-13,58.201044588304505,59.64635008468529,56.7489563212695,58.194089091933655,126507588.08523439,0.021778279077363072,62.18696542786971,0.0310229796070011,55.23246489430714,58.70814647027363,57.09262687586819,57.34922676532464
2022-06-14,63.69966287140971,64.88679180463225,63.10567963099828,64.28732872877893,68645061.22162512,0.1047054732177235,75.77491250444615,0.04872865082321774,55.81704654687162,58.8020073384433,58.19950408400831,57.863160244099035
2022-06-15,62.02733046014518,63.02576920402453,61.07945917794653,62.07713680564976,100879167.21083856,-0.03437989984704026,68.95494797491548,0.049980798024632886,56.24655529163641,58.81808796121405,58.79606296426084,58.17530665606576
2022-06-16,61.490767971242704,61.52453946160451,61.360369787818776,61.39408818044362,106903254.71160422,-0.011003223736697487,66.49250775385508,0.04977396426798019,56.63370661305687,58.82448385247794,59.195759151365884,58.41373491713079
2022-06-17,61.25542600978846,61.834755787390684,60.89426121844214,61.47231222500697,93277020.22518674,0.0012741299183960386,62.756871876204784,0.04965923433133125,57.053877254402416,58.9012555146923,59.545998085772204,58.64029619919569
2022-06-18,58.6664707621038,58.86833519560105,58.47780547709743,58.67962759957004,82169016.87326086,-0.045429959023094324,52.726917815375415,0.052049156459740176,57.387952866790556,58.88595941478764,59.412710318664175,58.64320963626045
2022-06-19,57.07275151796206,57.744624661950105,56.338840124244236,57.009974240133864,92723434.89862405,-0.028453714308309785,52.28127327135358,0.05099901413966148,57.583275031455436,58.82875310976954,59.0430586142749,58.52222923654737
2022-06-20,59.68591517967362,61.626389771745565,57.89612115800141,59.83220885990832,130691436.82727551,0.04950422548669842,55.06784794397149,0.05385890430631466,58.00956617765778,58.888147387476685,59.16446634437234,58.619264764203734
2022-06-21,59.96825284353621,60.47143986335038,59.92593307819827,60.42879509204743,47059249.77275182,0.009970987926184671,52.24738934896838,0.03224663084296233,58.43455082506465,58.935457628698906,59.35897845939928,58.75330404774771
2022-06-22,64.37027356876152,66.57995383369287,61.57319650816385,63.76199603438148,120178589.04032941,0.055159149495812354,61.09005671340742,0.037530727480198686,58.995606806159614,59.04801557675285,60.036365778627314,59.12431826897985
2022-06-23,64.48915454297965,65.9389916827781,63.4866674623849,64.92965697027586,122331873.50219905,0.018312803997929228,64.50983429440501,0.03715509861069109,59.476526111269706,59.15217334689285,60.789179808111705,59.55434335796474
2022-06-24,71.45586423171139,72.78728103127013,69.7201984579382,71.04393999023733,60818416.05437754,0.09416780105215294,71.18890563601028,0.04884463108568656,60.16272927364929,59.387175737130164,62.36683522074642,60.40542458998493
2022-06-25,73.8758836431896,75.71608041767908,72.46066938554831,74.29287794716987,133409700.83962142,0.04573138760855611,71.98808160995246,0.03908109164338791,61.08423600363466,59.66266220049719,64.20161102481157,61.4341248386653
2022-06-26,74.8598961921224,76.06592250241003,73.87929829957254,75.08240987896313,76661981.95873699,0.010627289635417148,77.60165614705939,0.030332155645395514,61.98207750246887,59.927701887029144,65.87558007929643,62.4451089157244
2022-06-27,75.49708857815428,76.03041906228295,74.40210108925577,74.93143565842654,114007384.63603927,-0.0020107801651542134,76.35765079421951,0.03383003290580419,62.76367898251003,60.175433210128794,67.26878862993183,63.370022007776406
2022-06-28,75.08521650049303,76.9594078306028,73.18456599338988,75.05807997251313,136615399.16957325,0.0016901359619465595,70.8866178315678,0.03490289141631053,63.627314267186236,60.40680156792872,68.46714114417512,64.23580407923839
2022-06-29,76.4962158146367,77.11250161068195,76.49283037348697,77.1090890460172,76571863.60008807,0.027325626691425686,79.33101177812328,0.033370496002701866,64.63280281866778,60.667398073437674,69.79667159061236,65.18938074344423
2022-06-30,76.02948387046476,76.48710172724003,75.34532942698361,75.80157551417375,73784386.78700604,-0.01695667200870643,77.44373337156753,0.037482276113347986,65.57738470756226,60.925358079762034,70.72050296346796,65.97546924497975
2022-07-01,76.16350262901925,77.08282933439416,75.59659406885378,76.51331699744473,89986637.13892204,0.009389534167900004,77.97529498995766,0.020464809045053073,66.44268367974344,61.18504794853675,71.61170512254131,66.75605055997715
2022-07-02,70.9011894921457,72.41570988585842,69.90141825091987,71.40878114084053,135110683.9993429,-0.06671434538349286,71.80059648345534,0.03027965280846843,67.16543599869581,61.37961032738551,71.5804860484335,67.10069726967073
2022-07-03,70.93821411506005,72.19989446555516,69.82950335683246,71.08882969939556,114419862.43534881,-0.004480561582670406,75.28093692172463,0.02948863135280946,67.8101730290689,61.63793139172254,71.50484661011997,67.3961144866874
2022-07-04,72.92532228880097,73.59217209884439,72.1222320038126,72.78782449507082,86671917.38036244,0.02389960283295678,74.2418722075447,0.03181161476997052,68.2351978173835,61.84250303601532,71.70222782318933,67.79550041323432
2022-07-05,69.48024888845765,71.1436353248435,68.3469528546017,70.0018317255986,109019204.73116927,-0.038275532876530516,66.55606138568749,0.0341826382076385,68.63143256338094,61.99155000487752,71.44062842355999,67.95893236229834
2022-07-06,67.69225411145435,68.5211810366911,66.93120588472566,67.7593781500502,83394518.15250295,-0.03203421282372498,57.18430948903818,0.030742676528685887,68.94969706186127,62.06036539879268,70.8742822276354,67.94415056879848
2022-07-07,70.335831291616,72.06042572416628,68.59787366886358,70.32213220769617,119085618.5839932,0.037821392811056675,59.22884911297747,0.03729162996884609,69.39218806099572,62.13127373623294,70.78933607072167,68.12029735686497
2022-07-08,73.12338281744438,74.05694216636194,71.52261043999334,72.44754138492569,48742065.4940781,0.030223901217217408,52.78200404377688,0.0398462422999995,70.08058375026351,62.249530825114654,71.04444458059922,68.44083395153613
2022-07-09,70.99464534754145,71.04830993820029,70.35996285343381,70.41318792256897,105430008.77425437,-0.028080365785608463,41.921304566732296,0.032139978559845676,70.75074443438527,62.41440041166853,70.94732817167149,68.5869342456867
2022-07-10,70.43474665587117,72.04708598981378,69.29276084664531,70.89759582781787,101498193.5912629,0.00687950538159976,41.17378682924796,0.032254580490297835,71.30401378278074,62.56453469716159,70.93967704184784,68.75809436288161
2022-07-11,71.96523346854174,73.09160435754985,71.18489384055972,72.30755286238465,142683624.6050741,0.019887233383639957,44.745028471137886,0.031792705678580405,71.89795167129759,62.80949779516732,71.15011947577659,69.02101721469666
2022-07-12,73.74968443977265,77.10855274263575,70.88033518507926,74.22087121398515,52774678.08474226,0.02646083674331945,48.435263765611076,0.028187797085541935,72.4208954302778,63.12994699423738,71.62254282011637,69.40619158501433
2022-07-13,76.99816152132745,78.47517299987429,74.86526181266605,76.32944569994908,54104008.96110137,0.028409454799913636,48.545981780075536,0.022249036646746434,72.99088486676143,63.566802399151356,72.34668172470602,69.91902522315765
2022-07-14,76.05770969282183,78.61703056799145,73.66157768623744,76.21591445785437,89887571.92174637,-0.0014873846004462843,50.808751049587734,0.02116149642776039,73.2494835901423,64.03920677475865,72.94194829903654,70.38546146276481
2022-07-15,73.79299989038996,73.91236413939339,73.29886466859803,73.41762172270298,90272476.89817363,-0.03671533373385927,44.41261209317371,0.025997307455788016,73.20572077891896,64.43781997100565,73.01512882575446,70.61006592646393
2022-07-16,73.29669534278713,74.40673588065461,72.83648585712912,73.94247174526586,97845690.07772125,0.007148828990201306,55.478761451128605,0.02230812418455885,73.14872387223409,64.84364817087027,73.15779696721775,70.85691080193074
2022-07-17,71.51421785956693,73.27959564233079,69.5771460014946,71.33817812194138,93868669.32097094,-0.03522053782968404,50.49070457792533,0.027490345938323498,72.96906099540982,65.20903374534718,72.877855606406,70.89256023304263
2022-07-18,71.97102348305314,74.93203299914808,69.26869486082877,72.22034306175811,124067034.64600101,0.012365958355549989,48.846129975271836,0.026776475548364265,72.82717414987209,65.6134782995462,72.77669983030633,70.99091451665119
2022-07-19,73.63330680093988,76.43359357531455,70.38598753733028,73.16860149234964,112978703.6101162,0.013130073749173965,56.95913239849094,0.025007922604340982,72.6301497721887,66.01477971045647,72.83699239369761,71.15222466299923
2022-07-20,71.76700176976274,73.8613747143048,69.02314483690722,71.09799416484441,123807056.82731362,-0.028299124013211108,57.39260796122088,0.022680036444596152,72.39497070472223,66.41061187503612,72.56945420464328,71.14820758906184
2022-07-21,70.4664809089413,70.64680209041697,69.9943987362488,70.17397139643879,112236101.62890439,-0.012996467470843487,49.6462598662791,0.02238648850367952,72.07800342467195,66.7755092600867,72.20091838799644,71.07604194516384
2022-07-22,66.27064125104464,67.07671504650116,65.19748362583574,66.00026878310643,57773963.52933064,-0.059476505751022146,35.9782977978831,0.027683593001547133,71.80757780678523,67.04469710749919,71.24697229493644,70.70005874797441
2022-07-23,63.983279375235504,64.31902726727232,63.95076604207516,64.28635992264353,89026994.73422633,-0.025968210312828366,36.4868600865148,0.026099091373221556,71.46745431794764,67.22419888859058,70.17610885304522,70.22496994609804
2022-07-24,62.11079846374025,62.721243583726995,61.39170611324287,62.00107281387005,123336265.25910197,-0.03554855355822584,31.82214294917074,0.026132304757852127,70.9281167338876,67.31782281001506,68.91841100086442,69.61579238074782
2022-07-25,65.46137612491322,66.47425339635632,63.8708820466581,64.87468145056928,65032182.50735341,0.046347724422864944,35.669872155831584,0.0347748590831631,70.67175922013612,67.49806157207719,68.29629876235748,69.26459897851238
2022-07-26,65.57812949409039,66.10323736966177,64.48478826418507,65.00530936112419,120441118.24792792,0.0020135422268614533,30.92152905037615,0.033524128166342426,70.53405578068983,67.6556561612541,67.78999270062928,68.94909604389103
2022-07-27,64.98125533533066,66.37070199076734,64.15429403418808,65.53667236830815,75634273.06545368,0.008174147810482202,26.09523103599298,0.034172036640560254,70.29478278872043,67.7804014874682,67.44332803411834,68.69632391977377
2022-07-28,65.07600648680857,65.1918369119578,64.73740370619176,64.85283690617612,115254253.67455752,-0.010434394018191129,25.452226762615027,0.034161619264609755,69.91504756478295,67.92175074001194,67.04479093751185,68.4116211780258
2022-07-29,61.98408737430251,63.03909618707715,61.28924087457862,62.34025699783082,83009772.07704118,-0.0387427910359619,25.770350585446195,0.02985489816674103,69.51140101854604,68.02856951964083,66.32101648525322,67.96189049801136
2022-07-30,62.450723180028604,62.948375266700666,61.71265154331472,62.20837240545435,92698940.30488172,-0.0021155606140838,23.884929433079876,0.02876870878804122,69.07693984742787,68.13453821302423,65.68830201143801,67.53570397263677
2022-07-31,64.11181766914251,65.26112479606057,62.491656800833105,63.63236904238118,160170714.37555823,0.022890755405810648,31.89922006858157,0.026596539194416836,68.64318065642769,68.22303884279543,65.37200463158311,67.24656805187709
2022-08-01,61.744584916236406,62.86456714938997,60.145275295800836,61.256402408527045,148904420.37052077,-0.037338962380477514,25.93479113433237,0.022958408625229527,67.99495721615479,68.3090921957301,64.73883505880525,66.8028520782956
2022-08-02,60.433383399976194,61.804138241081894,59.4365815947145,60.80126845702496,92277652.81443453,-0.007429981742426484,22.25378832425403,0.02255013080584309,67.21854835400859,68.36123578303193,64.13305558160829,66.35829032857185
2022-08-03,62.34061599540031,62.65469893834811,61.78727982727226,62.10015126679763,101535693.29001391,0.021362758421573647,29.08917925912081,0.024700444967154372,66.51276019445575,68.31749223379231,63.820301071637424,66.04287262029229
2022-08-04,59.963355689738385,61.16737071873285,58.588500918878395,59.78901533649018,120959621.557556,-0.03721626893271546,27.32731851204008,0.027196644089642955,65.8313298751451,68.27172980440912,63.20010326623016,65.57962393260324
2022-08-05,57.153911870409694,58.05944009867749,56.772157325276446,57.674210266011926,106612833.0020643,-0.035371130609464285,30.02674298761653,0.02665252328234462,65.01791680118241,68.19733224612048,62.3499658815812,64.99403773507797
2022-08-06,58.60827747145378,60.36215382195909,56.38383507631611,58.12319514240439,106199114.00881535,0.007784846542702617,34.26004788483105,0.02743792078777937,64.35716765220556,68.13034990446845,61.699693460169385,64.48508643191697
2022-08-07,56.4976162656397,56.78418719266389,55.86825845830152,56.153081815013294,92092858.47150001,-0.03389547533586601,34.82059994758676,0.024568017679375446,63.55380458986831,68.07981898877729,60.846368591683834,63.86790090473892
2022-08-08,55.523700407492626,55.91747250560338,54.98995983321843,55.38273218976922,108165827.50338471,-0.013718741702937298,22.342256771816537,0.022948730209987202,62.66451112473929,68.04727414777001,60.00580914523543,63.23936988881523
2022-08-09,56.580207202600114,57.59039282895083,55.71417181765642,56.72218429561339,75112568.40653719,0.02418537426529488,27.452888617314542,0.02719192516296891,61.94572063127775,67.9850736564841,59.500636091447426,62.756615400429915
2022-08-10,56.331004370142225,57.29112400341032,55.14270755619249,56.09887064457103,94599917.19201137,-0.010988886602002035,24.437758542425584,0.02356970454951069,61.241965593684355,67.89847516753458,58.97728756115875,62.26344912221815
2022-08-11,56.368931501806834,56.84613653436054,55.41317815699581,55.88629733145646,92177901.80189645,-0.0037892618990742477,25.077954229638408,0.021410592076539243,60.73626702110187,67.74096119347608,58.50175060274301,61.79106750808765
2022-08-12,55.56411915549619,56.97123246849556,54.68538157039264,56.084268800624926,94725747.58454151,0.0035423973070591863,30.044139665275395,0.01838064534205648,60.32616246500093,67.56405343008306,58.12983032549407,61.36834167790523
2022-08-13,55.5438997275868,57.32764645988905,54.315895937215686,56.08762168031599,89866452.82604572,5.978289033214956e-05,30.314106472281594,0.01778873855510391,60.030489908323226,67.26492706388463,57.815644380082055,60.97717723363936
2022-08-14,54.896338461211144,55.57778192085297,54.7329885872296,55.41289497820128,134436380.7857728,-0.012029868300718283,22.22543056370823,0.013180391483562804,59.55740058470483,66.88732740450526,57.44599062594655,60.56500817768099
2022-08-15,55.37872695148369,56.237497973373635,54.67655453071991,55.53336482765587,37062576.137010716,0.0021740399865768367,27.183173608762814,0.012114881172917714,59.08380335803141,66.49634650347912,57.1517405031326,60.19229385545691
2022-08-16,54.47071936405781,55.6383098387815,53.09928911133111,54.262414531411196,87113076.94621262,-0.022886246856983816,25.52289500242965,0.009533700628463143,58.52009046618656,66.08296608093882,56.70722881517546,59.753043535157225
2022-08-17,53.33044311670576,53.745425560415654,53.26337407197334,53.677919524925144,94365529.39745368,-0.010771636528405848,16.691309331405535,0.009516131259567543,57.96134459712401,65.65536287198705,56.24118123206003,59.30303434921411
2022-08-18,51.16044537184298,53.61945535600881,49.08888391816082,51.53281606684945,190524661.8866167,-0.03996249253065076,16.91342799063483,0.015744824869834563,57.420972550574945,65.1438374124037,55.51681736048917,58.7274626245945
2022-08-19,51.063759986105964,51.39159575679121,50.50466465211554,50.831006113623665,163620055.00746778,-0.013618699826444147,19.073524838965284,0.014298074501600635,56.852104235983404,64.6444260243927,54.795923322509864,58.14253992007814
2022-08-20,51.070025220326414,51.64084155841682,50.66200811106792,51.23153409568465,92764559.49882881,0.00787959973024499,18.717522021853483,0.015794290021692733,56.232062488648594,64.1387903663575,54.24755574915214,57.63061356271566
2022-08-21,53.41126835367528,54.161353011137315,52.30134851798093,53.046307828318895,118744062.72442226,0.035422982439776485,35.696081169877374,0.024134080209697376,55.82155775963819,63.771540900107055,54.06274837671626,57.29103536016775
2022-08-22,53.37369999900208,54.855362018065975,51.390898851619255,52.858251954679815,113148941.20754975,-0.0035451265382636654,37.71850401260746,0.02390833155497904,55.42440693452092,63.406929345212745,53.8774412348645,56.96268103383531
2022-08-23,53.319763555863865,53.797305233972416,53.287062220684476,53.76433124272765,120582461.02529342,0.017141680902060363,34.976676546727745,0.024200007165735133,55.00761593331741,63.02645948016588,53.86003969761268,56.725766234494
2022-08-24,54.3741285037432,54.9797716330939,54.06884049699133,54.67280667324801,40062646.10093912,0.01689736316850854,42.96074364823468,0.024606543141127247,54.75180550015531,62.71987897911887,53.98508077078735,56.57369515588319
2022-08-25,56.32147218162685,58.25257500559217,54.85202360674018,56.771387957438094,128007008.51907663,0.03838437080306223,53.68315911141459,0.019060626017718605,54.70666438472663,62.500119175266626,54.41374341488746,56.58833906710949
2022-08-26,57.83915061068614,58.453990843025196,57.77887710111304,58.393140027491256,63960520.46729966,0.028566362888097885,58.590091534484166,0.015100936586165665,54.72016162898096,62.26153933166253,55.02595827836497,56.72202802713777
2022-08-27,54.569895664090645,54.59450252039231,54.29480594934493,54.31929980604868,100759536.36420599,-0.06976573308995926,44.950433708773865,0.03749340507291432,54.62847252853273,61.89897450008499,54.91724159031631,56.54404815890895
2022-08-28,57.58050232504537,59.19161916484607,55.69000894261844,57.29308373856662,99654548.26503256,0.05474635982304754,54.745866498722684,0.04036331574077396,54.72399010597261,61.636572416404945,55.282755766970205,56.59953227592063
2022-08-29,57.895809236119405,59.384292680367,56.0363125518511,57.51500565313145,104304765.84485675,0.0038734503378712315,54.97645869396804,0.03998968405107651,54.7636311738485,61.36892061291122,55.62617882637963,56.66734511867699
2022-08-30,57.11906580661717,57.93873364413643,56.38321378970458,57.20181558058574,47292613.50192066,-0.005445362805570064,57.75469746837523,0.040492352527020686,54.818778420649245,61.06680586727524,55.868584480872876,56.70693552326283
2022-08-31,58.44512171740613,59.00130476641304,57.85344296113609,58.40928497589456,76895297.11315195,0.02110893479609466,62.08499955305021,0.040649693487370214,54.94492780287114,60.75057414251342,56.259461480106985,56.83303548271703
2022-09-01,58.76952601485727,59.49969286251464,58.33430033560297,59.06229901319484,116082118.33792141,0.011179969718338123,70.81891379754151,0.038763799586725545,55.09382931349965,60.40523120877834,56.69066725442819,56.998166114604274
2022-09-02,57.91309159485721,58.00221156208944,57.543210493838885,57.631897743941195,95807362.16100869,-0.02421851660285157,68.07606817973826,0.03884975370109361,55.171043116680906,60.03355087450008,56.8354719451225,57.045109198258864
2022-09-03,59.58910855624928,59.69224605649691,58.97690487749183,59.079159752606515,149570148.00629908,0.025112169914923044,69.75875803734597,0.025047269376988736,55.35435635540116,59.74678163509814,57.18065468473543,57.195779609692025
2022-09-04,62.58936573820365,63.30667841308989,61.594971558805256,62.309071893623205,116672841.57513753,0.05467092210759117,71.77041866461589,0.02502598823855417,55.693141708699535,59.51411363806529,57.96964194764124,57.574542001094336
2022-09-05,58.77617792486618,61.26233472881312,56.87010045441299,59.33803650928847,71703653.6245445,-0.04768222818993384,63.467723305945675,0.03393037831972443,55.946922807593396,59.274110805812235,58.18016418789466,57.70517122392353
2022-09-06,56.9160804724297,58.45586774849984,55.129684021326916,56.66261410909572,62148236.10323188,-0.04508781479100599,55.61115921492845,0.03890094021963641,56.09615753680193,58.962956226758976,57.94669494500252,57.627944770973315
2022-09-07,56.112018628081344,56.70856905575924,55.1919073630027,55.78498091545665,118978795.02560684,-0.015488752282930562,52.155775898229415,0.03792813761415454,56.30876577923228,58.615283815221126,57.614123555841616,57.49142892982393
2022-09-08,55.71591890962528,55.72663328109203,55.521911942607844,55.53259105947007,113977137.71544342,-0.004524333464756003,47.41368020592518,0.03720491754952444,56.54384502652461,58.30397575311365,57.29388778716907,57.346329828316236
2022-09-09,58.05064946493957,58.687630951900665,57.07724397875936,57.710492977154246,96730143.13188846,0.03921844589156387,48.607137117192444,0.040247091366757054,56.86779297059809,58.05470618472795,57.35798089332063,57.373304876378306
2022-09-10,57.09450676384807,57.362635827442475,56.345241779426566,56.61110065566901,25312031.531507064,-0.019050128750770612,55.322162477010075,0.039266405556372376,57.046032611965586,57.866922822179205,57.243076241374226,57.316845304473915
2022-09-11,55.02688076271531,57.29153047095556,53.141154171326804,55.39324874581446,155928578.83391064,-0.02151259904416991,45.196322587291775,0.029068709109152005,57.17278245152232,57.68906059864262,56.95848739590349,57.17435667049914
2022-09-12,55.522441702304185,55.69297763140061,55.33093911055739,55.50141044261338,83947655.74351831,0.0019526151516269241,44.87922445633896,0.02603425995395874,57.25963641151661,57.55906735121749,56.734321710781934,57.05043472769278
2022-09-13,54.676550591419705,55.51741915065521,54.35658721752947,55.19442521048791,121851725.82134943,-0.005531124879121441,44.89339239301309,0.02069514688358291,57.2857173383786,57.36546222641586,56.49741455689055,56.91295254123316
2022-09-14,56.04078642170567,56.724680970692425,55.907187592220836,56.589773379862585,73456088.63616763,0.025280599699216255,45.415163919069485,0.022442355984725014,57.276636609499825,57.19715150679063,56.51162360657855,56.8890133440946
2022-09-15,58.296228236701914,58.88217011455655,57.620741828752216,58.20577454649995,66011692.59649764,0.028556417001175394,47.94161090093216,0.024190112789594584,57.26726833545026,57.050533550354466,56.77226221272031,56.98655121093944
2022-09-16,59.5021100805914,59.92713081092833,58.93836683149621,59.36238954471881,84075212.97989619,0.01987113834031784,54.214151530067724,0.020755156371731927,57.519422822383774,56.94072460312532,57.17074334072008,57.162539235663836
2022-09-17,61.582020364634396,62.473580298627375,60.48351293025942,61.37203274726415,95617047.86517246,0.03385381245529939,55.43481815327553,0.02049830784641983,57.72337027281865,56.92136011811398,57.81709555711147,57.474353569856454
2022-09-18,61.31273184419423,62.673898116833946,59.45576657355473,60.8056760113203,128925327.9865167,-0.009228254476695619,45.92149845755769,0.017475875590172583,57.88790379072809,56.89330619023131,58.27687716545129,57.721118195150076
2022-09-19,60.44836887219474,60.510877700498504,59.82330060745274,59.88522709858025,83130835.67908612,-0.01513754920788457,51.67028547376006,0.02032537744636728,58.02207436662782,56.818363351355295,58.5243156167019,57.88142255836713
2022-09-20,59.83331166584422,61.16702351855704,58.29354213086762,59.62255614677376,89631488.90998349,-0.00438623955410733,60.59589466025735,0.020173329320134745,58.08273792517177,56.78568642612022,58.69327569825142,58.01039541676762
2022-09-21,61.09721945103896,62.566850197957564,59.215995114645345,60.675481386372624,134316424.8727947,0.01765984734044035,67.28984963910025,0.019484359686471324,58.16339704383066,56.78317068470717,58.998230419500835,58.20780919229392
2022-09-22,58.91464909621395,61.23569569791022,56.950521553184814,59.26005290124985,97569475.21427877,-0.02332784928576881,62.17668681230331,0.021123867936905502,58.24480480169609,56.72636871739622,59.03851080130838,58.285753170735106
2022-09-23,56.61425215335994,57.92746963714998,55.26183592869296,56.5741225714568,124572504.03430082,-0.045324467297875204,46.40702005007285,0.026106004996059345,58.119552942638606,56.662070862095554,58.65937415056197,58.15896571893671
2022-09-24,57.94982188023423,59.25860228297019,56.37532967469026,57.67797038805577,22907843.47455106,0.01951153224170188,53.37228234252474,0.022753474991964402,57.88799786736024,56.66214606453643,58.50838895633025,58.12333643516776
2022-09-25,57.55819101101182,58.72165520674656,55.88222801714119,57.03511899024216,78810632.70693848,-0.011145527373597308,55.38557750462464,0.02277376250292841,57.772851991407926,56.64038454149318,58.281732038470544,58.042727735543636
2022-09-26,59.42501905912931,59.90264157165523,58.83205829040833,59.30874627230285,33560224.809864104,0.039863637041761324,60.9351652368319,0.028914633303648612,57.90515859956829,56.70349783063897,58.4397342282909,58.136506886414686
2022-09-27,57.65936501171898,58.1733367136242,57.480805716692736,57.99374192149751,91236542.12143154,-0.02217218257772291,57.599941512516814,0.030019943101164733,58.01559664987032,56.75571802527354,58.371120027245766,58.12593170382823
2022-09-28,54.983606351220466,55.152107463354774,54.3569981092476,54.52409100442204,121120248.71143092,-0.05982802285412314,44.95953785730675,0.0347967692956563,57.96517164711793,56.71175615944971,57.77926940834981,57.8591286890574
2022-09-29,52.61376470351555,54.42741150473317,50.403582916558676,52.20307277408889,116650312.20037603,-0.0425686735455143,35.840025396368745,0.03632457837678085,57.68980063696465,56.633840202040076,56.921393003078904,57.44016158424492
2022-09-30,49.28846382310494,49.89924830061872,48.69248103280169,49.30308867061004,75881871.72918218,-0.055551980934698264,28.07417335299482,0.037811159880028804,57.3244000377117,56.50217602882313,55.749346182699085,56.83741544249418
2022-10-01,50.392896053878324,50.74680134040751,49.68867562879161,50.04010327982924,64468681.68722066,0.014948649853219864,23.84950541541268,0.03707188244242533,57.05674276441245,56.38129271840723,54.87100112071911,56.333910837852336
2022-10-02,51.091027148548015,53.714320022091506,48.10164706581684,50.705125644730664,57172526.846123554,0.013289788016274784,26.796799578678687,0.03908474028270583,56.81692852451831,56.27364279769552,54.23009720133627,55.91696378650999
2022-10-03,54.296909744931206,55.68648205908158,52.64743827441378,54.03018452832947,65267012.433007054,0.06557638584501468,37.88780699033746,0.04583548657182709,56.75871649041039,56.24598858869808,54.19934140548907,55.777202359978105
2022-10-04,54.58565910963444,55.758342760221,53.626178237129345,54.79517904547985,74172129.00929226,0.014158650832466924,40.21703357645483,0.046585993146326866,56.668986773691245,56.231224873054565,54.29100873471842,55.704459892237495
2022-10-05,56.355662701739,56.493623810974924,56.062966292025386,56.20054767293576,116108891.9917608,0.025647669228153536,41.059002727446824,0.04138576080550676,56.56872543001303,56.26998753588505,54.58478395598263,55.74120713525218
2022-10-06,54.99991546131046,57.486540305827496,52.93589957771226,55.40723855623077,85453385.43300343,-0.014115683023619763,42.10575653393824,0.037102551327694425,56.37096788058864,56.30457391651116,54.711315432943884,55.71646872199133
2022-10-07,54.682160717981006,55.76718513178599,53.86858671278202,54.94963163163583,109423260.43734905,-0.008258973674180381,46.33700588722019,0.026006754776093096,56.049847824807216,56.37291022780689,54.74797946351188,55.65966597455759
2022-10-08,56.21198804027823,56.46258979926394,56.157337035571125,56.40774847031184,166805973.61029834,0.026535516169621243,47.180871581472715,0.026303721866875202,55.8299514477568,56.48444507494066,55.00332854148111,55.7150794927616
2022-10-09,58.58576016358831,61.39770696034648,55.40900006066738,58.2025540751187,100127143.2264589,0.03181842306206373,52.46496278383975,0.026732617371785408,55.74581779658372,56.62386547452934,55.49551708511766,55.8993368692325
2022-10-10,59.11125637088217,59.65452129955601,58.60315705322771,59.14612228689886,165534493.50017315,0.01621180078390294,49.63619647017446,0.017776515541370257,55.72199610358998,56.745861763700944,56.057148654622466,56.13983949276334
2022-10-11,59.01514012148634,60.04432059725408,57.97803413635528,59.0070739439415,100515398.09080936,-0.0023509291493849505,52.39280455754988,0.018690917242770583,55.638575731468414,56.86883820348616,56.5109833145177,56.35222722988765
2022-10-12,63.30536002054293,64.05912445417351,62.434180229332114,63.186529774666475,111743203.42453517,0.0708297421203361,69.79138055355743,0.029408149949334425,55.83489957513924,57.05728217412495,57.5379904622329,56.858471862834236
2022-10-13,62.38711501255908,62.61731068342188,61.547450091247875,61.77538861705807,70154451.4438567,-0.022332942838303782,72.81894220092158,0.030989795987713797,56.09496287741931,57.19933381300115,58.18989787066754,57.22268791870267
2022-10-14,61.013699798104,62.494825067005294,59.84533969855258,61.32058831516864,99440734.70228007,-0.0073621601105370305,82.42834941134538,0.030874116929202573,56.27709377377496,57.290317820155764,58.67154255443694,57.52623609621867
2022-10-15,62.407810109775504,62.82254684437386,61.93757296858025,62.35193840270667,77674776.97017473,0.016818985529577946,82.70310808233835,0.03054832022137353,56.54293474439818,57.36949378766007,59.23775730032459,57.88369552632889
2022-10-16,63.496088867505236,65.34151167871164,62.2530449169306,64.08690156458077,134632376.48678312,0.027825328391054338,83.63339027621905,0.03021310806639008,56.78184250901207,57.56484582283071,59.98377949482554,58.343192269903106
2022-10-17,67.9382661503021,68.83595895688829,67.65591278981232,68.55105881271794,145440704.14441735,0.06965787296860682,84.51978102984438,0.03682568981369785,57.3097083535731,57.79000532431373,61.301822466808986,59.09933053233384
2022-10-18,69.0690671971474,69.90304993808529,68.74620672119082,69.5778113587487,97359665.74486616,0.01497792395644626,84.71006876894273,0.03548416959168744,58.06239437128943,58.03126143842608,62.575051527107405,59.87551429725346
2022-10-19,68.51161466892164,69.14442865774853,68.11187371256517,68.74333569146489,92002728.56257251,-0.011993416449695316,80.26215920705873,0.030915064929878017,58.889407517158226,58.26209184064366,63.52401832162394,60.53238995608393
2022-10-20,70.96591327343366,71.09480686299612,70.77821920853113,70.90700580595349,127441535.98715138,0.03147461630607551,85.0770095010566,0.027282881916788904,59.96960337392541,58.51204625724484,64.65986254998234,61.30088001903724
2022-10-21,71.64153943683885,74.24001598745684,68.66533427892514,71.24959478976265,114106501.17110555,0.004831525177451557,87.0809447594161,0.025564993416226887,61.03007794942208,58.755792172776204,65.67366750994854,62.03782185390578
2022-10-22,68.35164544892595,70.4399556571562,66.34478207002319,68.43076913835425,108861465.04868379,-0.039562690282323176,75.75669499226431,0.034698339544582964,61.91636012410326,58.97176960066446,66.09783699124173,62.51137350460567
2022-10-23,66.44478864427435,67.89645484563268,65.58972391296622,67.03381011451623,69735510.9247647,-0.020414194395705687,69.24712282836948,0.036225537438375005,62.566541403412586,59.13086260790266,66.24183285636089,62.84636880904349
2022-10-24,68.96746971943315,69.39159532308841,68.90178211057525,69.32556664718805,130246835.41370346,0.034188069106570795,70.95402955185452,0.027407123250620016,63.29306078349801,59.27119250297395,66.71625343956507,63.326309389646795
2022-10-25,69.98396695700885,71.03548348377205,69.01114448242912,70.06158210831202,114415624.63560842,0.010616796900769776,72.20948156853088,0.02710900008269021,63.98611250526682,59.48566341495442,67.23091938860306,63.82521847991829
2022-10-26,71.21776945231731,72.49839813819241,70.01434882635621,71.29369454834062,149463899.42479876,0.017586134982276125,68.47612640799103,0.026995597558962175,64.78043530487231,59.778285023739315,67.85596172087038,64.37843892943106
2022-10-27,73.42061060155439,73.82816972559417,73.33014712029245,73.73731602318395,153385061.55162513,0.03427542211585677,76.03583068485219,0.02746094514458558,65.71981952444972,60.137331725893866,68.76078545968785,65.07168908452387
2022-10-28,77.95192197457551,80.13254366468402,75.38507416288206,77.55458065429592,106282102.03383881,0.051768423872544655,80.82265528171465,0.03242864602895419,66.77716113364892,60.57777151779038,70.1136770280891,65.9963477193218
2022-10-29,82.66503956806446,83.2059919998946,81.32467431111739,81.86036100025422,137551945.0020537,0.0555193556542013,82.94346308030282,0.02624343033316744,67.96005147990569,61.060768878252375,71.92085917765296,67.17145981420569
2022-10-30,80.29289022354412,81.31234063727135,79.43447946036291,80.45222641194417,108960446.94729994,-0.01720166599687578,77.94423321193544,0.025303242424824863,69.02535668615795,61.53759139337788,73.23337721369776,68.15522030292706
2022-10-31,78.45520745162153,79.30926299164852,78.37760964908892,79.23089797579667,75858070.53867163,-0.015180791018683082,70.50716599007595,0.029408588411147785,70.03654788775073,62.01434437797753,74.15607271555913,68.97564087128778
2022-11-01,80.39308474083687,82.02915734314891,79.29653496444135,80.92534758040513,72662286.6914783,0.021386222394274457,71.24451167042709,0.029139175438264484,70.92348877803765,62.522823120733364,75.19749961784314,69.8608043312224
2022-11-02,78.7752154624334,78.91977356559413,78.58577024781512,78.73024582851062,88624422.77238055,-0.027125020991890403,67.79081025876968,0.034467518413864646,71.77123163861029,62.99353953309382,75.7409990348689,70.5177999976882
2022-11-03,78.2713471574224,79.019557510531,77.68801596624695,78.43500661800182,64633355.76502156,-0.0037500100171398154,64.36686443539358,0.03387376238504502,72.62695255375195,63.4304441978566,76.15546173996627,71.10425974734106
2022-11-04,82.71362798010183,82.88373552717123,82.1669594779291,82.33629099969622,123640754.28218706,0.0497390712375998,68.62817280477252,0.03345628321651361,73.62617018360142,63.913054526920526,77.1063585491555,71.93626206233033
2022-11-05,81.08254123350845,82.95076414704711,79.18078507733841,81.04821712915437,96991949.89470826,-0.015644059926704812,72.34986638220253,0.027214049082075493,74.47423596183009,64.34677107860925,77.71279833069379,72.6112216969099
2022-11-06,83.65327324253832,84.11467398524944,82.87837261366676,83.33803461584989,115408991.6545268,0.028252533711464523,77.99490999018163,0.028141812913901408,75.2135847519867,64.78609111598095,78.57821929764089,73.40580043164618
2022-11-07,81.39691975740031,82.43811929235532,80.8601366295039,81.89803151439175,59060333.57187587,-0.017279062412449475,72.23780246787219,0.028407271902603597,75.82959575976885,65.20793822604237,79.08895963867948,74.03485458592363
2022-11-08,85.31672975897581,86.46555186374653,84.21143751967533,85.35970290034528,22363481.227142513,0.042268065812365974,74.67925838026474,0.031348810442753165,76.66041412021286,65.71742774207767,80.05368937124345,74.87373223884374
2022-11-09,86.91400220653185,90.84002238520189,83.4261005327727,87.33521714856417,98233950.85467081,0.023143405858912613,75.27236158335027,0.027460355719419544,77.4818246873434,66.27168096211349,81.17392441390818,75.79680519511933
2022-11-10,85.50171694390875,87.95215994020126,82.8917991131924,85.33753677538797,118603389.34269072,-0.02287370935115418,68.53583049772394,0.030453486235760392,78.18622178662466,66.7649220698938,81.81448016182816,76.50352605291701
2022-11-11,92.1398735676341,92.54949807957665,90.96345883495447,91.36965921938004,69572893.1428965,0.07068545298968343,70.6157040462435,0.03535527521523389,79.33316629067596,67.4071141962564,83.28450770914382,77.60472110228464
2022-11-12,91.7680103000601,93.08580336786032,89.90667894216857,91.21655305728207,87602134.6498296,-0.0016756783751415982,65.93708320398692,0.03365744264365636,80.54230343781424,68.09996280597291,84.50482237808816,78.61300495080296
2022-11-13,91.40817719682445,93.35475197879055,89.839943682284,91.78013698048478,98306215.09744771,0.0061785268606762145,69.86726990382546,0.03351622272664255,81.66503195447908,68.7820061378215,85.62410154768764,79.58834806411272
2022-11-14,91.41882952957779,93.36494465555911,90.06401701756769,92.00149710279644,108032539.57486314,0.0024118521675198235,73.21166778568623,0.031162935964244718,82.7620277042033,69.48133370007257,86.6052393253967,80.5078405854967
2022-11-15,96.28878963155056,99.08046865700081,93.19769103982547,95.98042986041206,41576398.980907224,0.04324856532682109,75.26572359237828,0.03129650507782293,83.99636446980688,70.21476737183475,88.04757633078367,81.6539583095645
2022-11-16,99.75212451722557,100.65871403622968,97.92022971624209,98.81833253859838,57321239.45056256,0.029567513734972684,83.00021995773285,0.031589144987612,85.2504152955776,71.03125918417678,89.70461574737055,82.92539343764109
2022-11-17,94.09258449170451,96.05955688228585,92.87107232008296,94.82849115287172,44732765.42622877,-0.04037551821842611,74.01560940764016,0.03579627510092407,86.1141108205064,71.83734718714577,90.49290427129381,83.80710437951004
2022-11-18,97.02309560993913,98.5329709721546,96.21034776361537,97.71443190589407,60871177.40358776,0.03043326660518053,73.21891163630903,0.02784500144062993,86.90681436578839,72.74757436978187,91.60390852277077,84.83727678887182
2022-11-19,94.77653822352177,95.58204364003588,94.34568240841935,95.14949236880818,98873751.53369874,-0.026249341955506766,70.50055903685998,0.030935434870403285,87.64167766363158,73.66450244374585,92.14938296062267,85.60114460960784
2022-11-20,89.1261683059597,91.12802549599863,87.78995103156018,89.7819760737058,114609994.37498942,-0.05641140232569386,58.598774555549326,0.03901923927613853,88.16923156852704,74.45933989962336,91.78516651648162,85.91083582917065
2022-11-21,87.71874473790898,91.52077731762044,83.54242431010775,87.32749894954691,103046332.35235448,-0.02733819449623065,57.05408002196757,0.040005082742942816,88.48933913698413,75.19178736571969,91.09937150618397,86.01577383808741
2022-11-22,88.79833696382477,89.38829770619752,88.66346283458836,89.252733402729,141575742.88475662,0.022046142124079404,55.26823435620894,0.036213112957155735,89.01546351569505,75.89623834320768,90.81527333642167,86.25554862065346
2022-11-23,82.77732603703937,84.65790023397463,81.40845086958254,83.2807008393437,74359884.86013418,-0.06691148086678889,45.048786261369045,0.03709902445624506,89.25774822676213,76.46594877908495,89.6561083368712,86.03518952574163
2022-11-24,87.46445753660373,88.11152030424323,86.35872625828281,87.00237050228725,82478397.42335571,0.0446882606106187,51.950885887069326,0.04396331610106178,89.49105220189169,77.081985235672,89.24784097770444,86.1068325610413
2022-11-25,90.48562722830896,91.748935066346,89.15102226305885,90.41332059786559,124814762.35512981,0.03920525470611946,48.80599423223531,0.04545395575268488,89.95930737532726,77.78210687650468,89.42714553465231,86.42583167488013
2022-11-26,92.25403846401859,92.37602972112818,91.80796511333935,91.92952725611578,110817266.07905677,0.0167697264985307,50.86085978622883,0.04581939967863941,90.38888200734054,78.52170478899428,89.8121273379544,86.83351282904574
2022-11-27,89.60967959327756,92.49599790639881,87.4918576685064,90.36043279148925,106704241.10963522,-0.01706844918559225,48.32645594775455,0.04041176931348862,90.81200207119542,79.20075847541783,89.8964820231136,87.09476615959711
2022-11-28,87.50250375405119,90.83164956188969,84.9125386826851,88.22043463119739,113727498.94519328,-0.023682911803111772,45.73577880180316,0.03999659287688959,90.95503865773802,79.80111608653941,89.63862857820341,87.17814900934528
2022-11-29,85.9062645908183,87.76899285023791,84.361202473796,86.21831830924269,107620095.79710153,-0.02269447356867471,38.47663965110446,0.0398617432691467,90.89919371577194,80.34256000698628,89.11242699836329,87.10705043896732
2022-11-30,85.04891152718483,86.78710082670847,83.40119211631578,85.13766198349215,90211900.82918711,-0.012533952725388375,33.15216316096053,0.029587803626666354,90.88919997617717,80.8651717677773,88.50092468838311,86.96116981263583
2022-12-01,89.42229601660266,91.36541062094018,86.96427739580578,88.89595479304943,145475259.53546917,0.04414371644697024,42.65213659353146,0.029461991889553656,90.76551475486063,81.37936026814495,88.56169855063946,87.1044872185924
2022-12-02,86.4706628635514,89.6564967529686,82.47763224217772,85.63258902305344,101886977.4731531,-0.03670994678659034,35.174397818802845,0.028044291764048192,90.4863165531492,81.85650427626486,88.11106631562623,86.99545772262655
2022-12-03,87.9201506663138,92.2526221033307,84.28620699293572,88.59095262953197,101806366.71427427,0.03454716995280971,42.028993881163224,0.03122235992005354,90.32685733560156,82.40191156255213,88.18489497930403,87.11364253054548
2022-12-04,85.52260300340204,86.2046369552695,85.31125082393034,85.99212444651845,83113464.90266044,-0.02933514208703969,45.06160464948188,0.032345991692958306,90.02638870278767,82.87471528342836,87.84754566656778,87.03056711691384
2022-12-05,84.51625098296849,85.69749988912179,83.54677954921245,84.72562674191,77837881.72761379,-0.014728066235834447,46.5012899161201,0.031729404699635866,89.46364854686257,83.28748978697494,87.36725044738965,86.85983079283949
2022-12-06,79.14318636810437,80.97525080770008,77.83118853175782,79.65477214733995,78560344.43401001,-0.05985030491443655,38.10040089314889,0.037670146901555464,88.50547052729964,83.5095640536674,86.18071532430508,86.3261227450247
2022-12-07,85.57180543365318,87.82107567577462,83.5285091595019,85.77297582514939,13222567.457970235,0.07680900356468778,53.07877572479768,0.05002887152651423,88.05269476091351,83.8334673429954,86.11798617058882,86.28514889910801
2022-12-08,79.9830874876479,80.53089829860677,79.96307510243156,80.51075388718859,152394529.03341424,-0.06135058143124228,42.27476360935359,0.051138837300950674,87.19251085997824,84.06881570690989,85.25533505006571,85.85741593526213
2022-12-09,87.69185353995637,90.16237009834366,85.96025613876854,88.4164642525719,57763214.02707454,0.09819446451166969,47.8533232448591,0.06439269725694986,86.85585945416643,84.41900487584226,85.74166261968205,86.04697506987767
2022-12-10,86.13752913004622,88.42935043594473,84.2908067103406,86.57328572966351,166131825.22739235,-0.020846553167327975,44.28208703512378,0.06374709117400104,86.69542493696432,84.72547869464026,85.86960463660228,86.08596104467662
2022-12-11,86.82086701800331,87.73063071571868,86.03844048975549,86.94706687886759,127759521.21646325,0.004317511413061803,46.26072395738906,0.06256363466273625,86.67640333343034,85.09580464945053,86.03536805848924,86.14974666202411
2022-12-12,88.36982678920097,89.29654275362282,86.9919060058879,87.91384013323936,81331350.57004005,0.011119101415101973,49.655270444609904,0.06208869080115934,86.60945866995587,85.51340524982498,86.32436376229695,86.2804202524845
2022-12-13,88.94362954900167,90.30276369135792,87.9857636872476,89.34062247038277,90862141.80265923,0.01622932560994972,53.556680867121976,0.054669582691893696,86.91245475150782,85.91370636628889,86.78840356354092,86.50710189825475
2022-12-14,94.23712547773287,95.98438028028862,93.0413996489067,94.7817440696578,34694265.55194565,0.06090310822581091,59.99304407956123,0.052076341558568696,87.30142342987635,86.40810960551582,88.01814825678967,87.1200383553957
2022-12-15,92.66619196845383,94.14245670554652,91.75802632519498,93.22877749968191,110912513.84992999,-0.01638465914738363,54.704614331870665,0.042997269716411664,87.44219627496717,86.84681126454262,88.81978352492695,87.57253755126875
2022-12-16,95.49787455356743,98.0081766921793,92.508673107949,95.006046831254,114308623.4321685,0.019063527155852134,60.517191242454,0.027050921635863426,87.59602225372409,87.27218588070401,89.77151634128495,88.12316786830469
2022-12-17,93.3076146449283,94.60242459768936,92.59505934043952,93.88545653114738,23486622.704533912,-0.011794936611739693,56.19605760417987,0.025465454881876265,87.77227344070698,87.59880339824105,90.40443021664841,88.5500040655523
2022-12-18,96.45076867985578,98.0566959862728,95.8091166040286,97.40867133060303,103326240.27235599,0.03752673661747363,63.07762311693516,0.026867483333920368,88.23168527567728,87.90976960484804,91.48200577264143,89.20620164074124
2022-12-19,94.99699961180205,98.17545964495685,92.175495776544,95.34365966688436,90922053.72009166,-0.021199464436898574,61.9444174592016,0.030509518569680063,88.68795234355936,88.20759826994684,92.07610637175573,89.66082816119629
2022-12-20,93.42996340053534,97.00973392084374,89.78240992744063,93.35947987017222,152856061.1914662,-0.020810820600389746,66.5671840197966,0.03279046536183102,89.09904323789335,88.49016990783436,92.27354844843519,89.93480236186117
2022-12-21,97.08303988141648,97.41668305059758,96.99702196538988,97.33044592684462,72650581.32877222,0.04253414931396904,64.73649534864163,0.02814045722048334,89.52076779458311,88.81827187476314,93.05153267588281,90.4826278111192
2022-12-22,94.58807111158765,96.26773055685753,93.33334992502115,95.00744631204331,71492808.374528,-0.023867142420649246,69.98190780954684,0.02917291827304784,89.98951065903262,89.14381588443379,93.35244246606135,90.81779955192839
2022-12-23,92.08898970366403,93.01028933243501,91.59259014622427,92.51161165952749,57753262.83219697,-0.026269884618501216,56.63403732099149,0.030048047656821012,90.18554361053239,89.42534798526431,93.22308388044075,90.94326711545425
2022-12-24,94.0418075399781,96.23940027354234,92.17028194818589,94.36151223994416,82639577.2757344,0.019996415014635227,62.613986736434896,0.03095852879063171,90.60401300020366,89.66585241006925,93.39822670497975,91.19647045800906
2022-12-25,95.01706453215776,99.43487175088374,90.60489356204772,95.0224506723182,116130456.99615501,0.007004322172088573,62.95853634948244,0.026855415040549408,91.11885419672407,89.94533708093255,93.64810731533952,91.47987639980974
2022-12-26,96.57424823337539,97.23372869851016,95.52865541019327,96.18548108542024,120013427.7752425,0.012239532919569696,63.1903876445274,0.02608949275987953,91.94538964362809,90.20228601032395,94.03847251073655,91.82843970985496
2022-12-27,99.18863264297212,100.05948756508111,97.44866124969384,98.31181792663953,93555387.10919163,0.022106629994717686,63.99372078213649,0.024978978365946387,92.57233174870261,90.5305617385689,94.69591026702932,92.3086899481353
2022-12-28,94.66454569634122,99.58891206304642,90.36849277215497,95.26558295177496,118703127.11046536,-0.030985440398810238,50.815656544799864,0.02327875877184292,93.31007320193191,90.72867933959749,94.78355221852865,92.52771905951602
2022-12-29,89.71853131885217,90.23392173550616,89.67218886455444,90.18733712820531,98875415.43266653,-0.05330619586026508,45.417413012365635,0.029532947699257066,93.39861684571359,90.78572173919032,94.07644220463276,92.35435743497447
2022-12-30,90.18844237954389,92.39296773061547,88.74484570084087,90.93738316955763,59061881.01877537,0.008316533842063656,43.67385545026297,0.028657954047539548,93.61682171770829,90.89771866707372,93.59351004539043,92.24939637827693
2022-12-31,86.66476772508554,88.04403136147323,85.25401797711751,86.63277241033853,109682922.46807818,-0.04733598668869676,39.73915401494482,0.031196766741918392,93.60110699428185,90.8029809308929,92.52262733230553,91.83335015842964
2023-01-01,82.53757040160701,83.93126721593309,80.94679620323274,82.33710809014309,88400647.30768059,-0.049584749520065086,29.133350982065366,0.03282879205198434,93.32227039212702,90.6253920315501,90.95562437197285,91.12992482003804
2023-01-02,83.09137507134626,84.8853870976427,81.9987969884461,83.78370548224683,93843134.57560574,0.017569203311342818,33.71634957283631,0.033744551826077246,93.04442454272024,90.46546340158535,89.85225223509192,90.58576042464611
2023-01-03,84.49377768414078,84.91294163016488,84.30105521377602,84.71970384318529,113086828.90903947,0.011171603780842476,37.45946724905998,0.031714796330405456,92.5413225313966,90.31982753639313,89.06262940556783,90.15123771490828
2023-01-04,83.01006692667886,84.94435970838698,81.75795728012643,83.68211303334822,82667662.65424117,-0.01224733754685492,28.34562364852438,0.03148142093898849,92.06398930807993,90.07386119985185,88.23485765599558,89.67204329405197
2023-01-05,84.0258576276182,85.41613532702662,81.94505883124877,83.32371906415052,71670608.9779847,-0.004282802575203526,30.230194171239773,0.02749732940165457,91.47987291972474,89.76396893036289,87.4792978726348,89.20179705480001
2023-01-06,83.72006585911613,87.05825037408587,80.72118371996555,84.04763460741671,74943122.6074912,0.008687988863157248,34.76469129050888,0.027540948591109945,90.9879818235382,89.5483517994538,86.95134967798586,88.82000724388273
2023-01-07,82.8886703423909,83.32569684973794,81.96158752788162,82.39601654188152,101297985.68126069,-0.01965097617856626,28.307046137982624,0.023051858025938784,90.23734908410214,89.24198349217353,86.25052919550828,88.34415608077153
2023-01-08,78.50106920298467,81.22922384104065,76.40269666857348,79.11445519469041,122480280.06921393,-0.03982669897061242,23.662123670027412,0.020153614946979117,89.42588886049244,88.9212827486912,85.15267165692092,87.66047453365441
2023-01-09,76.37974375335693,78.16769354663437,75.07674316312774,76.85655872913061,123523861.81458943,-0.028539619719347153,19.117908561442647,0.018845363974090576,88.60074280344035,88.66277440179967,83.87634659110702,86.86018447406006
2023-01-10,76.40855313764992,80.04023413171005,73.2696064096984,76.8818440948555,153127645.02936417,0.00032899424776489106,13.296869267621474,0.016965857287863227,87.57831271184091,88.45386130470584,82.8002692839914,86.12104814967455
2023-01-11,78.1358996730393,78.85731549793665,77.4871801833677,78.20799742024127,97619316.66604571,0.01724923928397959,18.95638095142759,0.020637264377879008,86.7383402672508,88.23296658505609,82.09376592033753,85.5348962437906
2023-01-12,82.08947379085781,84.81522687362063,80.20783553326882,82.91467355452896,141797611.27378604,0.06018151965964469,36.58279563535307,0.03361900685997871,86.25849336200088,88.2256460393598,82.22005940252082,85.34080567421566
2023-01-13,79.50912408307073,81.15250852629875,77.6602035017521,79.29925003085484,85566329.47765096,-0.04360414590906436,30.582001081669063,0.03695307351440575,85.50538025154641,88.07158362993115,81.7707041145722,84.89328303396671
2023-01-14,81.36421011841726,84.07731242345234,78.93784825680719,81.64264728786208,91537434.35584565,0.029551316766494473,41.0910260354842,0.03892650358200042,84.8363900823236,87.89617016373107,81.7510030643091,84.65249520092192
2023-01-15,79.40567912395615,80.19736705525133,78.42014206647701,79.20987782601036,55034981.292737804,-0.029797777787313406,44.019054570791425,0.03739955500795809,83.9876099193531,87.64177717512898,81.36006071995546,84.24933835833588
2023-01-16,80.93217435550162,82.16450001161367,79.74539780008128,80.97706518420836,79675984.74691293,0.02231018916706007,44.69722187738523,0.03565622322266533,83.12087228223155,87.45410982298336,81.30113832984051,84.00694775284494
2023-01-17,78.67785687837392,79.5009371989268,77.26728762028131,78.08415701063298,113325763.58489592,-0.03572503111831149,38.32623949869631,0.0393653654618313,82.26180098517446,87.25138427057207,80.8062181268855,83.56822251268109
2023-01-18,77.23950467734397,78.0306875189817,76.54780558045324,77.33810542769253,83746966.65495944,-0.009554455237812953,38.723463284237965,0.039037032176549157,81.6193394001488,87.07378001294106,80.27266232700966,83.1067323582375
2023-01-19,81.35154978750843,84.02465014320457,78.47271713096914,81.13882773164934,145073902.59650207,0.04914423857344574,46.53977991009806,0.03628209585322621,81.1294116282534,86.9938033279042,80.40591854310807,82.96096164515689
2023-01-20,81.39229441090514,84.7637944371148,78.18830190651188,81.55345776722801,100874160.3167525,0.005110130959125714,46.01088466957859,0.031438139252034,80.87544589609787,86.84695338738777,80.58246303912652,82.85670209864362
2023-01-21,82.44633480691768,83.6455040113879,81.54540857915568,82.74135398338788,105988226.95775513,0.014565859605246922,50.56063896778397,0.029916095533462295,80.89565819076012,86.78912868659447,80.91460010747441,82.84815779380986
2023-01-22,79.17935289552693,82.46030966533563,76.34526981041898,79.61078426719877,76983448.78253879,-0.037835611401979774,50.80973650176291,0.03146717727644543,80.68701213000772,86.60952531934781,80.71401305512433,82.60835234739422
2023-01-23,77.70605503229683,79.68096099402351,76.27957507687887,78.24459485582182,120470650.50620109,-0.01716085859412697,52.33237441792359,0.030565983504616125,80.36325668063954,86.45457472753387,80.33410256292393,82.2851110517222
2023-01-24,79.316741326446,82.07174334539026,77.01967914539745,79.76179221372773,54998952.59283953,0.019390443016563452,54.60824556059799,0.02818619713426729,80.1672406396585,86.35529803697021,80.24605481689375,82.09819854520408
2023-01-25,82.10016277269467,84.18438858286092,79.83878055518589,81.91839186015933,106056403.08336292,0.02703800386847921,55.78335495319317,0.028774662024744806,80.09697427945895,86.40057043122661,80.50333743893461,82.08487953149707
2023-01-26,77.60228263070184,78.68140953968503,76.53493933994478,77.61390637571508,89486294.49612924,-0.05254602033438749,41.63284099637749,0.030515383285066755,79.77528786787386,86.23738904223794,80.05880958305468,81.75369633477247
2023-01-27,74.18529509411587,74.28585644111959,73.74239727501819,73.8424939403659,147972744.8067991,-0.04859196774728025,41.428824340096554,0.03384869939678662,79.34761173779809,86.10402384330148,79.10245333033333,81.16768134259421
2023-01-28,71.8045006635911,73.39760566295732,70.63995108589891,72.22621655489331,97317715.48353684,-0.021888174399660287,34.86342702996943,0.03151868723313388,79.00319980580824,85.78021888934789,78.0445707494964,80.50535061757932
2023-01-29,72.4006468303934,74.65841828832126,70.28776778562344,72.54143072580352,89947904.25638194,0.004364262534375385,38.49765655266326,0.03130580384811694,78.78744340564188,85.4995817892707,77.19793382277442,79.91543062559593
2023-01-30,72.64532358490871,74.81756826188615,70.61801317410685,72.78632298591377,142835457.78165194,0.003375895094155368,35.088788592426596,0.03178444204600747,78.58266735019478,85.21636691141163,76.51922446325739,79.38734857821207
2023-01-31,73.89167038192296,75.07617608900397,73.33349080433501,74.51330070001299,100223672.51649317,0.023726678904131937,43.211071527057456,0.03248356951920836,78.39793251418338,84.9483561227471,76.21062080737363,79.02630799464177
2023-02-01,76.60962347149811,79.16378275176693,73.84437710608239,76.39125603177696,94437550.60422929,0.02520295456142163,48.2741264921638,0.03214788594216311,78.07176163804577,84.68936879397498,76.23841084189722,78.8311189603555
2023-02-02,71.11689754406645,73.3182882884036,69.60814963775113,71.79515120282235,98745146.66376948,-0.06016532608185865,33.44869365467467,0.03392873436166209,77.69655669664414,84.22963693663827,75.55483243588571,78.30993616350119
2023-02-03,73.09565348633987,73.61455935175331,72.71403333931427,73.23222618159218,111019595.07812782,0.020016323591409035,35.77511174493057,0.03088711697353105,77.27603564133065,83.82970591027647,75.19750839676362,77.9338094981746
2023-02-04,69.33735112732916,72.1521947945805,67.0423850015328,69.84057275992967,97091504.28357543,-0.04631367361757255,29.491712093815906,0.0348024458356436,76.80757038802662,83.32639642885,74.37336445263533,77.33431048052682
2023-02-05,71.14976561498206,71.9088059907648,69.85579210948084,70.60906417072471,98564250.35634989,0.011003509570814307,34.52808975233246,0.035165109876973855,76.28917033735245,82.86086858164154,73.79424133234139,76.83614408720814
2023-02-06,74.42023356179142,75.21951094099276,73.49556109183138,74.2934770996963,140787419.96301332,0.052180452640798514,43.71016382825838,0.0410558591837704,76.0996363418056,82.39856469702339,73.87104683501138,76.64779838442949
2023-02-07,76.23166648179776,77.7852517011514,74.56841510125324,76.11971885161076,187837104.5121695,0.0245814548357155,44.2586275217247,0.04112668473036285,76.03871701300152,82.01408588071791,74.21699637602667,76.60868138199848
2023-02-08,76.13882479544007,78.44717790326949,74.37863602456831,76.67460293305666,93014416.59087296,0.007289623369834075,41.29403753212954,0.04011689682948199,75.81550577307189,81.68038834197563,74.59508969249282,76.61356445985464
2023-02-09,79.95864393052916,80.64111345376119,79.11033914364295,79.79138103096585,90255895.57007687,0.04064941947766454,53.76356254288548,0.03159446236722097,75.72740193625877,81.32960704405805,75.39451912918098,76.84895827993697
2023-02-10,82.08836368557877,83.01803827882316,80.54856781067348,81.47125345103184,75925009.27360563,0.021053306740161037,64.21322728528438,0.03162087910472124,75.66389690964097,81.05888318683782,76.32940133254264,77.19135051483288
2023-02-11,82.53345672763835,86.05669178738617,78.64403591887434,82.15094197153829,115396028.1034144,0.008342679064278435,69.1595226178058,0.017187487023282617,75.79090479485794,80.85166979307803,77.22502296931121,77.55872765977402
2023-02-12,83.53263189834264,84.450211691349,82.30194150158692,83.21604367210615,68318930.8446389,0.012965179400339366,70.02731913050657,0.01696266567843317,76.03947723567217,80.62876042172127,78.1467184620489,77.97778810513196
2023-02-13,83.82265261179278,85.24114812750743,82.89901104475008,84.31211319570423,73675178.83598705,0.013171372673241866,70.95498648646031,0.011702374200673176,76.26699328477099,80.414553672189,79.0952407287651,78.44699737110028
2023-02-14,82.71803113587438,83.12088545130787,82.01820357584299,82.41960449036335,127892894.48065704,-0.022446462715837834,64.2884124948308,0.018823360698512426,76.2920539162812,80.13923614028786,79.60668130747253,78.74126456511976
2023-02-15,77.82403792841086,80.03178021222215,76.09376732357859,78.29112481207194,87056717.50418995,-0.05009099114002813,53.175194352356975,0.030110583027111813,76.32591483809904,79.73882227799649,79.40428800048781,78.70792087970881
2023-02-16,77.25373131506771,77.34263466689573,76.79759912328296,76.8860793824194,119125858.24203652,-0.01794642027465032,59.52419091851798,0.025868044428502726,76.47809411020171,79.37123220660939,79.01687129001574,78.57296965768737
2023-02-17,78.20288586346476,79.11974870776712,77.60105079819662,78.51550776171263,125185860.84845951,0.021192761971757124,59.81342005021361,0.025891490254892024,76.79255867054268,79.13779561927953,78.93973843950756,78.5687132209485
2023-02-18,77.67117198294868,78.20494919491894,76.99300780079118,77.52578588030927,91531501.93515392,-0.012605431839109671,65.67340922177718,0.025299762809912044,77.04177642826797,78.86956367349457,78.72220727655397,78.49145934386412
2023-02-19,75.01758834927432,75.99776586388958,74.7114862104601,75.68892440212241,78271805.66037817,-0.023693555084017603,59.927382164017786,0.02400607679210938,77.18690649907839,78.65068671333024,78.25554837279526,78.28386416299436
2023-02-20,77.05883943592467,77.64368210302922,76.86634399336344,77.45020900677768,86706341.35799044,0.023270044046310723,56.67047673331804,0.026069938506383457,77.33375191441664,78.55294873166295,78.13165000879256,78.22211192920054
2023-02-21,74.8778989732784,75.38773384030522,74.8146226320642,75.32408044883081,149482829.4363531,-0.027451553523384464,48.33978114959348,0.0264773354191897,77.28039313526934,78.38375623099462,77.6997162303369,78.00744293065463
2023-02-22,74.11252141732477,76.0353832861825,72.3703432642553,74.28905531478873,115020640.64919324,-0.013740959436540412,45.119981603404796,0.02083337241674965,77.40508834086765,78.1751432604267,77.17499916640641,77.73200681096085
2023-02-23,72.72922350141626,74.79099552033622,71.39788285928675,73.44652436820516,111451728.41885404,-0.01134125266519359,35.68899068955672,0.020415245965277648,77.4158032501983,77.97043148712383,76.60138765899083,77.41456366705303
2023-02-24,72.72303582613266,73.53676361554398,71.47301443336136,72.28180511186048,32840113.9476453,-0.015858058177207424,28.779797871852097,0.016518834921695445,77.53786486779482,77.74959320807802,75.93683649789385,77.03435932963136
2023-02-25,72.39071045355288,73.23223307785999,71.95630993356501,72.79540408160274,64787726.047721274,0.0071055083495414895,28.229269445191264,0.0179436936936915,77.64718186333873,77.52454859756175,75.45353920307983,76.7203626445922
2023-02-26,71.72250016628095,72.05674076113989,71.36486251253989,71.69899356211891,133423414.05095853,-0.015061534904796448,23.23833496594206,0.01702386570763025,77.51745768645986,77.3106081379665,74.87591679677816,76.3484093792238
2023-02-27,75.38003729690112,78.76467247647408,72.62698494989155,75.98936604214448,70494334.95260453,0.05983867090558892,33.160593883401674,0.029273344680934565,77.51094004598656,77.24810635491558,75.04721668068066,76.32181357647718
2023-02-28,74.93187153898813,76.60216478669929,73.80793428260607,75.47015359272287,129628242.69424145,-0.006832698790165681,35.11182020429236,0.027298332069490713,77.45071757896986,77.22037825218742,75.11228389791792,76.25872765175464
2023-03-01,77.28828172562437,78.62448709143831,75.69744431782502,77.0291700075443,67456397.00177135,0.020657390247735608,46.961979047279975,0.027385159911566665,77.31260702779878,77.2233247704412,75.40718945324505,76.3157974558872
2023-03-02,76.71796293572062,77.98675546675942,74.96118239894157,76.22176866961198,159981545.7210422,-0.010481760842720234,48.35336063862891,0.027298850053914723,77.0501327887278,77.18360019542861,75.53250933268612,76.30883236060757
2023-03-03,76.26500395413422,77.20525805795631,74.61586097655554,75.54726625347774,174294113.3427048,-0.008849209719311357,42.276956616903796,0.02649635673443871,76.71994900282476,77.03625204940758,75.53477962819252,76.25242005637573
2023-03-04,76.03672871458137,77.45011678661284,75.38578449726954,76.7927007544802,67726196.60733186,0.016485500571572498,48.11763984855719,0.026760565721563948,76.39878185694347,76.98612106388009,75.7283059553137,76.29244084882791
2023-03-05,78.39809825069482,78.93678318634592,78.05545323026845,78.59328508658648,74957724.3471256,0.02344733697884993,57.47151554551667,0.025147518689662,76.11284045148759,76.92513381985458,76.16907197550952,76.46287375532854
2023-03-06,79.80283039651181,82.52899868897762,77.04352437421835,79.76852059947375,156899429.01381272,0.014953383251412822,56.14931123918953,0.015046608547987717,75.98028625694309,76.93630667532385,76.72283330227324,76.70773648452447
2023-03-07,80.72637175922222,82.90540090499212,78.30933805639215,80.48176457437853,88246907.59578685,0.008941421622773449,64.78923801956061,0.013745118247826553,76.08981824505842,76.92640066312725,77.30113042105867,76.98729412080996
2023-03-08,78.9969949200664,79.50085598409757,78.66331344476507,79.16645869772778,61253109.36744921,-0.016342905546450792,63.76431322556494,0.015637214736330785,76.20383721082385,76.94804669686916,77.58810400208469,77.14871371910017
2023-03-09,79.71209996733248,81.94733024116516,77.27568932237753,79.50511548386274,91247759.61711532,0.0042777811677545685,67.59817161957017,0.014292898331123243,76.25331759693135,76.99138689799256,77.88302884543516,77.32326199797149
2023-03-10,82.26392470540172,82.79804485225651,81.62513888148118,82.15857501780754,89844271.41936076,0.03337470196472303,76.40503723283838,0.015752696612688702,76.48495705380627,77.01178184371572,78.5408051796463,77.68143333277416
2023-03-11,83.01177892210127,85.7048372505069,80.05293770740302,82.73708442952075,160230508.602783,0.007041375919529136,76.486644909196,0.01572513849616312,76.83736505517618,77.03545437696157,79.1863866027039,78.05592600660725
2023-03-12,80.86159562485265,84.73032025366739,77.09721245207639,80.96129570212169,91629638.08804113,-0.0214630324435926,73.81455677742072,0.018608636442981857,77.01291938994339,76.99985321133624,79.45944954107587,78.27113857664536
2023-03-13,80.48369742291898,82.27429868336392,79.31279953878963,81.09451447300411,89618532.41948284,0.001645462436428602,66.69487243762202,0.018020987265524924,77.30144109115204,77.02952781545235,79.71099799214174,78.48027753193118
2023-03-14,84.3963608595044,86.41805411735965,83.19128970663876,85.2014868046941,75230883.82696897,0.05064426809111944,75.77518443811269,0.025744798688895093,77.84706266564731,77.1686656544298,80.55568857868826,78.97814488546916
2023-03-15,87.051366209818,87.3230621246648,86.76616666524788,87.03782030197793,60154629.37500416,0.021552833948699,76.12590638934842,0.02355245691255542,78.52662746233595,77.31418621619481,81.55293961304052,79.57515787928463
2023-03-16,84.57937574525896,84.75470740000554,83.61502995101135,83.78872259478176,37838751.92698236,-0.03732972282535818,67.51906281551778,0.030578316977441792,79.10197333648202,77.35159283088726,81.89690622561609,79.88727378413627
2023-03-17,86.75102306564597,87.02572225108456,86.180945739654,86.45470663203196,126494312.47034366,0.03181793390195731,73.12091169505972,0.030367294643894205,79.78493846400349,77.5284088360136,82.59810628814161,80.37375029138781
2023-03-18,86.48902215541135,88.0748118795159,84.79781936746004,86.3816402271451,117709333.40502664,-0.0008451408573721952,71.38912339225101,0.030541655684361145,80.51907079725478,77.77919176174917,83.18018843260369,80.81877917551799
2023-03-19,83.82766775935578,85.02607557956391,83.32249603161632,84.51675121950835,75484076.45734799,-0.021588951109667742,63.175108890101455,0.03056095253510074,80.94544005612298,78.02500245504147,83.38581347674287,81.09270303062839
2023-03-20,82.95700376675296,85.18782065650143,81.38811844571107,83.6066492213129,99952379.48064175,-0.010768303147759561,58.63874157711732,0.031245936056683764,81.3522648375525,78.24630682495167,83.41978820667671,81.27892126697539
2023-03-21,84.43814472317393,86.19238032001763,81.8962156681245,83.63373942927507,116750783.96317115,0.00032401977850415875,57.320478941390505,0.023849433275025134,81.68249330863902,78.46325515381889,83.45270377938415,81.45335224196054
2023-03-22,86.31195852552284,86.48824587967268,85.86716585078241,86.04290367542957,104039160.82691258,0.028806128514578866,65.19835526804079,0.0251840512215098,82.1735500589299,78.69384721332723,83.85119607108345,81.7933190148101
2023-03-23,82.46791279005373,84.10308625606528,81.60633145520151,83.23350640222533,96765463.66235052,-0.03265112116394664,57.42912375712797,0.02410978526690688,82.55786206636728,78.8306922207362,83.75616689125913,81.89999956202604
2023-03-24,78.12713538308145,78.27922336360866,77.472294977146,77.62340235421568,112117702.52048519,-0.06740199098304067,41.91583188637771,0.03020183631830201,82.59939714635405,78.94725724376406,82.81266465479091,81.58321458366972
2023-03-25,77.52092561588098,79.78840905981038,74.58676814087734,76.83416383487358,95951219.67985608,-0.010167533184652355,39.556215014562675,0.02968111789388391,82.5114410837684,79.01929599682968,81.89289529788056,81.23143304672186
2023-03-26,77.69172665599093,78.81148911495328,76.57806000338142,77.69773631727207,83179869.08090566,0.011239433596940351,44.03332624935301,0.031241491147831264,82.40790186965833,79.17643926797653,81.2474862239408,80.9696777334293
2023-03-27,78.72058628127319,78.81898106297923,78.35274168104422,78.45079924935582,71292417.02576177,0.009692211997125444,45.27369106983584,0.03226363333502779,82.30635360340719,79.33327396954915,80.81722668938926,80.78309414201644
2023-03-28,75.6624128704185,78.20133761564101,73.49666111061192,76.0252014396823,151340697.26360166,-0.030918713803842257,32.545764007613414,0.03297742239703745,82.14929074050492,79.36790845634887,80.07999203558818,80.43065764554724
2023-03-29,76.00574697977976,77.32815210129621,75.38018453771937,76.69690114090591,79894806.40238667,0.008835224221753979,29.418653293438496,0.029424532885203556,82.00888002335708,79.37945210213478,79.55951651332936,80.15408308964788
2023-03-30,83.54074093781958,85.1459114966268,81.91123273053955,83.51592649914907,76499220.41251627,0.08890874672648641,49.52461286694997,0.04794204514806404,82.07674759742414,79.51627857345663,80.16819497268624,80.40310852738871
2023-03-31,85.37611893225925,85.90422982016405,84.88171545213041,85.40963226808546,103531098.71014068,0.022674786095508104,48.12842943494349,0.03728371648626558,82.2103749893524,79.62864359819902,80.9745699412092,80.7739621378107
2023-04-01,83.68641267114184,85.2940815477716,82.3747168945448,83.97781829699909,163465471.30688643,-0.016764080737312725,45.89489737980334,0.03808075424299634,82.36120111909625,79.67877489511835,81.43660814979226,81.0112848162691
2023-04-02,85.58254507777842,86.74372706982847,83.76469569057487,84.91684548596109,135728118.71037823,0.011181847873696915,50.70556888117564,0.03808130022723987,82.5523176697441,79.73409296540683,81.97202927843362,81.30058560661665
2023-04-03,81.69318998366124,82.0879399334225,81.4046686965134,81.79904479178938,38055291.53425783,-0.03671592693215575,47.0425610717043,0.042600427183636845,82.38219556909887,79.70575298780048,81.94541628048836,81.33750850922205
2023-04-04,80.57304622452652,82.19104613785584,79.7157437474633,81.3257350030034,87781138.95992889,-0.005786250805137616,46.278194969189975,0.03986877451405985,82.09659130415015,79.64602542394647,81.85008069933683,81.3366363976503
2023-04-05,83.21012496426081,85.1175981344982,80.60311598703242,82.49417707532646,117620339.20304824,0.01436743328885881,44.03891901909526,0.039888951951392596,82.03186402817738,79.64751687564574,81.94917244948908,81.42238015155223
2023-04-06,78.43388346632145,79.3155202131401,78.22178370707857,79.10161478464313,70243015.04190885,-0.04112486979033125,43.19269711371803,0.02520138998209744,81.66420943580793,79.66372667509717,81.5110866548974,81.25047160585527
2023-04-07,83.64006432150637,84.79036315492098,82.15587914886068,83.30152202205721,74734940.59654742,0.05309508849912192,59.81057676073056,0.03275366232789279,81.51020352555355,79.79203552788991,81.78653824984507,81.40240126631467
2023-04-08,85.50371207206977,85.94999841802904,84.64762704180185,85.0917632220838,103320375.1567762,0.021491098320539193,63.79035276827563,0.03328231495196619,81.53895412568231,79.92356063709734,82.29503439942026,81.67568733711238
2023-04-09,82.31346505116868,82.95347063390165,80.95308274100697,81.587443342736,41740151.01578908,-0.04118283305755177,55.96937605015679,0.03667999492637841,81.43799383175346,80.00479378634587,82.18617423685345,81.66915074493635
2023-04-10,79.91314723292112,82.09200470841667,77.48927065990759,79.6612603593685,85457155.53778628,-0.023608816558644996,51.79308254673975,0.03509887098109763,81.23936987825815,80.08424050549078,81.7977259480096,81.52041812378316
2023-04-11,77.88463533168087,79.62454979579518,75.7480377852511,77.47888800138175,93519269.94230202,-0.027395654401419445,52.16900739252696,0.03628925528708444,80.81116909455575,80.08481408538287,81.13328934083609,81.22104552212379
2023-04-12,81.76378955064591,83.70338870789034,79.93895379248802,81.87604753283382,125668533.3234571,0.05675300259050764,56.95451233854804,0.043198151370058224,80.74329615108618,80.21585342706292,81.24755983191265,81.26956418958379
2023-04-13,84.28270027183146,85.32200176149543,83.16531228315739,84.20363885569962,115410106.98482648,0.02842823259064131,51.05012092820023,0.04012793784133035,81.07230797616037,80.41414509788115,81.70234122018756,81.48690305374052
2023-04-14,80.31834021961853,82.70056823711693,78.31485106527283,80.68786161019527,99423006.96275795,-0.04175326973136362,43.13027280758579,0.03901275853604498,81.26499286492647,80.55897184272095,81.5462674340349,81.42771479866309
2023-04-15,78.61249653090036,80.68859353412948,76.37251238032633,78.44416384368724,118329077.53621705,-0.02780712887580772,42.134867161325126,0.038105280397518905,81.30231424124722,80.6822190173575,81.06902072782756,81.20671102422043
2023-04-16,77.44216556264172,77.87014677393434,77.06827962786909,77.49600092539534,127382783.3897679,-0.012087105934117215,39.45529121771686,0.035771756631139184,81.25457432504919,80.77623095423333,80.51932537360722,80.93184360949263
2023-04-17,79.15188764792704,80.70722433652278,76.85184517260888,78.3922550607479,97856817.12515143,0.011565166262132331,44.832870650879,0.03548335590546998,81.37292700610246,80.91009618420593,80.19208378701349,80.74372593921524
2023-04-18,83.06131249868928,84.06485919214215,81.5365840230664,82.53375678896894,75426806.79364386,0.05283049613780988,51.648763569562476,0.03863796025315932,81.66476978850562,81.0409839991424,80.55234117192971,80.87632081697478
2023-04-19,83.64959285006755,86.50451844601429,81.06457485463787,83.9114095460441,103495416.7070031,0.016691991382358662,51.923320202567716,0.03307396238583102,81.68454394085038,81.20980911820884,81.06912092179346,81.10114220431325
2023-04-20,88.73776894717471,88.85323877045232,88.38458166321718,88.49974175414246,102637528.79775412,0.05468067135233423,62.35322839919481,0.03750032280978255,81.83904941515323,81.4392205531408,82.21229335753945,81.64918661541171
2023-04-21,89.85724963676061,90.32396780774701,89.65241203717787,90.11853458586336,90244018.05140814,0.01829149780140593,59.612788498545065,0.030510537631096266,82.14608522959644,81.71715587146582,83.42863816189697,82.27654572433404
2023-04-22,91.15005865076114,94.2828544123671,88.26225182393667,91.3875242255135,112354638.31509191,0.014081339043979568,59.010217436977904,0.023781620068324093,82.46961916657406,82.03396103090654,84.65308217168413,82.95143302071772
2023-04-23,89.21667666657994,92.37595753294127,86.24004069622089,89.39342452567473,80891484.81716388,-0.02182026175605767,61.67631296616549,0.026280080926807878,82.84933815326833,82.28597550633043,85.38236561075962,83.42861757664046
2023-04-24,91.47643931855617,92.39607577188855,89.86935682958668,90.78201202459202,90615172.73122007,0.015533441148330551,66.90650560079663,0.02608717263583836,83.32215200434776,82.52975004509055,86.21308044365692,83.97331346167391
2023-04-25,86.26886426179482,89.69656935210504,83.69451183357423,87.09748987572449,122832825.05780578,-0.04058647816562411,63.98413525604186,0.030833075678056602,83.55231764436766,82.67632943061555,86.34914343320578,84.20473393678877
2023-04-26,86.87806939853255,91.33393800752633,82.65119271162878,87.09643708276765,75468105.01629819,-1.2087523513559795e-05,58.702095336864325,0.030705634483113278,83.95205875927388,82.80862288078333,86.46411168698454,84.41893416982425
2023-04-27,85.20140070572033,87.35555118238047,82.57749659970123,84.71946220567865,88454864.77261989,-0.027291298665066632,50.85843514940725,0.023779193576939316,84.02295576845495,82.91968295094235,86.19570407447594,84.44119550581347
2023-04-28,80.45897272109165,81.17363049032653,79.39871399574997,80.11027453594117,75357086.28129934,-0.05440529896834656,49.072530953715685,0.027064108048434662,83.77388133414783,82.93178613198391,85.2594841454706,84.12038654508218
2023-04-29,80.06376734204902,80.34724679800641,79.55669825451399,79.83938324019812,37034043.846914835,-0.003381480057486508,52.391941181537526,0.024471394187271397,83.68647832902094,82.88540229643174,84.42562246773636,83.80327518916484
2023-04-30,84.87434364110659,87.07232899204864,83.49420064237185,85.6790998404604,148021552.64461854,0.07314330801746549,62.01398483019002,0.042346013770320746,83.98737030307554,82.94424260465054,84.61846514046314,83.94222516333487
2023-05-01,87.28141811013796,87.89150883126001,86.01161813558733,86.61706507766179,92145804.96665536,0.010947421704335714,62.06045166524233,0.04200432992063985,84.44427915688952,83.05735799216133,84.92594205387832,84.14036145328501
2023-05-02,83.72697164046006,85.97588865602292,82.2698584560452,84.5052313007197,54084853.93376134,-0.024381266844456073,53.07383947402002,0.04018373653857662,84.57573834528382,83.12557232871565,84.86121732262315,84.16738884939129
2023-05-03,85.94146327548923,86.01623723178868,85.08977517575156,85.16387258396618,122043975.45442396,0.007794088876020622,51.997574984860876,0.04040842747696278,84.62375003169714,83.12482004430109,84.90777967052207,84.2412024593598
2023-05-04,83.76607105329742,84.79888426209082,82.65538671100462,83.68722780365806,91180926.05774671,-0.017338863716562902,41.47862637110774,0.039557323879323134,84.77371834137028,83.05780819433468,84.7200024602353,84.20016729967818
2023-05-05,82.07091786264637,84.09457351992023,79.50244027023632,81.51232241470201,118844719.45437223,-0.025988498436806617,35.055552583272004,0.03427993076511834,84.92712626992103,83.0122801907331,84.22651322246095,84.00106767856884
2023-05-06,85.2752950680597,85.49524977630072,85.05030873329652,85.27025042965681,41116693.46735485,0.046102575704271676,40.222671475043995,0.03768483972165361,85.3158387451341,82.98859106668559,84.38708817741416,84.09508121568648
2023-05-07,87.86320140157035,90.51941061212582,84.39609276115459,87.02702331230616,102984653.49366981,0.020602412609290743,46.18883293426795,0.026633430563728307,85.74757715771202,83.00149872838881,84.79323204432062,84.31226211173238
2023-05-08,90.62954569864706,91.57791650700153,88.87056734051842,89.81036604287429,126417387.15059797,0.031982511002126346,48.502412737908536,0.028836484261180698,86.11140762040728,83.10737102485614,85.56509881332887,84.71952906959474
2023-05-09,89.11645970225203,89.95275193730673,87.81496896699811,88.64685430178702,75586155.75667627,-0.012955205421742,52.58923311910328,0.02713368033009424,86.34817985819443,83.20817512646562,86.03921504232243,85.01044204975713
2023-05-10,84.43082497445974,85.11375821278416,83.01299471166699,83.68993513519513,47181632.61224216,-0.05591759804264096,45.11615921143845,0.03609560608834651,86.10768952724706,83.20929904058401,85.67778736430284,84.91262672275253
2023-05-11,80.5719872734957,81.33285973049705,79.39355030710023,80.15044194846017,108920995.90002319,-0.04229293738867357,43.6607865624995,0.03898741960873206,85.6092848953769,83.09144980604462,84.82742653109628,84.55987229502718
2023-05-12,82.33092283023568,84.29927709004465,79.81003336101713,81.76485414308289,104017709.41300383,0.020142274395203552,52.50367807818003,0.03884459579304917,85.12815139125537,83.06207676086177,84.35626154832498,84.35283391340167
2023-05-13,79.0106437922988,79.93792985132862,78.3154971151918,79.24075859208,133707653.85065539,-0.030870177381909003,49.15199802765874,0.03464843547377602,84.62051809457563,83.09442388561905,83.56926109351807,83.97416166737784
2023-05-14,76.25201488903306,76.52458572209483,75.94394498834352,76.21638847103365,136142220.793939,-0.0381668496715859,35.433393165838396,0.03311130707051235,83.89223691689772,83.08206837834227,82.43804992082815,83.39951180098198
2023-05-15,75.86484167045599,77.35656746717926,75.10429510738562,76.588763572486,105026976.74483173,0.0048857615654915865,34.28916773779251,0.027333375425443483,83.36680060173579,83.05988892344654,81.5381597133909,82.89501193220451
2023-05-16,75.83781758574658,76.21903779603485,75.74881531696997,76.12969298611372,84056241.17910121,-0.005993967848009429,36.16184536238405,0.02784624149726274,82.8184633969031,83.0134667981817,80.70608790919441,82.39387719545705
2023-05-17,77.02131084778551,79.8571297115551,74.90262636423182,77.71924657278764,54971917.92743883,0.020879548101735423,38.06698340578554,0.02699141943828842,82.46845261525854,83.0473477008438,80.24657385743951,82.04760826044449
2023-05-18,74.39612604287218,75.07834510570805,73.50724016601771,74.18754653631082,130425845.59737383,-0.04544176883095774,35.71409917647212,0.027633961060692346,82.17231621527704,82.99716060875191,79.31441580803511,81.46538146606422
2023-05-19,74.09103348498851,76.50932097253514,71.64759123753149,74.06502998626816,91126919.74249831,-0.001651443615037107,38.06372971103396,0.024653187255762446,81.88359855258052,82.80814267849428,78.50681798930172,80.91720728237561
2023-05-20,76.66381403355045,78.94971068773697,75.09654865338827,77.36804839620245,140595955.97997075,0.04459619351462729,37.14719267314334,0.031481760711945375,81.46804598036763,82.64731100105662,78.33162266728645,80.65430662414056
2023-05-21,82.41593553777602,83.38163875889344,80.87542201006771,81.83431007364884,108892752.05510241,0.05772746980219301,42.23824545763752,0.034353813150823975,81.22890823016698,82.60444083658962,78.87049765288067,80.7417142870671
2023-05-22,76.53388397582586,78.66912127541482,74.06839965351985,76.19415888069102,88569873.96350345,-0.06892159520721586,31.248741651107565,0.04584544419502892,80.81335460916554,82.42998710448421,78.45875322638996,80.40485833103924
2023-05-23,76.99104064985622,77.21436938271252,76.96434381808272,77.18760439198037,44242306.21640303,0.0130383421233764,34.14488128513439,0.045983071438798165,80.41454119956626,82.33775829648805,78.26319186725003,80.16654322444228
2023-05-24,76.99939803748553,77.83070756071244,75.53255724763959,76.35693049079758,105369698.10134162,-0.010761752586132767,38.54616675238051,0.045472243703543566,80.04802633392323,82.23838220624391,77.96992088625734,79.88434968861675
2023-05-25,78.13890625300021,78.75871860265202,76.78564938235482,77.39959739653771,136536165.09399003,0.01365517051351084,45.33981240233663,0.04127483245284847,79.84239008301502,82.13649061266815,77.88217881091586,79.70029396327756
2023-05-26,78.48937492546061,79.27263247820218,77.1301349750452,77.90758677428269,97356457.41409487,0.006563204394234967,43.21092208678432,0.041110555242140204,79.47425690024632,82.11261005246094,77.88608772835691,79.56750083816682
2023-05-27,80.12110469854102,81.6260356807557,78.13476874731163,79.63048430706786,85352956.74235806,0.022114630989364725,50.705853740622885,0.038573617064077734,79.1044299499844,82.03918929816115,78.15445643277398,79.57216628030764
2023-05-28,84.46063377734212,85.47522294047346,83.6018374328061,84.61485843845063,76966994.73729153,0.06259379400685572,64.20258522134777,0.03971402505635669,78.84465456976322,82.0296512024885,79.14836443364732,79.94569903276268
2023-05-29,84.91541892748509,86.79318664261153,83.64237091827638,85.51120661215788,77096413.74738944,0.010593271563046569,64.82593069397281,0.022554811154460095,78.68787218528176,82.10812646787691,80.12726323034124,80.35795885345861
2023-05-30,85.01370402567453,87.2999261300389,82.80299999939636,85.08730809685589,78511548.50433202,-0.004957227620756233,64.90179243584174,0.024035710025722343,78.7577408333648,82.21664742262666,80.89034705595887,80.70828101963619
2023-05-31,85.84025751576927,86.49459131469594,85.02157370272086,85.67464508921596,109564121.2979786,0.006902756774153529,63.691051088456035,0.021793929137551227,79.03395099040259,82.38056256438337,81.62639290722919,81.07615983960507
2023-06-01,81.72873223892309,82.88065325485859,80.10208785803384,81.24722225865723,58150072.98205233,-0.05167716569993719,61.786162010489605,0.0339529489101416,79.0080693961813,82.36798605889982,81.56805896129505,81.08883112990523
2023-06-02,83.29036547182959,88.78047017818369,78.15915777577607,83.62843526728466,75796397.20852493,0.029308239007195036,64.8464588080856,0.0349285369798661,79.22745322994153,82.35648198713152,81.8850399314473,81.2769499548963
2023-06-03,87.23194249906469,89.39917723474638,84.31447046749052,86.46259104442868,105408437.79702418,0.03388985777487985,64.32715236218644,0.03584168171952165,79.73976335861128,82.47197657581619,82.58927856421366,81.66107151708388
2023-06-04,87.83506025234244,90.03758189479919,85.81714251786552,88.01551832667141,64786135.599436,0.01796068407717244,60.72177067190828,0.028672883444483828,80.31110109632056,82.66340366547587,83.42408468151486,82.13177128075704
2023-06-05,92.17165334779553,93.10103811581595,91.81559344945217,92.74277198122562,88235387.56419735,0.053709320179299525,79.64362146375213,0.03396582727958986,81.14175504607616,82.96833908659248,84.85772888147036,82.9177713326436
2023-06-06,92.50044921326011,95.24615610000482,89.82893582885218,92.57256007561428,90735375.96480633,-0.001835311819726404,78.39666572148634,0.033723203647256145,81.88442072121748,83.25194518688981,86.04462598826173,83.63294086915995
2023-06-07,92.94759876318273,94.55076896837477,92.20563073521434,93.80198070947779,143914402.2700554,0.013280616122739897,81.73198512533338,0.0336293870676412,82.86514242987583,83.4773096653,87.23806517614112,84.38620307955387
2023-06-08,95.10334935220786,96.47583270664646,93.6338615672135,95.00492450411059,62622777.402869835,0.012824289908744513,81.83788424669292,0.01798679464881374,83.91213715576797,83.69917996446132,88.43296661121335,85.17277503692844
2023-06-09,94.0161890542155,97.32229861129305,90.50122191414194,93.79971924052761,135086253.08309624,-0.012685713607728188,78.03279370000584,0.02198693964943754,84.73372069798421,83.80517951418902,89.25862086187708,85.81180794089875
2023-06-10,92.07533242583281,92.84546932071824,90.6797666031668,91.44462815868502,45447673.80627625,-0.02510765598139486,70.38481632493446,0.025363381761587298,85.21423660223603,83.83170138564546,89.5949296767706,86.22905388295699
2023-06-11,89.74598034509249,91.10878308041215,88.49429031909459,89.85556467825414,141515819.20166072,-0.017377330002079083,60.2427593038947,0.026607873384091763,85.89730689211419,83.80106219470028,89.63502736930654,86.49768431223826
2023-06-12,90.62094494334626,91.74329723582463,89.05942954862513,90.17627453981557,14980389.081867684,0.0035691708433394087,59.32757857566121,0.014963948942913816,86.54674039950594,83.8167191949831,89.71829616476947,86.77017247724399
2023-06-13,89.01331158487629,90.64924626017041,87.29377683721735,88.92814629892787,74346903.17365205,-0.013840982534010227,57.43452777791938,0.015369766789944719,87.17530118991246,83.7796418804698,89.59673464694768,86.93002238996132
2023-06-14,92.02070129696688,94.08917189011541,90.5960485248928,92.65470357554976,69874734.30566993,0.04190526207636491,62.046919604517065,0.023100227774084263,87.93805649886306,83.89078615446631,90.06719140519415,87.35407284815305
2023-06-15,90.51379151286706,90.72410294610798,90.09701392248924,90.30684450833219,58619007.78660214,-0.025339879969538126,66.84524512693501,0.023644885408880396,88.55801938556553,83.9549943029776,90.10406111336924,87.57279667483299
2023-06-16,90.3201966331014,91.33106763963042,89.14487619036815,90.15388583285784,100143894.9892207,-0.0016937661403975124,63.2295068849089,0.023567866952664347,89.08418946185503,84.06368277552117,90.11172645482903,87.76398846431631
2023-06-17,85.64095327458375,87.62426944310461,84.21708293791912,86.1912498508404,57624606.12764222,-0.04395413403881465,49.4739607824724,0.02701695638554307,89.16300903247452,84.18530228181916,89.50857620806154,87.64748930776254
2023-06-18,88.82557964135444,90.42005447493881,86.88380790368828,88.47193458686736,67789505.36724192,0.02646074560902445,50.860554727567944,0.0294780394801309,89.31104543120999,84.35795330875254,89.34909288172398,87.70855932843698
2023-06-19,85.15200758882602,87.44065792275296,83.64404636945629,85.91911201225852,49303125.07058351,-0.028854603287806646,35.985092916299706,0.030994480188289278,89.35263562698012,84.36275355218851,88.82140351719082,87.57600767538673
2023-06-20,86.76961095293873,89.3127597895319,84.6436010541236,87.17677367926336,74362633.188497,0.014637740516049602,39.39163049642712,0.03172672959175094,89.4277420564825,84.37394772422054,88.56838354212505,87.54643478678501
2023-06-21,86.15282141880459,86.20897209951548,86.10518276088958,86.16132873743366,138064224.50993183,-0.01164811335603766,34.85065691980927,0.025005943541547473,89.67344738042132,84.40706967295482,88.19806741832636,87.44383433868492
2023-06-22,84.12280461560889,84.46274234279085,83.73021819344439,84.06994230561918,58139184.97995951,-0.024272912946685543,29.056740714779536,0.024900282037385854,89.69552273233805,84.38519106738788,87.56297124714064,87.19391641030967
2023-06-23,84.91938019293539,85.95483148325224,84.59001011540272,85.62273336544845,166774623.03131106,0.018470228683926226,34.544777316021765,0.02707930434291596,89.65352984838903,84.4239011786237,87.26447311149569,87.07753248106069
2023-06-24,91.19316389840274,93.83631053988796,88.10568144826772,90.73556502401105,98897133.62194243,0.05971348329584858,48.786330265078696,0.03150211951399305,89.78953218325601,84.60836603080986,87.79848725188268,87.34849785461257
2023-06-25,87.28590705002917,88.11131020939048,86.39963619575683,87.2244582760656,100290081.49602883,-0.03869603663146104,45.774487718179095,0.03454401358483946,89.51361649799802,84.64745018773804,87.71017510175697,87.33930973768317
2023-06-26,84.88915995828708,86.37743547299148,83.23515270651333,84.72047076473586,78520167.46869534,-0.028707401121421894,41.812247107668874,0.03452464053446079,89.1210120324541,84.60131913678664,87.2502205883691,87.145321665613
2023-06-27,83.1864319268103,84.3071576825492,82.39587596258913,83.51349351327752,103083704.41786179,-0.014246583388447531,41.86395496205286,0.03399642721496718,88.60658767264408,84.47538168619471,86.67533949989348,86.87629735803259
2023-06-28,90.22179546364161,92.04284417714308,87.52958698931455,89.3326898774692,118448199.47374274,0.06967971425200292,45.30369073087688,0.04401602581803425,88.32297594131202,84.48909839770835,87.08416263490513,87.05825235947233
2023-06-29,88.90814815878163,90.00647039257332,88.22284884924603,89.31801187516245,133029100.57712425,-0.00016430717945337125,48.50336349925323,0.04215722629523172,88.09889057304375,84.6016599325077,87.42783174879088,87.22564195322717
2023-06-30,90.15964131954753,90.65098233250794,89.23089251769792,89.71983673730622,119445257.37230267,0.0044988110875709975,49.34796192306607,0.04198859279244441,88.01265100197482,84.79304782828461,87.78044790087016,87.4103971224182
2023-07-01,92.26967174764063,93.98296545712518,89.87227778699868,91.57262856874742,78026482.31820804,0.020650860487698486,58.63114562151848,0.03606071585103317,88.09850419649948,84.98920331679793,88.3638603113128,87.71871056288704
2023-07-02,92.26178410725011,92.34027840289143,92.15861430070456,92.23708758508828,106017901.7313531,0.0072560876183871414,56.369101602933036,0.03131821912179221,88.20154484876312,85.24912989665809,88.95974143035518,88.05340515712417
2023-07-03,96.15777705667055,98.72905804135462,93.72989106092209,96.29764063267329,129200946.3792627,0.0440229971901398,66.70416541344842,0.028919073209350735,88.5700195654504,85.65075493989087,90.08864899994258,88.66408926642411
2023-07-04,92.95293159715422,93.41562073357994,91.70701609224014,92.16578708203309,79809309.00642733,-0.042907110947828175,57.3497800640414,0.035630090623657275,88.54557374077456,85.96229541008181,90.40820870487958,88.92347428980256
2023-07-05,89.87409081652208,90.97996873106429,89.08459174361204,90.18771462934431,111430472.52070996,-0.02146211208426152,55.76804636161566,0.028044096463805512,88.53961724682515,86.24345584294642,90.37428653941261,89.0171217223612
2023-07-06,90.3491402682152,92.15171705933871,88.5915296974848,90.39324842876397,106464405.97929074,0.0022789556234390496,59.57593328314588,0.02803223789742165,88.55158537662047,86.49693588006593,90.37720375315898,89.11905703394659
2023-07-07,89.93408688315898,92.52783741469105,87.0147250931563,89.59880593013474,118510440.19693553,-0.008788737128473723,56.1628658443388,0.02828737442072773,88.72196318058516,86.80516106794242,90.25745024192449,89.15459398921979
2023-07-08,86.84684279669519,88.10967764308867,86.34671852895218,87.60518630820566,44644612.96775206,-0.02225051552007984,44.628559074285,0.02774776289916104,88.67862576665209,87.07596419438117,89.84940963673698,89.03982304988541
2023-07-09,87.6975085409209,88.3350441544208,86.74367674520292,87.37889613835725,141466922.23659056,-0.0025830681879072115,50.298669818713556,0.027209594627532724,88.75161497295703,87.27618114922427,89.46933063698624,88.91679142680925
2023-07-10,83.16707163505461,84.46879530391315,81.72909267662978,83.02864977880483,185703582.3673567,-0.0497860072833165,46.946230908313225,0.019749342286420606,88.5442087779341,87.30006794332739,88.47845665880448,88.48063278621633
2023-07-11,85.16910662731841,85.38078787191188,84.53496143343851,84.74559006027458,85429766.3537624,0.020678889588639837,52.18375510154119,0.02233291191155956,88.47342184407616,87.47109656691906,87.90416948979987,88.2039629546651
2023-07-12,82.90629941656752,85.25538594330386,80.248716394771,82.58880701742756,136675422.77843148,-0.025450091754780746,36.263934868247816,0.02267169148662432,88.39936507966658,87.57912061942801,87.08642141712721,87.78802547783269
2023-07-13,86.32814966157056,89.88182706269941,82.72734618788483,86.2790003703271,83403062.49242042,0.04468151903587669,44.6161880726573,0.03124929647257236,88.43217842991051,87.7775620170186,86.96220279454258,87.67624584023969
2023-07-14,84.6347992663503,85.70879007330673,83.12742544425565,84.19584606367164,90333041.73077954,-0.024144395481103587,40.76408127662759,0.03199035209772901,88.10519248189352,87.91348699036126,86.53660945133167,87.4184384493828
2023-07-15,84.2899197423355,87.86359159875953,81.09656993251741,84.65635911924453,90447716.56583971,0.005469546029915007,37.871579203718014,0.03170561639952898,87.97678752405247,88.04846243726051,86.24734016947211,87.21383998048367
2023-07-16,83.82121477225385,84.68331405038313,83.5939949267916,84.45437784688002,112510386.85959134,-0.0023858960445015676,36.12716456238079,0.031707636517400654,87.96348287815968,88.14494030805676,85.97149981215024,87.00943537799452
2023-07-17,83.35151818945755,83.60953669340803,82.64917830351926,82.90581711906225,105754130.3266175,-0.01833606223025397,23.78078399106522,0.02590526189481312,87.93309905844892,88.11075948166898,85.49985632090593,86.70546365511065
2023-07-18,79.98242833672292,82.34440374664558,78.42181792572991,80.76845642180265,78245026.26637448,-0.02578058779868364,25.795362012444485,0.02569688523992485,87.50488738566558,88.0159044778619,84.77194864412081,86.26568534153228
2023-07-19,77.7006535007486,78.66676816756517,76.66818623429732,77.63346549869064,78917048.87488066,-0.038814545454972316,24.587167938237315,0.027748528270694798,86.920660066842,87.86682762589858,83.6737204679008,85.62626164946994
2023-07-20,76.86893553823698,78.43618390063368,74.56782492234377,76.11979946474848,58260127.700746976,-0.01949759712797683,22.56028612363255,0.01487510037738136,86.24065820321411,87.67573071340922,82.51157877510813,84.9220792654165
2023-07-21,72.51188319045555,74.83311493859121,69.96778971788031,72.28165134336311,81328253.25877668,-0.050422467588906894,20.196737626641934,0.019413375639713938,85.27610934194489,87.49641929510335,80.93774378560889,83.98575127119032
2023-07-22,71.09436283256804,71.5679947473342,69.93138032122808,70.40038896972727,128391817.81146818,-0.026026831687881335,20.275149608356642,0.015380095704035094,84.18427441117686,87.23185836915219,79.31661227547325,82.97942813774863
2023-07-23,71.94217691914203,74.33942957880603,68.92115885963334,71.29690997508392,123727974.27906634,0.012734603011102186,22.843952177258743,0.01969004230132507,82.93423787829738,86.92854474776532,78.0828119215672,82.11405642199568
2023-07-24,71.38878078274286,73.59817159641518,68.6377685138021,70.82986149544246,85790680.79943243,-0.006550753459086511,26.29197022186061,0.02070623649141633,81.86744159896784,86.58483161114073,76.9669733944711,81.27819013113988
2023-07-25,68.9633434726827,69.07033636796235,68.53218086973816,68.63867005177578,79398098.42816512,-0.0309359837419374,19.263215939585294,0.020951228595795044,80.78998937008943,86.10274957255173,75.68569595713336,80.34192938452031
2023-07-26,63.96031867165951,65.40653816853742,61.901658877007115,63.33371000049395,129877525.60674001,-0.07728821154722498,17.196948834362274,0.029256660200841327,79.43701244867592,85.51797257104933,73.78539042534268,79.08206128199984
2023-07-27,65.40668882517473,66.97264153400013,63.281096163265445,64.83332143481785,141193580.15853664,0.023677934457214,10.5182394731289,0.03533704763947949,78.19873822391008,84.93859938555612,72.40814904218502,78.02659907109746
2023-07-28,63.659358052117014,64.11654767483346,62.71303674512539,63.16668810427034,150156264.45200393,-0.025706431410013497,10.682063937391348,0.033207945186356766,76.97681331371331,84.3018346575593,70.98638582096737,76.92586492540657
2023-07-29,65.84553444165407,66.49354276698705,64.79510312551513,65.43911170631974,141954876.07229745,0.03597503162265303,16.349713753239797,0.03870585230173233,75.87982409211143,83.73462250687517,70.1329590340985,76.07499431658532
2023-07-30,67.10687025900639,67.83107029893738,66.96310673655763,67.6860659614417,109862215.12640448,0.03433656412094854,22.60019986241798,0.04155177142135937,75.11269490124327,83.25945126293028,69.75651394599745,75.45359221620431
2023-07-31,66.3896907509973,67.1988090382161,66.12995756847364,66.93693489882811,99805101.21033494,-0.011067729405936255,23.20648607490557,0.041585183768982424,74.22226214317095,82.80107866734177,69.32273255412525,74.82272871121349
2023-08-01,66.44198629151515,69.37972629285646,63.5924096026296,66.52652393716268,118031205.83245283,-0.006131307958539667,24.634067807375445,0.0402701895975012,73.41914798915771,82.32808365528872,68.89254661305408,74.20819502424676
2023-08-02,62.60899706418929,63.5856701359105,61.411612074225125,62.38478757562622,100713957.1000829,-0.06225691823983648,23.78123106353462,0.03585351197357172,72.22443734942266,81.79721648082268,67.89135291498826,73.33238706508969
2023-08-03,57.83196155126565,59.38587244789226,55.86077939369063,57.40316888274013,147651717.31396884,-0.07985310019445202,21.247340582328775,0.044096453453358206,70.88480349037609,81.0921857869665,66.27778614079624,72.15244497750824
2023-08-04,55.254053454916885,56.614957719933344,54.39575709053033,55.748973448424536,123228026.03095311,-0.02881714488088094,22.775586114579113,0.04422152967477935,69.43943420683509,80.40102836576834,64.65796880350828,70.93737301239092
2023-08-05,54.249597187446334,55.59382330194961,53.37973880157987,54.71647876183058,140525447.45245802,-0.01852042508996432,23.430548908747213,0.03769046278012381,67.95253925258262,79.69228022434778,63.12850879709633,69.7358252901272
2023-08-06,54.05164880246353,54.78852985162911,53.56482861224249,54.29947757317446,105815890.62737565,-0.007621126177933424,20.729822955237182,0.02911293390900465,66.52222227528821,79.05444477879446,61.77019630110835,68.59239212590848
2023-08-07,54.98860981108356,55.97751940312404,54.407044445061416,55.39169100764146,146621291.29177454,0.02011462141592668,23.975268519442196,0.03449043056242003,65.25338400458017,78.39283990720996,60.788887794421136,67.61456241344425
2023-08-08,53.90587134940938,56.547964803922255,51.39861900661989,54.034719517095176,110617041.41404411,-0.024497744442557035,24.669100490074612,0.03339447440159427,64.0734467055004,77.75515205730669,59.74978498252483,66.6086481248258
2023-08-09,55.881441392564454,56.2466307898854,55.19775912380805,55.560853454989065,171304364.3534506,0.028243580267147683,34.483786255872985,0.035711507280467625,63.045499405012436,77.12283365282121,59.105333978288556,65.79029296409716
2023-08-10,53.9258928285149,55.628852794020695,51.97040552715293,53.665130720699686,82026061.83669809,-0.03411975548261048,28.05308085013924,0.024462501514813457,62.114673373879256,76.47290969248652,58.26837963096719,64.89213279791957
2023-08-11,54.561617296601334,54.70170327815256,53.88690506855208,54.02561487341929,106007834.77029876,0.00671728826294582,31.064575324125983,0.023405595086547784,61.295934669063854,75.87202314384253,57.615646591344436,64.08720554425288
2023-08-12,54.181221420551,55.00897137330157,52.90486564498919,53.72565572355688,82929116.8035476,-0.005552165404599463,23.5767168347746,0.022585801631991732,60.4173719564875,75.23408159100468,57.017186457838655,63.31968333531243
2023-08-13,53.514427341671265,55.15201103426841,52.294045518663495,53.92232716771757,34478891.911237456,0.003660661587317815,15.786941427880834,0.02255262875211303,59.57199524010126,74.49781683387883,56.54105425935849,62.623582878453554
2023-08-14,55.8508504148596,57.489786233842864,54.47002558732674,56.10273397956171,90239573.61042632,0.04043606658633814,24.85800004552908,0.02662942323997992,58.94519843649056,73.87538234794874,56.47362037015898,62.140557034091195
2023-08-15,55.84274417828165,57.06438118936504,54.386749699372324,55.60314515144367,107398277.19296683,-0.008904892733035852,24.755538151133948,0.024606413911174792,58.558670194038044,73.2930358356829,56.33970110574124,61.65630430204323
2023-08-16,54.65721481180121,54.99433951505958,54.411262965757565,54.74797923842976,135477406.95360127,-0.01537981189166071,29.189701870133106,0.02302079645231162,58.054403084218634,72.71772555018595,56.09482081846255,61.14457651955335
2023-08-17,55.92658359505225,56.29219994962969,55.50720074866461,55.87246329534937,71034327.0842207,0.020539279669527843,44.71860642803225,0.019217577219399724,57.68969184377259,72.04852101854354,56.06061196875283,60.75404961405676
2023-08-18,55.4906593590191,55.78470529286485,54.73607260687696,55.027665126525946,72911366.46989343,-0.015120116762307512,47.36404304571151,0.020777771470310923,57.169119514782906,71.36271408357082,55.901697069948696,60.329872985350775
2023-08-19,53.005699001081005,53.5331624494062,52.50975267592535,53.03692396872298,83716960.55946212,-0.036177096615413795,44.263949779008,0.025516196741185302,56.43666241514696,70.62905582819916,55.4609627466832,59.78965453967464
2023-08-20,52.19637878161028,52.8870626293148,51.338756804464666,52.0272020362313,108263640.46923347,-0.01903809378325061,42.541632942837836,0.02617541279511101,55.69117577201713,69.83814729754883,54.93269186815214,59.214658057938095
2023-08-21,49.339826416176486,49.810122811291244,48.65256989369049,49.12077837091975,112812564.52470058,-0.055863539678484786,31.607285594977967,0.02361519925567926,54.82088849370498,68.97582111326547,54.038551330116384,58.466963266307104
2023-08-22,47.30947313642771,48.29799041229291,46.17703050688488,47.16247632846115,81180418.20247278,-0.03986708084450763,30.530349056773673,0.02439149675371896,54.05977293134673,67.99311782718122,52.98069363755404,57.6295938635037
2023-08-23,48.14281485295524,48.87964288716745,47.09149316353478,47.8234330442185,75065314.27153896,0.014014461648581333,26.94922343584308,0.028158646692979773,53.58078613942064,67.10627074642493,52.187268930887036,56.90321158059369
2023-08-24,51.34336271389909,51.50270602758852,50.81943784073968,50.97764615888799,85025210.2926463,0.06595538868472794,42.5521092385052,0.04102347578445705,53.342219774943814,66.32206937701581,52.00117311981026,56.46428080861549
2023-08-25,51.24409700678136,51.925197582364525,50.29828847956887,50.975823349973524,128218035.63740182,-3.575702394709168e-05,41.37661198766489,0.04124619107347616,53.155187004350964,65.53372087543998,51.84342700137384,56.05772840427164
2023-08-26,49.196248915480254,49.56373493168446,48.76910728313088,49.1361443302558,35535876.36976038,-0.03608924581928652,38.06243250342548,0.04123696222328821,52.89702034220503,64.72446764344241,51.42692197504799,55.545018472863056
2023-08-27,53.4737222795845,54.01709797755228,52.45975992293553,52.99830464263415,101745700.65339434,0.07860120823522188,47.98146677087777,0.05265495117520893,52.777351023954665,64.03233001013098,51.668673154676625,55.356373003957216
2023-08-28,54.70044189265492,55.75162641151788,54.155974880764965,55.20216543778847,97757660.45586671,0.041583609325145154,48.0347159917362,0.04680339852131772,52.83572331998933,63.388795396119605,52.21228735207845,55.34495022127805
2023-08-29,54.108725560755495,55.117142957111476,53.232825472131935,54.23913187982124,67151045.91245311,-0.017445575736563357,47.082369894383696,0.042800100320543925,52.76963724123094,62.813005038139934,52.5241095871158,55.26303775154051
2023-08-30,55.50055892182939,56.86509563167734,54.62392862468502,55.9808786926753,92663742.51234452,0.03211236523315453,52.540809273265396,0.0428585628458225,52.885424639829715,62.237710810787945,53.05592021874034,55.316211154587535
2023-08-31,54.340716178789805,54.83285028150932,54.31025193044541,54.80212735890062,123818059.52597104,-0.021056320681313467,47.79913096418312,0.041083029295607566,52.92425026410378,61.6819772176174,53.32456747107269,55.27813087342554
2023-09-01,52.6979910762716,54.10935771968314,51.213483726696495,52.62283759671739,107125017.14869474,-0.03976651760087713,45.31235551933728,0.04539538745265654,52.86910935776181,61.00885396214521,53.216609028864184,55.081442482558266
2023-09-02,52.70812946409645,54.20949283149962,51.62836011892931,53.121260164444216,87406750.80230664,0.009471601884082359,50.174548500803,0.04155580557517396,52.82905600759814,60.38736224416067,53.20193997279957,54.936243792327595
2023-09-03,52.78107473890646,52.79254898691342,52.74438203055483,52.75585079504731,71179312.23315094,-0.006878778256873663,51.549388728988134,0.02951260248778374,52.66171184837242,59.74935207767672,53.133310868529996,54.77473319993646
2023-09-04,53.693897792556335,55.288875427302976,52.17168222464835,53.76465393133969,120800579.75986913,0.019122109132719833,60.7415308030705,0.025091971687881985,52.56978728736723,59.13555759936592,53.23044057050072,54.69991251337374
2023-09-05,53.42632370146005,54.20525142397628,52.1797275285392,52.95173601195172,126764068.59591332,-0.015119932147728554,64.14010227099502,0.024891009800283446,52.479975126043314,58.53647597722371,53.18756294610857,54.57041795771285
2023-09-06,52.59748702007636,53.46572811985567,51.65787756996649,52.52492079929788,92217135.27702507,-0.008060457405164367,61.61611160562636,0.019436864042325443,52.312598001240744,57.971605264773615,53.08561800044539,54.41889964968211
2023-09-07,56.592364713198016,58.24005755079839,54.68912845619804,56.32915800184549,49795398.87164795,0.0724272810821347,62.8106590272747,0.03531839264995211,52.377672645006726,57.54551911483671,53.58462415450695,54.56040026836088
2023-09-08,59.60096276361135,59.7559039127684,59.48019778468072,59.635069825246426,82263597.18079856,0.05868917520997963,67.8976325443453,0.03436339453793677,52.7075799378329,57.21582452204667,54.515461950005324,54.93630171701906
2023-09-09,58.3828587183248,60.12632732420668,56.867176868477706,58.6048815233771,111721006.03961475,-0.0172748737427183,70.2483110817811,0.036928635139409256,53.036463912190186,56.94228912564695,55.14460342283175,55.20804836934188
2023-09-10,59.11630115153804,62.222399199344316,56.01187153103639,59.11788633463965,115073917.93602286,0.00875361911717043,65.27421564718247,0.03586346763474528,53.536319310376186,56.7166390729452,55.75587771695604,55.497665996400976
2023-09-11,60.28284069807379,60.46997704949216,59.775334067165204,59.96147279444624,115125762.59786311,0.014269563952801434,62.74442269364235,0.035861018488079446,54.17626913367543,56.48993032933244,56.40289234426223,55.82831835181173
2023-09-12,61.3456742629845,63.08308296569141,59.5082173780824,61.24270996536802,82782099.08785602,0.0213676734611572,68.43986144178663,0.033087474360849155,54.84723297973291,56.29818729873095,57.14747967058619,56.22938439726035
2023-09-13,61.06672268317394,62.38372583057502,60.080165012636435,61.39191455349107,102737314.67781879,0.0024362832442819116,65.55093801268046,0.03173729125718932,55.36794639946307,56.15325218876526,57.80046965257156,56.61179403846262
2023-09-14,60.19153417793791,61.30835445540027,58.60284991701841,59.710749503543234,25459798.67088084,-0.027384144348243544,63.71108691863446,0.028007153648992478,55.804692707141555,56.080792978826246,58.09435886041336,56.84134629513526
2023-09-15,59.77933453626299,63.03599580189225,57.1100148265503,60.341570628971866,128029725.44086401,0.010564615763049456,73.60219840893944,0.017698976463484735,56.36496402207736,55.99095796270932,58.4400837478839,57.10062217171575
2023-09-16,60.702891341083024,61.899265552069856,59.05763795124174,60.244987478894195,129679069.88300607,-0.0016006071613803297,72.33159414951537,0.01576675808248652,56.72729816389036,55.932523950201805,58.717761244962404,57.33353812039564
2023-09-17,61.69989189451464,62.73897317407052,60.20204015984337,61.23326299196522,92155163.83915919,0.01640427783999865,75.57635711525685,0.016398992390311427,57.02885304159919,55.84840697591471,59.10476151373207,57.62240662940079
2023-09-18,60.49227820818109,62.134473953804005,59.445224110702576,61.077293885212015,145668973.46428305,-0.002547130417885346,73.25915509414092,0.01606900600249707,57.37076114186874,55.71623153439012,59.4082280324213,57.87832420390533
2023-09-19,65.14780681784616,65.67894697789679,64.6244481880253,65.1555263340859,154520681.63355088,0.06677166242071042,82.14021915771372,0.028887849831722157,57.82949352393926,55.68060336309528,60.29242777113893,58.41737621354833
2023-09-20,61.975378123426985,64.29159148531004,60.29467305631988,62.59410715756226,95509546.18910965,-0.03931238562006123,73.83822107402177,0.03432365498527978,58.219092513872354,55.601955027503266,60.646532292127134,58.72676369088269
2023-09-21,62.617286463683435,65.20201240607739,60.10996817940372,62.69171390199774,126888362.89539567,0.0015593599600323138,68.26934136547337,0.03165491605831744,58.72253632913637,55.6080935540307,60.96117561672261,59.02046370652084
2023-09-22,63.905519658927226,65.38851720896209,62.77842120530179,64.25525056877348,107976428.41651185,0.02494008489255739,64.7413399640914,0.03235263150807024,59.27923584935282,55.74513518775136,61.467956378576595,59.40822569631733
2023-09-23,66.55066633953602,66.75291658695133,66.47709441933361,66.67920256964027,97493783.38255034,0.03772379656775904,73.65811058902008,0.033505719563820306,59.97540343808248,55.96373977017568,62.26968656181717,59.94681657582274
2023-09-24,64.70621762180197,64.88801413763554,64.04236079207544,64.22279911074915,89879492.91795269,-0.03683912470797224,63.42833214240144,0.038782195092925464,60.49831069705294,56.15386617715405,62.570165415499005,60.26355602285432
2023-09-25,64.24637387220558,65.6746439828854,63.38366076410274,64.80443709070217,100975748.29562896,0.009056565394323757,62.91729670960864,0.0385297944300337,61.090945750990464,56.3639653675046,62.913899519376415,60.59991758343564
2023-09-26,64.8174580204983,66.58195788970855,62.81158815559715,64.56933342774622,118672307.03974922,-0.0036278945317724798,59.3972888448342,0.02898061727391448,61.69316638241288,56.54751821590669,63.168581659125614,60.8939483867179
2023-09-27,64.64756788993056,64.84116886037597,64.57890160397116,64.77237001415746,102317181.42399621,0.003144473941928627,59.52040232675797,0.023540789296661865,62.11532698302849,56.76227122584795,63.415318329130514,61.18123887763935
2023-09-28,67.68610921756819,68.86751785410951,66.81115893768025,67.98865666871788,87520882.23048995,0.04965522573679837,71.45773604632478,0.028762389990343928,62.53300632520205,57.01082729012251,64.11890884291319,61.68549204734887
2023-09-29,63.06048202819878,63.49672931222608,63.00546822844763,63.44138321527459,89348218.62188195,-0.06688282540424906,56.679099965011545,0.04044668549942395,62.77483140979693,57.20635234001402,64.01467413096879,61.81555805978782
2023-09-30,65.32909051934463,68.0764443568729,62.04881677569811,64.77277529652858,85064822.93872131,0.02098617674737957,59.26302078766556,0.03820070545815107,63.057575857891365,57.4212955484762,64.13130507951645,62.034611188435285
2023-10-01,63.23870783995501,63.60262604802833,62.62170584307372,62.98415920650176,37084289.61241822,-0.02761370161828902,53.46843082609164,0.03699909440278092,63.20871017849415,57.6064656181351,63.95482109905265,62.10494807866243
2023-10-02,63.482766562674186,64.78493727092425,62.6164062085201,63.91270941194438,117964569.98544557,0.014742599046186244,55.44998727714844,0.037347755115468444,63.34221015082297,57.80627326301963,63.948342377959065,62.2388563255722
2023-10-03,64.70461496365019,65.39330744196828,63.54327231770608,64.22687995771078,115797100.19557579,0.004915619266606885,47.91305903719088,0.03740126320018238,63.48395842103395,57.96875618258262,63.991194313305485,62.38611733536024
2023-10-04,62.55726058309218,64.84849649542073,60.38883108626603,62.6759527581215,77065408.58315296,-0.02414763414648924,50.19268221922831,0.03840948754664548,63.63221858376287,58.11021233471618,63.788849458661794,62.407586625935146
2023-10-05,61.561918335828466,62.41672672136667,61.275883931659166,62.12806185135881,31793174.527703304,-0.008741644644431723,48.700590545436086,0.030283144690012198,63.72154314488222,58.25781398697476,63.533343672922875,62.38688108707764
2023-10-06,62.56864851897667,64.25137296558151,61.418131486478956,63.09124636444848,151008303.2893857,0.01550321198485305,47.240182266782135,0.0197552016020339,63.863856089159924,58.40218964835673,63.46532870238835,62.439056292808814
2023-10-07,65.28210844426933,67.23491979374612,63.63094852298362,65.57631850943437,120924921.15291174,0.03938854101297662,47.392653045226226,0.02389967610784815,64.0810088650334,58.613162716014905,63.79009636501081,62.67144608663293
2023-10-08,67.43274991298372,68.54164200305193,66.2555653293928,67.36331561305282,124179894.7090775,0.027250646944465995,57.667224530793185,0.021436108665363194,64.39530995142543,58.899690548901496,64.33982240317113,63.01899197747885
2023-10-09,69.29099828219618,70.3124189708992,68.70684328715286,69.72460844270665,57420060.88508609,0.03505309689946867,61.05170011223907,0.02348613967126833,64.62376405685646,59.253638677031006,65.16825102463812,63.515704308236465
2023-10-10,73.92586766474712,75.63233742442841,72.6053060248504,74.30500316469815,136747451.96253458,0.06569265606927366,68.29663337583817,0.03034231448829614,65.20930885721324,59.757323172906574,66.57390520003197,64.31491163093733
2023-10-11,68.71149435548848,69.92867938294685,67.95195607296198,69.16413757291471,123482368.71881089,-0.0691859951931989,56.96157551092766,0.04352767670223336,65.53293004075911,60.197356397795645,66.97240248816777,64.67411355256529
2023-10-12,66.17598988481141,66.25270970278025,65.53781175404252,65.61387990097913,148102003.3024965,-0.05133090350751224,46.27508026063751,0.049907370369294685,65.60086150736939,60.55316533493087,66.76339901321568,64.74372587467002
2023-10-13,63.99380749996784,64.83387095053494,63.13299763220192,63.972785116441436,117008692.08163317,-0.02501139678089981,50.91713659654195,0.05134391952518021,65.46554063470946,60.81306811408192,66.33407379832732,64.68661915183827
2023-10-14,61.392496039588686,63.247249370728674,59.84655811913323,61.69372610974661,120843152.75738591,-0.03562544607908724,44.85425033929266,0.05033136287412947,65.33908698465932,61.0274261692774,65.6201741539303,64.4649233709426
2023-10-15,64.33856025562251,64.71970217946179,63.90357117368304,64.28439220574829,41480499.90889453,0.041992375227801304,52.1162354854687,0.05230214692802135,65.31308474041164,61.33039112678725,65.41466923882537,64.45155069203932
2023-10-16,63.523110769792126,64.18095449407146,62.88982989888415,63.547431165868474,89696948.65507472,-0.011464074164707072,49.40174877919366,0.0491530000335787,65.26198962731775,61.54137365725193,65.12740184298585,64.38457887528592
2023-10-17,64.69452963843447,65.79112671766984,63.31451942801039,64.40622971298417,88833510.87476625,0.013514292102132286,50.28858991373978,0.03809656258089647,65.24368261225908,61.72545494275584,65.01645228452405,64.38618264104136
2023-10-18,58.64431902835471,59.1754190105779,58.03935122853404,58.56977612861143,54831115.8728259,-0.0906193952104003,44.19358867606818,0.04325888914021053,64.77273858525376,61.812067827731646,64.0246559528452,63.9553377141947
2023-10-19,54.109547863695155,55.278823076974724,53.28046164678326,54.44460302277777,109100959.236793,-0.07043177178576421,40.13328872763261,0.04589190510605903,64.32289957562891,61.7813423143337,62.55080165591174,63.250838848163816
2023-10-20,54.209715201278094,54.90481630420852,53.349952200959706,54.04291451118064,188621694.04828694,-0.007377930764396856,38.210573332908915,0.04639656418050886,63.78640653636152,61.7661580573793,61.241895941337724,62.56877037875766
2023-10-21,54.32379287209978,55.81247094433872,52.60127565360333,54.083365092302195,107525786.82195331,0.0007484900007230788,34.00653434346471,0.04676387228714729,63.341366830651545,61.795368607290996,60.140583503024565,61.94022183902022
2023-10-22,55.36120162903567,57.42191441031932,53.338668063057945,55.39803518874395,77090661.38883159,0.024308215552010237,33.127447848476606,0.043357654245121516,62.91563311949152,61.840904107776986,59.41096068544293,61.45561542048124
2023-10-23,55.02972735397436,57.630648163748624,52.01727911737311,54.59778461886976,117074812.25278999,-0.014445468456556143,27.68693356814353,0.0432722231941497,62.43417835254947,61.87774278425344,58.67047205981629,60.9476279536952
2023-10-24,54.095482337332506,55.0640190632087,53.3291883464435,54.29490020220258,55329678.55291884,-0.005547558729379287,16.221145004903306,0.04132237301039818,62.015125724753524,61.88834770967069,57.99730715864495,60.45483330543649
2023-10-25,54.2433539071449,54.77574160813307,53.34153371661919,53.87025957110435,46607283.01569382,-0.007821003989634367,19.293161208991464,0.02880925979680099,61.6022356107408,61.906718180853744,57.36237676056178,59.967087102893366
2023-10-26,54.11240930040576,56.32372379146363,52.04676225890771,54.25272060993834,114278252.79686636,0.007099669499998962,23.86467089091707,0.012881429927863744,61.16030932301529,61.94127417706655,56.883968122004326,59.54380069600781
2023-10-27,52.38123082470151,52.45013327675605,51.96090913968226,52.0293487248065,99200234.72363974,-0.04098175833645745,23.242027976278422,0.020125424945023423,60.4829608337839,61.855277991525774,56.137103599358504,58.98717462406697
2023-10-28,53.17858411094055,55.12866882152382,51.66007572245888,53.59817895038128,89661598.34033169,0.03015279383704428,31.26663896947811,0.024231959251814195,59.79470400065031,61.73454017402847,55.74649980720816,58.58798975934951
2023-10-29,52.60468358518045,53.397075522505794,52.13227972760549,52.92182366383403,78080115.27518903,-0.012618997506862795,21.150727190702227,0.021680786941909273,58.95456476170669,61.62087901683762,55.31193424668906,58.16827375227429
2023-10-30,51.53185777909216,53.66036308359468,48.92648074767319,51.03444040194215,122129328.11731756,-0.0356636096647156,19.98334313318972,0.02432940120861079,57.79103662356889,61.45921009818366,54.653858270574155,57.639841652249686
2023-10-31,52.68293225189226,52.8843124260051,52.353204108819924,52.5540917910892,142115716.35158443,0.029776977609207167,22.44235468847424,0.028545338755110967,56.96053433447762,61.311062478116526,54.33081727373031,57.26311944031187
2023-11-01,54.39101824281871,55.14119767006021,53.471052799016284,54.218857729895134,99058821.8275302,0.0316771897690411,37.44872613536438,0.031484411684007695,56.390783225923414,61.17058543340706,54.3135927285249,57.03761857287359
2023-11-02,55.437602945478105,55.562690511231665,55.00259988504261,55.12698658636156,98041141.10305677,0.01674931738677521,52.41713713045322,0.03198543531260582,55.94849329941942,61.045286874064466,54.43873024511516,56.8960902775764
2023-11-03,53.836661696915485,55.530954866866615,52.32908896397978,54.0182958834402,50866210.541051075,-0.020111578222845372,49.91695540628214,0.027950291214797703,55.5647217881041,60.931437801662405,54.37404803562671,56.6829203224552
2023-11-04,55.153532799448016,56.96139632044291,53.73128057629348,55.529450258742294,114049152.52324437,0.027974862046052706,54.437684843729734,0.027643275368202495,55.1269746907538,60.83519539425782,54.55180222379834,56.59747809551351
2023-11-05,54.6954843615695,56.03367703355641,53.03588523448609,54.36601708199484,86301764.43690859,-0.020951642260573,46.8033143521719,0.028707351305489508,54.66790398656012,60.717615986319835,54.52321989429011,56.43218468710472
2023-11-06,57.74078588273986,57.91298304208965,57.452113280734395,57.62396204279317,85987850.09692578,0.05992612914579887,58.135018443795865,0.029309317696468908,54.328790603050564,60.64542996733638,55.00025714790597,56.520464491229795
2023-11-07,55.94485753202596,56.6979664483635,55.097563758006416,55.84938749208605,67313872.87313455,-0.030795774670774434,53.87239642593712,0.03380286808822421,54.192771171224294,60.54087183947387,55.13089258547214,56.47075508388581
2023-11-08,56.71264947931933,58.498536696917704,55.372707257132134,57.148301385126565,94638585.98798782,0.0232574420484839,57.82511003643086,0.033010675815827846,54.32795608934174,60.38072734049469,55.44126317003436,56.520943698792536
2023-11-09,59.12992830204491,60.42861784736076,58.334366309329695,59.626376407279025,80947260.01067454,0.0433621815887848,61.66093486858599,0.03561510242981932,54.607129184146665,60.32137272548902,56.08512674499508,56.75097575127302
2023-11-10,60.36045407818695,61.179341414394685,59.903845177209924,60.72001256033123,111533582.24409777,0.018341482728752467,69.83125036125872,0.032718863883298255,54.93896155754811,60.281938698655686,56.79818610120064,57.04497847786992
2023-11-11,59.598842123864934,61.029692590563506,58.70074304463345,60.12368462336135,94991695.79568362,-0.00982094554702817,65.58215437277927,0.033765912641821695,55.17524402927897,60.19930737974745,57.30980125845613,57.27303078494336
2023-11-12,59.30426840374564,62.01052147342426,57.20973193972105,59.895117131939344,179681223.39566764,-0.0038016214883342947,67.01529737717735,0.03153310846712584,55.44011065493246,60.06362567099343,57.70754216206894,57.46725940323935
2023-11-13,60.33622693765887,62.42619283946099,58.293365996615115,60.38178925187117,77962594.22637586,0.008125405596248525,74.48162946310109,0.02430546073346371,55.74445510741589,59.98680547381586,58.11896479126928,57.68315050313801
2023-11-14,61.59784797457782,61.59923349074257,61.17903061759661,61.18040674428444,80508329.16689554,0.01322613162524866,73.47999047067296,0.017711123722632224,56.1099624660749,59.91432486688752,58.58995586096392,57.942206521000706
2023-11-15,59.75752941346224,60.71388353749856,59.04724735362123,60.00071100472051,71120708.0367753,-0.019282247411245623,66.16448630406006,0.020740682414971543,56.39736198581401,59.822952418427,58.80699511384955,58.09468833460958
2023-11-16,59.87962991589562,59.89706777531115,59.356116955670025,59.373407395384426,104012577.43350461,-0.010454936263784131,62.06122346091372,0.013949050836173071,56.7645649193429,59.71497316605154,58.89413546485491,58.18940826503735
2023-11-17,59.82842258297734,60.43899562014789,59.46925805632227,60.078330833671615,129475121.81279355,0.01187271320968497,67.61654458536175,0.012644186192829542,57.088572513507415,59.556766649350614,59.07631936774979,58.32932845530655
2023-11-18,60.94033761233649,62.21112180350443,59.913014465884864,61.179762468443556,48535880.66303337,0.0183332595877419,66.82630364022091,0.013947542332637893,57.50146945373789,59.51153423441399,59.399925998625754,58.54047171553893
2023-11-19,61.13393514362313,62.002680704690185,60.71126174528814,61.576944388475376,98194524.7526739,0.006492047435402881,72.5005854497461,0.013703813383476548,58.02859465306456,59.447617616252934,59.73485190475647,58.76539561723793
2023-11-20,60.9540504627158,61.10693115985694,60.573732664049395,60.726041484978765,108846701.33124943,-0.013818530814527774,61.39061305260124,0.015057753588343763,58.43719213775903,59.40245526182248,59.88734260940605,58.910628644477995
2023-11-21,60.35249035584846,60.90744576724593,59.96817510815349,60.52205078517691,153224171.2574369,-0.0033591963976824513,69.39469607130208,0.01406918047661264,58.75235179052312,59.33464208928713,59.984990021063105,59.02999324749273
2023-11-22,61.61012750884694,61.62118771570107,61.21496352334548,61.22595476377802,74925094.66526915,0.011630537456498669,67.80443379819809,0.012280329239179637,59.05730019939394,59.27462358540846,60.17590767378847,59.19265706351386
2023-11-23,62.97619096435831,63.4042048893997,62.96643980612771,63.39438897788791,91820752.38670707,0.03541691138139269,66.90967266159166,0.015695231031175517,59.526104854116326,59.28899230980379,60.67105864364992,59.5038964645786
2023-11-24,64.99227516893592,66.27801306585962,63.70054260413711,64.98615951549174,93776203.7393782,0.025109013009953385,68.32580849479778,0.016786743166509025,59.99894031695381,59.34615426308645,61.33492031624097,59.9099900239055
2023-11-25,66.96629275914783,67.65212572000564,66.17236186214336,66.8570762862886,150003820.04611924,0.02878946509142266,76.06949319512769,0.01793256311655591,60.623493277168485,59.42147086152326,62.184482773171375,60.424589006304245
2023-11-26,67.97154488579977,68.03673019754741,67.47313279003637,67.5379022346524,134044173.92530636,0.010183304239157032,78.5891763065025,0.017766424054411888,61.11919028676145,59.46070253602761,63.00808576724538,60.951501097293
2023-11-27,69.85783359283467,70.75934688659758,69.08217296617111,69.98230421081261,127932451.09175348,0.03619303969003096,81.3244794805274,0.014793445442050449,61.82583612269777,59.51308230798281,64.08104245087111,61.620449476072224
2023-11-28,73.13725551058691,74.43355791028343,71.27221557819678,72.55825564427295,97631268.09617262,0.03680861129837365,83.26538377801992,0.011357655147048168,62.596333835655095,59.56975525201414,65.38522909600985,62.43065734038339
2023-11-29,73.15617320242718,74.36620495707362,72.19525247711424,73.40205453212857,67421713.79661188,0.011629260934723495,89.9664588735509,0.01135793002760944,63.28511774189758,59.55169627936275,66.61858685541273,63.24335342866081
2023-11-30,73.7728145471866,75.10598559458612,72.83167088995813,74.1599037156306,112090673.29096456,0.01032463176041376,93.75665304371486,0.01194693784233036,63.95711229966254,59.65161160221706,67.7787894492924,64.05198678325117
2023-12-01,74.53492907752454,76.0352490240668,73.43677270452844,74.93125342755303,109163337.955794,0.010401169274439681,93.78110210157153,0.012724700133759146,64.69749073987214,59.837959072748546,68.87916852287096,64.85785838653278
2023-12-02,71.57659920820527,72.48894608983855,70.2023461702146,71.10872937675778,47078829.6300614,-0.05101374761455235,75.22116103155722,0.029229347505957206,65.25817135211305,59.980677957954875,69.2221778850074,65.32088586729019
2023-12-03,71.3432066762778,73.81634160885442,69.47624548901356,71.93392214730585,164509910.01255888,0.011604662012393963,75.7484934956343,0.02924210480135052,65.83577799688479,60.18548187870605,69.63936930997639,65.81074040655061
2023-12-04,68.16015602874984,70.6186314286937,66.3828378823755,68.82400306113134,110403798.1638344,-0.043232997636442505,68.09937728674649,0.03236537791260386,66.21795781272712,60.27627409581371,69.51392834861561,66.03394504763067
2023-12-05,69.8791232157235,71.0036854218039,68.73917315225867,69.8634836717223,64726373.16449482,0.015103460484094056,70.12691634107085,0.02888903731268961,66.71109644607722,60.40259514593079,69.56770609063203,66.31761457534115
2023-12-06,68.29919622174849,70.14550908472124,66.01267697717752,67.84675923910441,85230327.95166571,-0.028866645730037832,63.50129853539101,0.029052095189018058,67.13476403826321,60.4714057364532,69.30294503655085,66.43088455043473
2023-12-07,70.0132056782569,71.30649458957936,69.12992201059225,70.41810275733957,125330736.4684253,0.03789928284081001,64.09136504463336,0.03386620370143455,67.65175263444662,60.70837226902776,69.47450776282604,66.72623404724249
2023-12-08,71.50909575533706,72.46333830665067,70.01476964884584,70.96170766069531,132734022.58131723,0.0077196755105573,62.514822314460844,0.03365274953995164,68.1408498940592,61.03871436178611,69.70330774711361,67.03997283342417
2023-12-09,70.92900480766119,71.62611688015653,70.69683393658201,71.39242908917399,144135084.36158183,0.006069772595357792,60.10835314861917,0.027665514662656425,68.63162412909413,61.385704653345975,69.96317256896906,67.36237700051674
2023-12-10,71.23269912696597,73.70268275393255,68.4976609681474,70.95812373269361,76150386.89258212,-0.006083353123310875,57.70765696237891,0.027330545842279525,69.14322824147987,61.7231998261538,70.11624197877283,67.62872861030762
2023-12-11,72.59941325820964,74.09662463055923,71.70490121747154,73.19477699294184,86925045.70714256,0.03152074974070529,57.307911177234395,0.022550691020618716,69.77686455186812,62.079134662237756,70.58986275018346,68.04102849050274
2023-12-12,73.74225609452905,74.90410907207868,72.3688200385967,73.52728603537659,94627018.36848977,0.004542797397508513,52.45498469181521,0.02243129889540959,70.39193111544805,62.45772469056789,71.04177402482856,68.44741793827117
2023-12-13,76.1186983045095,77.7935482400398,74.22331134614186,75.89319960348686,100736361.09972079,0.0321773547710158,55.85928689533707,0.01716492194041322,71.01687164672799,62.88969067859359,71.78814719077599,68.99895732087974
2023-12-14,75.26996948516009,75.62251503948343,74.46059054108119,74.81098633407834,92051052.1236115,-0.014259686968828289,51.5083608842556,0.017524936879782623,71.50811298765731,63.30850521385307,72.25319936666865,69.42947798852408
2023-12-15,73.21346306738177,74.75928230330133,71.98524306236013,73.52582220008647,56052873.36509535,-0.017178815531889935,46.81975450239374,0.02011852885220758,71.84155028334723,63.69396724565603,72.44898749488678,69.73291089308427
2023-12-16,72.17977785812793,74.27550860117007,70.08710719596166,72.18275171939477,85380773.94742066,-0.018266650280180263,52.73750426732651,0.0219717741949446,72.07379275758434,64.09703530554779,72.40802814481108,69.91438058392208
2023-12-17,73.68943901010837,76.91714427780389,70.30165527613212,73.52202768269271,129405517.7700552,0.018553961041888112,53.9444476153739,0.02247007731729267,72.25077893117835,64.49551228019402,72.57941268910056,70.18161370234954
2023-12-18,75.02581943067442,76.38714678876052,74.37016438006783,75.72537825244765,133906618.47896372,0.029968577298550514,67.94958523466758,0.022173890413756076,72.40913506158708,64.9515833719663,73.06340739115396,70.59226292828274
2023-12-19,73.39098021412599,74.57713299944304,71.9628877585025,73.14506605313753,73059917.79809058,-0.034074602977988144,57.90165364815665,0.026675805619400018,72.39628563763753,65.3937958849902,73.07597026222835,70.78135945604976
2023-12-20,74.72653539030011,74.86002863177518,74.26921555277578,74.40212926751836,80207996.19340904,0.0171858921211121,66.38391874940211,0.024097946602970686,72.40839691523192,65.83075663451879,73.27999472458066,71.04956462726966
2023-12-21,75.75686024264763,77.62644067025255,74.30972853763477,76.17139047650895,81989050.51916964,0.023779712037932166,64.97985290881638,0.025285354473436217,72.4704037676797,66.26980728945107,73.72482484026193,71.42895913462073
2023-12-22,75.155554135829,75.69414496702304,74.02327962544263,74.5575852033634,98089766.33616158,-0.021186501428554605,58.86836619602886,0.02585350086915692,72.64284655901,66.65841926179111,73.85294181920062,71.66070921378684
2023-12-23,72.98302585749205,73.26551636412559,72.83290949286236,73.11512828240068,108221622.23495601,-0.019346883580366514,54.046677250233785,0.025999396524844228,72.70190686576474,67.04035590977031,73.73943204430833,71.7684439596101
2023-12-24,75.40037325658048,76.24933551455976,75.18961618458734,76.03679952118634,120027102.56357478,0.03995987297595871,60.681730393296,0.02930269622369376,73.06254668876747,67.45050289501918,74.09287319459726,72.08461844565278
2023-12-25,75.00337205607637,76.94388065789776,73.58925423254833,75.52002188916335,34844571.418312065,-0.006796414831728992,55.27198401440131,0.02734967350040132,73.34537359963954,67.87358299116255,74.31243453222281,72.33909277480171
2023-12-26,75.12223460286376,75.79103252025426,74.04025209687181,74.70533847313465,120674491.30385803,-0.01078764803887855,52.613826136804214,0.023696132671364212,73.68830256134105,68.21521051976939,74.37288129236309,72.51437023393748
2023-12-27,74.1930650350048,76.49190471122994,72.47636506172796,74.76203964368115,90580261.91664441,0.0007589975724009435,47.20367158386016,0.022886530242075914,73.90549940565812,68.59346356280129,74.43275180795048,72.68086426428886
2023-12-28,75.17229251833503,76.68650529793928,74.3974027205519,75.9040721809913,146366938.4596987,0.015275566888666159,52.69423741005176,0.021663336689994157,74.15261763167292,68.96857897871858,74.65910878841831,72.91962040626682
2023-12-29,74.43005324568549,76.67847195484913,71.91051339081454,74.15048682355334,83509875.37098013,-0.023102651900633098,51.504922432643845,0.02198097212943657,74.2905205183919,69.25906118704407,74.58085925536216,73.01079569643619
2023-12-30,73.18198682527623,74.13708938642088,71.98482297942475,72.93672460846037,87510588.14808042,-0.016368904198582168,51.82783620218739,0.021582352942851414,74.38945056218023,69.50339542800666,74.32791546353111,73.00530894917873
2023-12-31,72.71674891719,74.42676286139502,71.36649183443976,73.06994733546634,120204366.07120202,0.0018265520932170265,48.835965639852944,0.012793455596140068,74.38320907930645,69.76232068224876,74.1343819053673,73.01009697779261
2024-01-01,73.97920929204831,74.10420707743232,73.5578795994205,73.68237584492766,169152662.59556228,0.008381400723469046,44.270166323125316,0.013803078842459206,74.39096356978402,70.03806585650852,74.06484251145352,73.05989541239522
2024-01-02,75.62515620576667,76.53140779508666,74.22134633550472,75.1215631336939,118618399.91151156,0.019532313830313397,55.92239430275199,0.015732196965901366,74.35238174629436,70.33286133414498,74.22741491487511,73.21261153989883
2024-01-03,79.75869819332111,80.86131894758825,78.56458183734438,79.66591998316403,127136373.01853791,0.06049337447069014,63.17665100872362,0.027466841761557614,74.59512842874865,70.70257159892257,75.06410800230418,73.6906343875481
2024-01-04,77.8214972614559,78.35212593671451,76.57850982001254,77.10424790476127,33445716.441463802,-0.03215518102275261,52.24608015628786,0.031360042175263364,74.77404971398238,71.04464233692337,75.37797567960527,73.9434946480824
2024-01-05,78.56496855714113,79.6818413187876,77.69344088423617,78.80762187264996,118672926.19283627,0.02209183040074114,60.189045407828175,0.029785266972435272,75.10529322164516,71.43332662646868,75.9056135554583,74.30380036842075
2024-01-06,76.97159110682975,78.28213586755946,76.29122198893012,77.5962452915409,84659457.13190775,-0.015371312473641208,60.863402675743586,0.029645071982756725,75.30900410208754,71.78368491562608,76.16571074562485,74.54768517754076
2024-01-07,72.93600679630639,73.32858069600918,72.19879280384987,72.5895016594018,124483291.11868936,-0.06452301413976924,42.410144341761175,0.04089084102742342,75.15221027243527,72.01187969944525,75.61552473235976,74.4026345465675
2024-01-08,72.06027347276658,73.21045107034587,71.54485832999644,72.69052799678633,77392023.41163126,0.0013917486010381896,43.65417933906781,0.04073077962685401,75.1294833696177,72.23415137161146,75.16552523457923,74.2758118391763
2024-01-09,74.51134267412323,74.98817263782972,74.37989211757426,74.85611384687087,43615638.38385331,0.02979185747805113,50.31883066688822,0.041773235136561816,75.15218259858533,72.5167528188493,75.1179234826241,74.3187971730796
2024-01-10,77.68891494830393,78.42699515225601,76.9983862820897,77.73604755349498,91020528.62639394,0.038472925705379746,55.618058769929945,0.03704115356058716,75.23041545243464,72.86103275421567,75.52071180121962,74.57192683088816
2024-01-11,78.90919279066593,82.17735388566815,75.40200030076721,78.659833758933,126313057.31456009,0.011883627152542209,55.24906141248575,0.03492355282716899,75.43552788021312,73.20971033411877,76.00365364086784,74.87473475148407
2024-01-12,79.74071924949904,82.42705333291332,76.36154891797689,79.02372876768332,79412442.25858496,0.004626185835397756,59.801233201490085,0.033975865930782785,75.73095790447724,73.52229712991468,76.46828058345483,75.18206764157291
2024-01-13,79.47343397651541,79.75066083772427,78.89029673118097,79.16645275101129,125536089.55830789,0.0018060902156054048,63.093543757110815,0.03321698268956599,75.88744056596849,73.80590299462507,76.88338399384813,75.47720727930908
2024-01-14,79.92688683969418,81.85114012171128,78.80479601274826,80.71794367494795,106626697.21513107,0.01959783304698881,65.17003230676747,0.014529080982429804,76.14733665525772,74.08312034239825,77.47331625247888,75.86540997528233
2024-01-15,84.40690533185149,84.5517675007152,83.49184298771341,83.63538103881709,64877840.77303502,0.03614360365295832,68.08809216888181,0.014890628122666371,76.59383878354184,74.40506991848154,78.42132621960783,76.44096338739602
2024-01-16,82.35101344227402,84.25237381153907,80.20920344325216,82.10488098631025,173165858.83411363,-0.01829967214230177,62.649149594448254,0.020011983565714906,76.9609808506733,74.64752145399149,78.98802695294667,76.86051283916746
2024-01-17,81.22040138681497,81.95040757493476,80.57901200790361,81.30832388088946,90852713.84862758,-0.009701702211268093,53.442313926355276,0.018176443610988184,77.2311934356682,74.82252281872383,79.34499571109171,77.18998032373945
2024-01-18,83.93950317468203,85.2395657323587,82.74531786456328,84.04389526335679,128073328.99044357,0.033644419807186354,64.43954796475447,0.020892704523471754,77.72586385765837,75.03535963334839,80.06790333451711,77.69767772667406
2024-01-19,86.2599228247236,87.42461948635398,85.72034098374542,86.88115167152087,65002551.42575042,0.033759220693821534,66.04189882854766,0.02255208169069969,78.42308521081141,75.28978459246619,81.11609538636384,78.37793505592197
2024-01-20,91.62658372165153,91.72037136127291,90.89451408522615,90.98764771924019,137837515.4836021,0.04726567234335355,73.862932597253,0.024926249930298794,79.31897023000009,75.61091247829994,82.6347957452679,79.31198784579739
2024-01-21,94.69989173739025,96.13160155306217,92.569478339508,93.99046273139352,95666307.87282617,0.033002446897177684,91.06869919473328,0.025370300101223656,80.33437457432339,76.06854714539264,84.38182143544107,80.39928228176747
2024-01-22,94.7827730648911,99.47905044365817,89.93151685261303,94.61971506718947,123165008.4183261,0.006694853046890881,91.24616945007988,0.025124661497708707,81.30928217099816,76.52226300379033,85.9568819941716,81.45264767328021
2024-01-23,96.86258981196526,98.86863055274632,94.91971587388316,96.92451452611914,63248649.65437979,0.024358554211382222,91.29177340398527,0.019347026239176043,82.17221189814593,77.08427323309009,87.64421007600967,82.59871188460161
2024-01-24,91.99472674259523,92.00785056870191,91.65570956630297,91.66878689433263,94662664.82695185,-0.054224956993415785,73.94080593998711,0.03405636145178433,82.90043884762449,77.52037929754229,88.26337574036704,83.27056929272983
2024-01-25,95.96313838925771,99.97114317315148,92.00205609915639,96.00820083492664,105611057.17411703,0.047337966254490604,76.67835528476476,0.03548253834384705,83.76046779573832,78.08360812945874,89.4548872933762,84.21409755511478
2024-01-26,100.42698350434291,101.02036773582235,100.22490717395999,100.81750560792892,103272753.83428498,0.050092645536304214,79.48344458364735,0.03705993337560863,84.92153081155773,78.69159618647052,91.202982418692,85.44397963310101
2024-01-27,104.02044191012808,105.70254302597604,101.80670229526235,103.48006504672523,79083043.67584255,0.02640969366124546,80.7929535781779,0.035502877182977476,86.46605898092389,79.34196333419112,93.09176436146635,86.77998596003613
2024-01-28,108.71640001856888,111.72325247097453,106.27182631239312,109.26631352731914,94796217.20479232,0.05591655241017879,82.65362287573176,0.03796947618687525,88.29484825745054,80.09944102295403,95.58015654082831,88.44563985390894
2024-01-29,110.20340277212776,112.02528245186784,108.16011380479272,109.97827162244351,124332453.18742292,0.006515805943671404,81.73195353446688,0.037981853449803996,90.05095614622917,80.87984398074902,97.79525116876911,90.04064961454114
2024-01-30,108.06915088992817,108.98624354458647,107.83737456005838,108.75300055965991,76159722.44427507,-0.011141028538709685,82.33741482706517,0.03998513627228304,91.60180379653741,81.59100845208339,99.4810587673677,91.42674968454993
2024-01-31,108.70012740109873,112.24169089004945,105.99530751193325,109.51655555901286,141253947.72448862,0.007021001677411931,84.25804557953391,0.02598147159611562,93.1446398865414,82.31079384255611,101.02498135069773,92.76673530488051
2024-02-01,112.19486109205816,114.55618079236338,109.78827519660412,112.14862171552042,146724539.29615304,0.02403350016874195,84.21836930646097,0.024228806504225063,94.80088453393327,83.03590228479678,102.73631063759353,94.20243059455754
2024-02-02,117.41282410469,119.42762636347165,115.08831650284257,117.0977114330168,137132666.86057416,0.044129741781850695,84.99023792768251,0.02318735082712852,96.69744746803354,83.88163678677554,104.94575691381249,95.8983773233323
2024-02-03,118.09172163864669,119.4221385159974,115.7109049187381,117.02935319329389,156734195.8397807,-0.0005837709284525205,83.26702410375525,0.024507859309709296,98.51301794395083,84.7517074066397,106.8047717260404,97.46363479518129
2024-02-04,114.86207939536816,115.56664635031116,113.2121665561103,113.91089894566342,99287244.51721394,-0.026646769913184154,75.372435409721,0.02303299516942431,100.02679383929316,85.58627035116507,107.89802206752087,98.68195065817997
2024-02-05,121.33714999421807,124.76622137489876,116.8307917597706,120.22853285704349,138816204.3414958,0.05546118913865872,78.48941682472513,0.02963230948139195,101.93297643282982,86.52040045465208,109.79502372744743,100.27799378402172
2024-02-06,121.49386103266437,122.54783206357473,121.33546230664102,122.3882672473165,126707897.07146077,0.017963576024345507,78.41976330345966,0.027624525140377332,103.98697360115116,87.45365823454945,111.7324458074273,101.91579181833986
2024-02-07,122.34230094180735,124.69396787867785,120.04045974586344,122.39120653565669,93880686.12778597,2.40160957116764e-05,88.84332653291662,0.0281811132744869,105.90433916476616,88.43858104419985,113.37225515023182,103.43248920480777
2024-02-08,127.5705419831751,130.05448612519655,125.71075107580643,128.18572672887564,93519431.64114659,0.04734425255895158,89.23926494752635,0.030521815750766894,107.96956791763391,89.51425299342698,115.65125077771548,105.26606235473872
2024-02-09,124.70314824027949,125.92664812587236,123.99948375401405,125.22006681474505,103454629.12370269,-0.02313564848294869,81.15906227305784,0.03208633883636349,109.68118887240914,90.49522652019172,117.12337632187388,106.74413675918363
2024-02-10,125.38151498379993,126.16332518605529,125.16715198481867,125.9479936864655,129485057.84268232,0.005813180668537532,80.1798320986013,0.031822649400044284,111.27906542016274,91.52303468985376,118.48100976258027,108.16664467972302
2024-02-11,118.37541358239336,121.41873478579325,115.63562448665273,118.67207938474671,104658704.62283002,-0.05776919575099726,62.148045983240806,0.03925996702153139,112.48168363604059,92.43417371190067,118.5104050890674,108.94482502824329
2024-02-12,119.52065768190478,120.53726720848132,119.28770619723328,120.30279130792283,62256725.247548014,0.013741327628457478,63.02553821798905,0.03330930706618449,113.65059747513081,93.31949354763539,118.78615681504516,109.78615586377511
2024-02-13,122.66807442510405,125.39456009895103,119.47942403247363,122.19540388012771,80431726.56292704,0.01573207530455889,66.67826046617947,0.03312525441270121,115.17692832442056,94.25300118745469,119.3106563635194,110.70535942054197
2024-02-14,125.11666066689749,129.31106564270723,120.63250807471476,124.81686263559553,155372417.16597217,0.021453006187036605,68.14678210787969,0.03407738986986784,116.617361414454,95.2552316707039,120.15776502076187,111.75065595499038
2024-02-15,118.4475882847592,119.05917576442651,118.1822472116162,118.79306077900978,88791473.65207914,-0.048261122170425996,57.29375604053521,0.032615569820381926,117.51613917300801,96.13585209341049,119.94781052203078,112.2723155715844
2024-02-16,119.19370717602779,122.39967857411088,116.54058471673089,119.73451824776006,79825680.88491419,0.007925189085763895,53.1737261255147,0.03269843870089905,118.32886183305978,97.01246101474585,119.91499632598914,112.82507132537519
2024-02-17,122.93167930745929,126.09080188585172,120.62473566810071,123.7681607824302,109440711.22458258,0.03368821784811904,57.404230487834525,0.03590421329968505,119.05395419581532,98.00481449392339,120.5077908577493,113.63567054441631
2024-02-18,121.82340573030417,123.48849698785276,119.86437088927954,121.52538882994442,120699495.59347443,-0.018120750428119448,58.53053528512847,0.027850815725191092,119.63131005619036,98.97658777835308,120.66434439193317,114.22009412112209
2024-02-19,120.79512881125126,121.8275718779809,120.56446917432983,121.59538414463323,54849161.66678988,0.0005759727688405825,51.78053570695176,0.02750499417868568,120.27342923543904,99.94709651453641,120.80758127696396,114.76641190064143
2024-02-20,126.50674769331982,128.3269964531756,123.97546346336527,125.78533209831795,89825638.83575836,0.034458116836910024,54.20289821890385,0.02988701693737977,121.08686806240428,100.98915563960423,121.5733890956338,115.58262821158044
2024-02-21,122.77940948376855,123.43807801271817,121.47180173029341,122.12697015073523,80042415.53007694,-0.029084169724362008,49.700200046864026,0.031193464986355064,121.58578548416503,101.92926377994505,121.65855541180325,116.06739428114746
2024-02-22,116.52057051124858,119.77170466029966,113.79138111025456,117.03056985937066,39700492.55901489,-0.041730342487612204,37.139743863029615,0.029663390253715845,121.58242840548273,102.67655677746917,120.94655763450592,116.1387406202751
2024-02-23,116.42812852564573,119.16906814646126,113.17296460831503,115.90150654596252,108161983.79905419,-0.009647593058504933,38.78202770766483,0.02945040672334711,121.52603607311616,103.45250195029321,120.17039592857617,116.12116772588158
2024-02-24,121.07039486487992,124.09535642727019,116.93952128934524,119.93614341294862,89911884.68897866,0.0348109096009559,43.29644726446051,0.02969360318443474,121.82729829648042,104.27507238109918,120.13435708001808,116.40375851751617
2024-02-25,119.23677532686213,120.36236218052822,117.98464968013548,119.10903063278752,133426069.61860415,-0.00689627627356082,50.569065855552964,0.029107905975023038,121.77132318526762,105.10532808792412,119.9766145496749,116.6041490445733
2024-02-26,117.1397980221535,120.23461142733015,114.20811847590883,117.29894878528941,92720033.39308582,-0.015196848113713468,46.10612167250435,0.029438548732651226,121.51685726216627,105.99951703044185,119.56466597053867,116.65561569203376
2024-02-27,112.46190243129763,113.15812006470422,112.00862505393162,112.70386744802761,99571277.45519193,-0.039174105009865845,38.50174546339386,0.026051937538794947,121.03249030778481,106.79978381946668,118.50915850553696,116.36289359988515
2024-02-28,110.92991761532375,114.46032548174963,106.8083535924443,110.31932913231759,124355963.4490865,-0.02115755536791697,32.33597603573071,0.025518428660781387,120.1391704279569,107.50904812517561,117.2491847558109,115.91522215784312
2024-02-29,103.94331223458826,104.56110672753968,103.9062950197751,104.52388275480051,124245842.51202922,-0.052533372194150996,32.51692094594016,0.02769854561700348,119.10436122495969,108.04480482920175,115.29144598642469,115.07141923909923
2024-03-01,105.98957575560348,108.91042363327544,102.35833421558502,105.25905036306395,121993471.9925168,0.007033489274293814,32.17405631411029,0.028991907124045698,118.06991405878962,108.57678916128435,113.74800050590764,114.34457710013365
2024-03-02,106.27425817917877,110.17501937016999,101.69620259554515,105.5711566806015,140097934.7942524,0.002965125720411077,25.329917720633034,0.021787130935339943,117.41486792358235,109.10773771954271,112.49002453278362,113.69469410609423
2024-03-03,107.07755033983746,109.72009261723899,104.3678874410346,107.00873135039815,70272003.85192908,0.013617115839186456,29.880179807409235,0.024692142838896657,116.7501649257061,109.66458329153045,111.64674865857047,113.1994376056723
2024-03-04,107.65882531615256,109.06968330193106,105.225557079187,106.62283856365565,126579243.45976812,-0.003606180373066037,29.428463217029062,0.025056488859139536,115.97153665988249,110.1826811893046,110.87383941319897,112.71228212107847
2024-03-05,103.14555044803693,103.71653380857877,101.83332223145933,102.40017943781987,102789563.91976605,-0.039603702009066044,17.898812162907987,0.02513094003025804,114.85070249999372,110.55797715728468,109.5701994169868,111.94842266305932
2024-03-06,96.3720575233996,96.60707500107281,95.48336938562795,95.7167888940929,97228675.15447289,-0.06526737140910288,16.526300571777327,0.032010324334227874,113.6968889057479,110.83021531544033,107.43890549038774,110.74607942091365
2024-03-07,98.67381409987114,99.45649113834132,96.96863576973868,97.7439370579559,80944420.61229357,0.021178606044818027,23.49273531177451,0.03150171828792413,112.59735984625767,111.15892757898163,105.94737188539823,109.78295776439825
2024-03-08,94.68494906226077,96.79459487155773,91.91805428254678,94.01272241974998,40440385.13050051,-0.0381733614433144,21.924535328655523,0.03226812078336321,111.10958792812366,111.35830412210952,104.11127196760619,108.6147921833132
2024-03-09,96.74612333648327,97.80647146510492,95.22754315843835,96.28281335886194,30145279.962935023,0.02414663548382756,18.222843300068945,0.03515809438483177,109.84745915456953,111.54633735585632,102.90689372010708,107.70131227039089
2024-03-10,94.85549792374798,96.18836735692622,93.70802324676866,95.03867675077076,41635154.57198099,-0.012921689392831559,18.020918099612885,0.033247629272695145,108.5196237848764,111.62735793648693,101.69639880174765,106.76333926893754
2024-03-11,96.78653244842212,99.03573385204066,94.71341020333814,96.95891916415394,114503397.20264256,0.02020485216159762,23.055773269515228,0.03587920879413624,107.07830313816821,111.68672706514215,100.96755578057939,106.03708592784247
2024-03-12,93.9053430280752,97.90647921906096,90.84360845098261,94.8150830447122,114360539.24332115,-0.022110767507754203,24.657072167000692,0.0342846454403611,105.71270878286705,111.69063442469262,100.0210215135229,105.205826455018
2024-03-13,96.92849626893694,99.60924164656274,93.85189455986293,96.52138035812796,106945938.9573105,0.017996053566826653,30.069525339652756,0.02536905390451258,104.68724930780493,111.6825717413328,99.48261518192368,104.56253415154467
2024-03-14,99.67816263861461,100.07123518743666,99.11560313535831,99.50800468041624,151413254.49156958,0.0309426192539608,42.114981606140994,0.02685775951939549,103.8675742145276,111.83935609705446,99.48652125861484,104.18812456109072
2024-03-15,98.24530786207687,99.07228699523571,96.54869533498429,97.36829219542643,110953396.46376203,-0.021502918201020904,38.12023780732913,0.023086227945261203,102.73918165365151,111.86655792426444,99.16063986427817,103.68295179326373
2024-03-16,99.95204306606749,101.76891083831626,98.61022521025826,100.42080009906398,130165990.13999423,0.031350122661193414,42.83704265823329,0.024202459779165256,101.80477012696532,111.85862381408715,99.35451066962983,103.4413109270267
2024-03-17,99.81573963819471,99.87481915635057,98.97312019623855,99.03173567358652,149157185.74028873,-0.013832437344725057,38.8908501223114,0.02432502371538318,100.89140947138017,111.76965722662436,99.30485297793086,103.11467572306817
2024-03-18,103.69773418996122,105.59313548815308,101.51745829360111,103.40755566930069,100809953.49963385,0.04418603759644357,45.97009068367942,0.0280395618413096,100.42659388244384,111.652482069464,99.93603800737237,103.1363705339002
2024-03-19,101.65895815489392,102.46987086901655,100.8165496086379,101.62720906677916,56835432.69163802,-0.01721679417909383,48.96800875186146,0.02716519767030309,99.99198787916691,111.48546081835073,100.19621817035804,103.02458079559494
2024-03-20,99.14831268805305,101.378300927427,96.72304880566014,98.94854395882109,63078340.23765709,-0.02635775529561102,54.83134511261303,0.030080351635392754,99.71322093936793,111.28937168633394,100.00426829166005,102.7226521410191
2024-03-21,96.21598055348251,97.02997903274762,96.17031409478646,96.98394807787298,123297067.54680224,-0.01985472248854625,48.86171785492368,0.028569292818741196,99.2994658251084,111.03871953671114,99.53960364338512,102.29756295115642
2024-03-22,99.95685872888465,103.72147813371414,96.48104860499357,100.2359626987865,85378911.9314958,0.03353147284025093,59.45667523647213,0.03025385565010868,99.03270612601764,110.80046635637646,99.64673580575456,102.14485182135124
2024-03-23,106.53476080338814,110.37005739773166,103.7827190314683,107.59073728615238,83501677.18802404,0.07337460916564753,64.88329722738132,0.039282290839321755,99.06180642280535,110.61032687343919,100.86888987966192,102.54825074466984
2024-03-24,104.48705028584432,106.32316580423023,101.85453301987222,103.67640331379013,142027593.08043268,-0.036381700424187424,60.62220105863548,0.04241443704547382,98.91448466031207,110.34326787584911,101.30081502337396,102.63181760164171
2024-03-25,98.27276608964482,99.81666722089614,97.27495058462893,98.81336275131318,104408184.72089267,-0.046905953592528915,52.126575796945126,0.04318744814469972,98.73514382598674,110.0413171519621,100.91813005844153,102.34896909420998
2024-03-26,95.18008357137506,95.81900028965381,94.47505399145814,95.1135239137643,65409017.610979706,-0.03744269736938699,50.3304434104681,0.04473620932060383,98.70498057697031,109.53901697309651,100.02511372849119,101.81301019195473
2024-03-27,96.04535887008778,96.43855511040982,94.70992906669541,95.09925207839073,31869540.398537066,-0.00015005053736105722,48.36407651652417,0.044092122036971854,98.57274632799206,108.993236669718,99.26728885924497,101.31569477613517
2024-03-28,100.32242509167234,102.15316040536142,99.44789821471052,101.2703701374414,50028978.268440284,0.06489134166863675,51.888919072847635,0.050455410304002635,98.93562871387662,108.57081994175368,99.57545520973673,101.3123373954912
2024-03-29,101.9616523842905,105.07464392517923,99.16297701080529,102.26757158562843,44225733.17652208,0.009846922123752933,55.38292510858446,0.04917911506794377,99.23486662521495,108.05245683888876,99.98962695987392,101.38309548364951
2024-03-30,104.41376779978891,106.21186441743167,103.64981436943415,105.44039953668451,111980938.593625,0.03102477062730946,55.50057959044202,0.041157241915157836,99.75495276451065,107.65686349332755,100.82820735630631,101.68363652461507
2024-03-31,103.7074375509769,104.69579749604144,102.80538015742258,103.79299590756756,108827809.27482976,-0.015624026809039071,55.188111812682585,0.038970280486322804,100.09665660168132,107.21376353774959,101.28432867188496,101.83988536779674
2024-04-01,104.29774880693923,105.64114294665364,102.04506140899885,103.37659068648057,145598810.01470184,-0.004011881702093101,49.963072599719105,0.03315633608960546,100.52473198376973,106.90785376378426,101.6062151356689,101.95371539140295
2024-04-02,104.24761741535848,104.94022486231982,103.94097679139249,104.63245226047313,79546663.79201181,0.012148413539786018,53.62931446532755,0.026778973179893917,100.930285578887,106.59444698283527,102.07179007794647,102.1521403446674
2024-04-03,101.83156508923611,102.08388382880592,101.54457498736645,101.7968076046746,65170696.31273993,-0.027101005419804647,53.42674370777644,0.03079218133945612,101.04472572509991,106.1864750573262,102.0294850820585,102.12581940096423
2024-04-04,98.64405251538167,99.53840623946024,98.15793934734494,99.0502911468968,79819527.68498239,-0.026980379074792116,52.44010616420832,0.021865104458647762,101.12882567267343,105.67114362755223,101.57114755357208,101.89800249325553
2024-04-05,99.66507880764557,103.13978461560562,96.26503639699467,99.73727911448947,67407941.33927296,0.006935749099150401,49.373138649725156,0.021607150147901242,101.09464962344471,105.29002799426182,101.28901394755937,101.73794890964324
2024-04-06,103.03419274757802,103.48048514702461,102.30523470886018,102.75029741624795,85378957.16708517,0.030209549814365744,43.16987130713835,0.021391977963902718,101.28057771057777,104.95034357763157,101.51382678889607,101.81293768791025
2024-04-07,101.14019028903503,102.70191204878407,99.21927589481541,100.77536431874918,129467603.11612065,-0.01922070443745949,45.6694536989605,0.021771844840909042,101.1489681430502,104.49048764835796,101.40021717810424,101.73608040130573
2024-04-08,101.9771714248931,102.19961271861285,101.00634537609858,101.22715066063324,133495901.1121216,0.004483103037514979,54.14970986091619,0.02200674964563515,101.12896522274289,104.08452288497172,101.37359156003178,101.69838190199665
2024-04-09,100.62184536646711,105.78033988983836,94.76776240121643,99.88866983869276,121538368.5722506,-0.013222547638703896,58.93470585474366,0.021211408868674887,101.1759715167365,103.65038859885293,101.14514206444116,101.56432915656673
2024-04-10,97.3367508552959,98.63444421256587,96.97729506024537,98.27153633948245,107962191.3637927,-0.01618935863118176,55.599732624697545,0.019791134330688475,101.24035092981697,103.10011268367622,100.70304887598598,101.32041857752344
2024-04-11,103.63031678065276,104.7312066117339,101.58302130987214,102.67374929400044,88921527.76974413,0.044796419375294994,52.642260285428016,0.024460408867908366,101.36224025957765,102.71104826654151,101.00623355568052,101.42066529726249
2024-04-12,106.51437490682653,110.43694632368977,101.92764962598602,105.8248272894049,93812530.60702655,0.03069020092352437,56.19508832148965,0.026288614921696925,101.27394475974029,102.48693341514222,101.74755566856119,101.74689951890267
2024-04-13,99.85761074903104,101.65231275011564,98.64707428309806,100.43477948348996,89002934.3100483,-0.05093367921286063,41.90749594642948,0.032440846978365655,101.11186356822529,102.17759887389275,101.54559010162716,101.64970544220543
2024-04-14,101.93052278765181,104.06335997450591,100.70944630119035,102.83149034901062,93474358.52862634,0.023863355680634912,48.48231982783814,0.032890037621245295,101.31276994811014,101.83550581261399,101.74342090891693,101.73724506493174
2024-04-15,102.64901985547473,105.6878226122711,100.52264913837881,103.54293448607793,47576974.646076046,0.006918543479751849,50.260140976991515,0.032916825992028054,101.73424047672583,101.52418388967979,102.02026915155709,101.87099983686849
2024-04-16,105.7396096303509,106.74845854656057,103.79321375037047,104.79303147811319,97275308.83058661,0.012073223520657983,50.25117117565222,0.03212804133217753,102.21892944671195,101.27406554353627,102.44684797102727,102.08744662510884
2024-04-17,103.03853973619947,107.24997118362039,99.85233488806203,104.03301472507562,127162899.46416235,-0.007252550501855803,53.740669802018324,0.031202511629757384,102.35706167609366,101.10064848907724,102.69087362549625,102.23156278066193
2024-04-18,101.4432463117876,102.43555842817145,100.34344048616518,101.33469071784913,84633209.24223144,-0.025937189404317995,53.827455909051224,0.028892239299529394,102.3104176327047,100.92095572078786,102.48223010124285,102.16512781304617
2024-04-19,104.60865340793164,105.31865433546338,103.52336362997276,104.23079998688173,145344746.23607102,0.028579642850012466,57.00986833011677,0.02850865770625722,102.24993765521455,100.91509406542947,102.75124085287959,102.31814056666362
2024-04-20,104.55917307557141,106.11002366587324,102.43427086312222,103.97647877023506,77758982.21061078,-0.002439981432347027,52.092981411068514,0.018832739511789244,102.25911179834794,100.88944263357291,102.93973899401121,102.44098043359483
2024-04-21,106.7150298734083,107.87324855391806,106.36170456316088,107.51726709751732,106441852.77303766,0.03405374339620226,60.92388100411664,0.020813247014300373,102.46614561889979,100.92836484191125,103.64397408685831,102.81700166795946
2024-04-22,106.30860301508848,109.16413357135984,103.13130685558012,105.97795597904178,87209969.6371896,-0.014316873559289789,57.43566338727659,0.022251966390478328,102.53342080482821,100.90774933448411,104.0030482241173,103.05114643174333
2024-04-23,99.82013905716047,100.75617616438011,99.33111539042355,100.2649732335978,171164855.13855317,-0.05390727432574549,50.51803057505007,0.030484910771363498,102.45682908627437,100.78059202788295,103.42795976403737,102.8447632318807
2024-04-24,96.57450783481089,98.17585396536099,94.83401095014108,96.43301085447658,71209501.78263862,-0.038218355379136204,47.61449839406478,0.032869301575793215,102.32596507165336,100.66124865621606,102.3518137779511,102.36981861133225
2024-04-25,100.674358938922,100.89993842985963,100.39939167014028,100.62486025012562,121320721.14714243,0.04346902952117504,47.32695793263073,0.03751104088880254,102.37034412843516,100.75941008333673,102.08612861982411,102.24056243642806
2024-04-26,98.41607603178399,100.1063857130528,96.34439529174429,98.02804040764322,62703931.283998385,-0.02580694110806636,39.67881272297314,0.036115358185347654,102.13423127800493,100.76509215033047,101.46180735641167,101.92852376762919
2024-04-27,94.64095084288253,95.35994204590683,94.00194192699651,94.72039671717258,132130613.38220789,-0.03374181179911406,41.994057102184485,0.03720939788474282,101.8314828979261,100.77924563627894,100.42466725806719,101.39458843055831
2024-04-28,92.7099256418389,93.68067359924954,91.35734444317478,92.32405199115105,86595515.60482724,-0.025299141569020356,35.27875748254462,0.031048690533158757,101.386327964452,100.70007040892472,99.1784187554647,100.72269684245408
2024-04-29,87.08904433252097,87.43021937336077,87.06596895206765,87.40705973057163,50505890.51384785,-0.05325797725007453,29.77634278073728,0.03305115105504692,100.76224745904594,100.54743806852073,97.3674404439427,99.73635335268501
2024-04-30,84.72526609932723,85.50643791050464,83.40493563182869,84.18109010917647,136810253.89092487,-0.03690742637195521,25.38545576836094,0.03129503243301088,100.05772514753063,100.29188148742118,95.33877116167096,98.58411163094365
2024-05-01,81.78542270913259,81.955155529975,81.079898431321,81.24851698852734,135779962.7291965,-0.03483648307293008,24.13321145742455,0.031068771389414655,98.98646353225698,100.02055016629748,93.17103975041809,97.29999350928318
2024-05-02,78.32946360102676,80.8004342144815,76.17085453251426,78.63344792383901,75157505.9512187,-0.03218605288583409,24.17891816513317,0.009344195039283767,97.62689456397868,99.6627915176117,90.9344871617136,95.9172864288799
2024-05-03,79.14377844372747,81.65469110190631,77.14708012787892,79.6453390409441,138820811.94222432,0.012868456665987127,20.783431695949417,0.02034831097172941,96.5874225418514,99.26553820482226,89.19769514313367,94.71195699273652
2024-05-04,81.34052567419879,84.0099549017463,79.34190571708099,81.99524775312752,76764306.48206188,0.029504660793463033,25.11752523684268,0.029776112243593566,95.54561041205723,98.9580773159763,88.08962631390195,93.76997853054327
2024-05-05,82.32803621206641,84.34336161087201,80.54934928760505,82.5596702617411,69110005.04709594,0.006883600258309697,19.70705178471951,0.03127148557441471,94.49644720084038,98.60085471922983,87.23886384433874,92.93958532544681
2024-05-06,82.28233185770054,83.51067952400139,81.03297105431828,82.2610002731282,58916045.577961594,-0.0036176257447010363,20.319003785904172,0.02652945022759906,93.36984564059114,98.26544001122068,86.47303867953713,92.14857902527505
2024-05-07,81.96778968383391,85.46016739444184,78.68156692211342,82.16599813183484,106071779.55705887,-0.001154886774752728,23.643639724933195,0.023362654031145402,92.27649481092911,97.84060886047135,85.8104170568137,91.40912858872393
2024-05-08,81.44257757632563,81.58289833669883,81.1758696941604,81.31597232114191,95746633.32071938,-0.010345225884423215,25.89233760528039,0.019323336368800903,91.27555889109375,97.4343841255586,85.1189640205565,90.66148738371785
2024-05-09,81.82612243234468,84.05387215697519,80.18906594920199,82.4052297480016,68921039.41322634,0.013395368655961803,17.753539869939758,0.013301622516362443,90.18428037914974,97.10351784134222,84.70146644016344,90.04991274403517
2024-05-10,78.0500804029644,80.21607846924577,76.00352990667864,78.16647596589168,86559560.83971897,-0.051437922023543914,16.778374986272,0.025246991581390783,88.89378023893256,96.7271683991026,83.69608329027548,89.16965816787639
2024-05-11,78.38578750751728,79.49266407114973,76.9221140519582,78.02388016420325,83003049.38403496,-0.0018242577770891666,18.765257704400426,0.0210828663065499,87.41911089226686,96.28292674841092,82.82343665549514,88.34404498241912
2024-05-12,78.93395554077644,79.34832441243708,78.49557498956099,78.9098171451628,66885530.39955931,0.011354690116603727,23.402469576376475,0.021629684466943272,86.06570395057292,95.70930834559113,82.22134134621324,87.64521329077051
2024-05-13,78.03105851242282,79.34122837025751,77.26483336940507,78.5697139063702,145077355.53120425,-0.0043100244189763215,28.59188699609983,0.02161731131552692,84.98094098421154,95.20717455744274,81.65955250931431,86.97295407711124
2024-05-14,77.61721120836282,78.10052176684272,76.91877085910501,77.40073344349763,68389602.85102485,-0.014878257852200094,31.75674733899106,0.021691731630039797,84.02932711366259,94.77892197128642,81.00434957611174,86.26390069684356
2024-05-15,79.30573301050421,79.5079678884259,79.10473799102184,79.30696973455004,131676726.37812454,0.024628142476762926,44.47068555578396,0.024926524912642797,82.9634325878838,94.46279088770214,80.74321421587148,85.74857247741441
2024-05-16,80.0037551925425,81.08524212054283,79.08085578094342,80.16053415369963,129567746.7771242,0.010762791996801413,54.83397442059064,0.024651056259475786,82.07005727518663,94.16401652920831,80.6535711293835,85.3346437126948
2024-05-17,82.1494323528038,82.48761345836736,81.94228088320737,82.28013241000028,129374575.55787335,0.026441917817520144,57.79383738931531,0.01530176328686098,81.448044059828,93.78421177465948,80.90381132640147,85.10838361619892
2024-05-18,80.93294237771403,81.2023266936213,80.5022068594673,80.77105232630434,96207547.22710519,-0.018340759056830636,46.18921021307682,0.018005380917420714,80.87039407658567,93.354281389473,80.88338686484806,84.78709981694747
2024-05-19,81.17698929277036,81.20195193034935,81.01474390479535,81.03966431373651,147954431.72368383,0.0033255972244488063,45.17960872253557,0.017794592497550093,80.55202430574393,92.86626668501405,80.90742954929243,84.5095120018948
2024-05-20,77.758089580312,81.18276915457984,75.0650846383943,78.46527227240333,86534942.28902854,-0.031767062007644786,39.48093665961367,0.022358837521090268,80.26623341390527,92.35971221231077,80.53171304515564,84.06179054045099
2024-05-21,76.04693721913091,78.04523873960754,74.81274985040412,76.79884839066553,125101980.48605712,-0.021237725091331816,36.3177576788387,0.02317944402427343,80.04374998401218,91.82815736639446,79.95742617523408,83.52379482565206
2024-05-22,74.47639261476725,75.11819332698938,73.44483050312219,74.08324324857563,134589136.50137964,-0.035359972174009435,33.163364219343265,0.023264337846841995,79.81623975024901,91.2171731861565,79.05370572497894,82.82449470883158
2024-05-23,68.02688346527474,69.26390539835113,67.32398195211574,68.55554142009804,56058006.42802332,-0.07461473858440815,23.28128998778996,0.03173671867943241,79.2617498692067,90.55234786246497,77.43860352422803,81.76753520596243
2024-05-24,65.6915545436374,66.6368843313234,65.40792320839131,66.3504083142004,86793766.52509536,-0.032165643509179276,25.26359550611332,0.023630220202474298,78.47950789726035,89.89835020581106,75.73272733806994,80.62552580657265
2024-05-25,67.5665100075002,68.43319834217323,67.0725372113086,67.93652043239526,88998096.87320505,0.02390508451257567,30.0861360934165,0.03127064709677124,77.74835040579305,89.26233503216916,74.53331089104306,79.68559948255951
2024-05-26,68.64011037967903,69.63550103188315,67.17249067933764,68.16093249086198,134039359.02047879,0.003303261000687341,28.21109158123646,0.031267396468022284,77.04334701667975,88.57054773366144,73.5529449833229,78.83192044613746
2024-05-27,71.91499288481617,75.26833877271443,68.8759573652696,72.2165594368058,63498037.30548324,0.05950075501809682,38.80756962307209,0.04394376651721335,76.54587508192829,87.99937163602259,73.34734720693565,78.34189370470548
2024-05-28,71.70932899194518,74.1787830950321,68.61046281503558,71.0574688095618,155487401.86264983,-0.016050205607735735,38.821097257622185,0.04378486476803115,76.03294990634927,87.39597799900115,72.9950582227243,77.80230667543559
2024-05-29,73.9912752417828,74.36912140494768,73.24600894045841,73.62196919379392,112404473.97084567,0.03609051134519192,40.208354544169254,0.0452489894086618,75.5937868786389,86.87064398610318,73.0915060644273,77.49265204716585
2024-05-30,71.72811108995239,75.45545777287441,67.80275857021086,71.51925189868157,163364122.0382543,-0.028561003164386922,35.73057133281131,0.03471458186757827,75.26142567527839,86.33559829728715,72.84962080815873,77.05017796209293
2024-05-31,72.43091354687714,73.71702244373719,71.02216868571357,72.30606065042318,108575130.5448089,0.011001356010494012,32.771372132228336,0.03023022057394274,74.97553469958939,85.7282445244156,72.76599616850712,76.69876186493221
2024-06-01,74.99117730628568,76.59236398341288,73.21692308506672,74.81433385973821,116018615.61529194,0.034689667598429175,40.054037345874875,0.031154670119276917,74.77076053531816,85.10803465582227,73.08112504408112,76.5591746052882
2024-06-02,73.19579529751623,77.43134950525089,69.52348445857956,73.73213017549588,109993913.84227723,-0.014465191740813288,38.121307774831045,0.03287463136089773,74.52888134877443,84.5739816696624,73.18127967968339,76.34976390678507
2024-06-03,73.61786987237983,75.36176041619252,72.07704678312587,73.8167742553053,101006414.63892816,0.001147994498571503,41.77817327080051,0.025263761486100995,74.34968338936483,83.9936873477883,73.2790480759329,76.1621350437125
2024-06-04,74.0391563542086,74.35367548166526,73.94339475770904,74.25763131156896,80580240.38034071,0.0059723153810391505,45.301644435368225,0.02376353435237285,74.09721646821578,83.40798128429812,73.42959934295384,76.02106069318334
2024-06-05,72.73745377597903,73.1301789374557,71.96396448322973,72.35462265713448,87290116.51798667,-0.02562711226876957,46.70501568051075,0.02238771345177783,73.70692089338752,82.75921310787854,73.26421831436625,75.74947269051306
2024-06-06,74.30861438938388,76.75190114273771,71.22980002661672,73.6514800296704,97127899.12931186,0.017923628441562034,61.581549500976955,0.02006031530176186,73.27548827437103,82.15158241397043,73.32379703979765,75.59406582674694
2024-06-07,72.25781315431365,73.80932382994531,71.2669484970207,72.81087508592998,139253231.7842451,-0.01141327972502082,65.65360368863585,0.020608242962289997,72.8774794123523,81.58110610133204,73.24488596997186,75.3879035496494
2024-06-08,74.92632553076142,75.38813358439954,74.59716032782502,75.05838820571192,111528456.5197217,0.030867821834711817,66.72026166208512,0.019598237372898494,72.57841560695107,80.99765786570865,73.52388631393187,75.36349500565402
2024-06-09,76.5399675521709,76.83949921519424,75.91937779465243,76.21764809205199,88642206.59360531,0.015444774582194398,68.11966516433802,0.01901047950825017,72.46603439793351,80.44248125214499,73.93831120287342,75.42676560464646
2024-06-10,72.93205763911537,74.79499667365673,71.39038344606664,73.24667200529169,132581451.66979367,-0.0389801595973166,52.435563477215716,0.025330901860390605,72.28842557866481,79.75706935030048,73.83190517247623,75.26527718987944
2024-06-11,72.35587455880706,74.53093914204402,70.21025118930527,72.3844678733996,96413842.9529761,-0.011771239679391754,53.18218652891605,0.025424333224184796,72.20348680990602,79.08519958818763,73.60922251107982,75.05188390717723
2024-06-12,76.70052508212049,78.3294227997574,74.49712588249557,76.1135581163586,138243838.8379766,0.05151782354028178,55.65883903498678,0.030399352767947904,72.58138764471904,78.60217128584286,73.99450491189194,75.13052644119067
2024-06-13,76.44509960996398,77.2293480733342,75.11023524348983,75.8887764002494,63516801.666504994,-0.0029532414680387697,60.8494475477687,0.030247800544236134,73.0583060490215,78.1912865967583,74.28593129471616,75.18669310482466
2024-06-14,71.63223529856919,73.50869467230196,69.31032892161105,71.17480558575997,84729685.44862765,-0.062116837799929714,47.64951058151715,0.03942175369639503,73.22022030668974,77.602285503471,73.80729657026136,74.8895162515606
2024-06-15,72.57978147835053,73.90362294863449,71.4141773663227,72.73551777007914,151126802.24506724,0.02192787421721354,45.50364556606348,0.0382863893828374,73.44894957065058,77.0964350507197,73.64240752407949,74.7299608084879
2024-06-16,71.89601219792463,73.62388486165665,70.61856496779751,72.33857419679465,87797076.069624,-0.005457355435885547,46.89374159386894,0.037334256432808126,73.45505030865003,76.64879860031216,73.44181778142028,74.55282105947359
2024-06-17,70.14433490612358,70.77304535402955,69.92752656436986,70.55496779167369,103852969.80273335,-0.024656366605577795,43.24128831131285,0.03563240879794502,73.42992525775563,76.2134169163226,72.99768701376696,74.2566837803773
2024-06-18,68.12279971419035,69.25351865581543,67.60709704382423,68.73319517464503,100536995.02776168,-0.025820614395399732,39.17257106022701,0.03647703717454992,73.18548655679817,75.83993962520408,72.34161134620975,73.84753647624899
2024-06-19,72.3833467476667,74.47581561006588,69.96084036721206,72.04348443796356,87297765.48081253,0.04816143429542841,49.42207539937155,0.03559416248062039,73.21169818376228,75.59718751177981,72.29574566801801,73.71390299193155
2024-06-20,71.23486099476867,72.46215515144999,69.99808222556149,71.22521010865186,65838717.20116341,-0.011358061533188413,45.41174360074212,0.035565883455317644,73.15765565667371,75.3967213741823,72.13104788965398,73.52955537094788
2024-06-21,71.18597697921992,71.6482897726311,70.0411732192587,70.49902464448633,72951584.27212684,-0.010195624036177131,45.609117717550745,0.026863590183612708,72.94189019591111,75.23403290859525,71.87996739039743,73.3050716134322
2024-06-22,66.43544679551825,67.40750773347051,65.65347667817923,66.62332620504003,88083378.92696372,-0.054975206522228315,34.91247609393989,0.031262119234372124,72.58644999738833,74.97359265187717,71.0712533618809,72.81012750910686
2024-06-23,64.82444248192536,65.54344459138997,64.14073138852129,64.8593651643074,126119168.02223787,-0.026476628250349687,30.113983004420362,0.031532414656898614,72.13857954283844,74.63087500010077,70.11557825456191,72.22118215023282
2024-06-24,67.17246314527908,67.59254982465777,66.5532673301947,66.97210097409987,105028700.18989259,0.03257410559662888,38.674151929392146,0.03576114103859095,71.77430302596498,74.31912361434794,69.63196636526006,71.83236132237111
2024-06-25,64.17327272507607,65.47343964394214,63.36336961981903,64.65742624659852,73012410.11482032,-0.03456177563246088,36.7472952407925,0.036674121216790784,71.38944320543818,73.96705213381735,68.86665250085059,71.30088465009166
2024-06-26,67.99888211632617,68.05294591366454,67.90463921202223,67.95867103878285,109886249.67537059,0.051057472959001426,35.80517088255482,0.03742351197598207,71.1048027558938,73.68290559195631,68.72696304514785,71.0533132714762
2024-06-27,69.82579277943275,71.93605441727739,67.58692715258549,69.69318102352806,92109579.49733408,0.025523012122402156,39.75412344017967,0.03936911385589712,70.9489180527737,73.45044976600404,68.87561196489865,70.95256273459115
2024-06-28,70.8068581307625,72.07836578283616,69.74464429084021,71.01305861253154,121193864.26536568,0.018938403580084806,49.69868844419782,0.03994784555484145,70.74665157311469,73.22260634329464,69.20444991068833,70.95704391073488
2024-06-29,70.06578721137694,70.44317198286302,69.73280115685316,70.10997592249821,48848720.30097317,-0.012717135519550227,44.98614327097676,0.032438363988890315,70.44126796463699,73.06147634242677,69.34376160481293,70.89429813382847
2024-06-30,71.27474641949622,73.28329035461655,69.6475096038629,71.64754242645436,126938929.96185207,0.021930780658887095,48.735461626718674,0.02888815719423144,70.36131148569514,72.93394958767179,69.698189423527,70.95009400735631
2024-07-01,72.1603285475477,72.58498053936309,71.63148716607958,72.05552239042352,117505968.41882811,0.005694263196646787,52.891481207145624,0.027881786085868804,70.34486421154632,72.796863692577,70.06085603381877,71.03197759128722
2024-07-02,69.93878206677743,70.82176793464053,69.37659776349423,70.25702551600995,113511604.39538863,-0.024959875589668945,52.93896851930763,0.02540191593733419,70.0520375815289,72.6306099247698,70.09103595415587,70.97457373385926
2024-07-03,71.61384314512573,73.70895296858384,70.17325570747187,72.25545876101704,92389336.95672917,0.028444603658202006,50.43061943281525,0.02062729370386964,69.87037169956727,72.52770443112018,70.42402407828835,71.06945410624131
2024-07-04,76.66970470525193,77.01766652268819,75.94741967090242,76.29367489488395,125827930.4279252,0.05588804227543842,59.10524576663782,0.026919438335633795,70.12631516502347,72.46743853432686,71.32704728084153,71.45643342391854
2024-07-05,78.15194259482885,79.09513359896994,77.99852238241174,78.94016602378883,132644475.9518612,0.03468821147429546,64.18537659382832,0.028099906458355358,70.43654757770896,72.44303117172865,72.49829631821804,72.0107839868719
2024-07-06,76.37026615408297,76.79038587878557,75.90070268492424,76.32054891058456,99124568.14541346,-0.03318484423271728,67.01452952086295,0.03228655829928106,70.63564631339845,72.32383950174034,73.08633517858212,72.33002583307284
2024-07-07,78.13173310835309,79.21446999877523,77.12959232821568,78.2113085602918,70936814.5805188,0.02477392624524244,73.32324233111979,0.03244038802964604,71.01846335182935,72.27264462642007,73.87479262192207,72.76567640545942
2024-07-08,77.49309313445258,79.33672972666398,74.97782119304051,76.80508950498916,82966497.17549308,-0.017979740796928545,67.61100556391726,0.03450339774592969,71.42205806834657,72.18795313024513,74.32560752700931,73.06489219060977
2024-07-09,75.90795197325846,77.57662917683807,74.14165153537655,75.80813446017144,119872837.54486279,-0.012980325278482363,70.96041141896056,0.032752306946152596,71.61029056945696,72.1348103740005,74.55368859364964,73.2680953216884
2024-07-10,74.28229839074712,76.05344660616151,72.9177932906575,74.68160654174861,153341477.11721194,-0.014860251164928728,63.76255685531865,0.033079714218550785,71.7831103911118,72.09246553702216,74.57336827797256,73.37279985650768
2024-07-11,75.90941899199059,77.43793053831747,73.97982087514171,75.50009017926999,97698723.31645446,0.01095964154257767,62.35055009056567,0.02496807672833518,72.03316366785099,72.12080247563604,74.71594087817216,73.53037691745304
2024-07-12,73.86607550764371,74.19374282557573,73.3100144569577,73.63666411400087,157884434.1029402,-0.024681110457544397,55.453969905957244,0.020400924797135886,72.38383056329903,72.2224249295141,74.54989829906889,73.53825004312326
2024-07-13,74.01387409230699,74.02761553878,73.70469505914053,73.71838164436346,105314149.61199863,0.0011097397111319296,57.7663958265851,0.017771693089761516,72.82678138730182,72.36978439611737,74.42197265988344,73.55159312469661
2024-07-14,72.52792853508522,74.77897396347902,70.7607471989487,73.0002834500286,88494249.85325414,-0.009741100907493472,53.017972376826194,0.0120695125302111,73.12819051109827,72.47105965647003,74.20325124298269,73.5107553710175
2024-07-15,75.250086473035,77.21033867072711,73.53874610689408,75.49346341675421,36301614.26881181,0.03415301761714784,57.01717381356102,0.019766890456434805,73.66999236960605,72.61771027498787,74.40174542356291,73.65762263366466
2024-07-16,72.61510057206299,75.28860308589026,70.66127810129552,73.31592387182391,126206524.88244599,-0.028844080618071644,56.148375230769645,0.02198187722229675,73.93785501125811,72.63969756368823,74.2346959540646,73.63231161426904
2024-07-17,69.2845075694983,70.67406445571572,67.28303236746079,68.66006556375733,77592421.9353768,-0.06350405290133543,43.470777726388455,0.031437007842443035,73.88619923826955,72.59174949877215,73.37706050940194,73.2639970920089
2024-07-18,68.95961273852248,69.03956993394512,68.56871949248273,68.64831574570309,62092760.67881952,-0.00017113030635440563,33.737861544151,0.03037479473008308,73.76796209492815,72.49227642981033,72.64956131498673,72.92209477006033
2024-07-19,69.34213758649842,70.11394310235357,68.70693334976832,69.47749889695672,85447768.27324463,0.012078710777482238,28.185878328300248,0.03120456731378812,73.73633824365108,72.45144136977584,72.16155171221288,72.6669395202008
2024-07-20,67.37255641981214,68.73000701543307,65.45756741429746,66.80355349983176,47086167.19404651,-0.03848649475840704,28.1154535894227,0.032855845819108755,73.49413879731995,72.341391226764,71.33724429492348,72.23261462980308
2024-07-21,64.59450281917066,65.30201040952198,64.10638908393533,64.81225124022487,101865095.65564239,-0.029808328378997273,19.330380664127148,0.033344808354639856,73.13197523981,72.14134957437373,70.33339920958522,71.68295808242692
2024-07-22,62.496512467249005,63.7491055849732,61.29862847802205,62.55019269536039,53686769.37916651,-0.03490171227782568,18.601583984709748,0.025103236959491453,72.74663359877754,71.91771082477104,69.1359828227814,71.0064569426442
2024-07-23,60.448778216149776,61.47096984828558,58.92199881029015,59.9355110712955,147877166.70045614,-0.04180133603743208,17.364122689894458,0.025795941177953367,72.13063621429146,71.64008556109083,67.7205256302451,70.18638687809985
2024-07-24,60.982745528936235,61.2000578755592,60.53596751932799,60.752459239501334,58642329.6852042,0.013630453025319955,20.990821000063775,0.024590909653404575,71.35357543152233,71.36998211964948,66.64851541628452,69.48757742338886
2024-07-25,60.728240266261366,62.430063398889914,59.414550824152876,61.108155528796345,86592193.19420968,0.005854845939532449,19.437886161708775,0.02537391828715008,70.46197490677271,71.14505277708273,65.79615235667096,68.86687950527089
2024-07-26,63.2653789268661,66.59379476813571,59.388974891977156,62.68695988572674,66166436.043199316,0.025836229931476273,26.46314491948263,0.028294487519024247,69.78029545552981,70.92576237420384,65.31781505344877,68.40910768160096
2024-07-27,62.58367379788225,63.54502772256253,61.14451742704209,62.09841727894837,65636244.500171356,-0.009388597051942504,25.555020028004563,0.026198364964059577,68.97465089146263,70.71151321806423,64.82252308814101,67.94164913325632
2024-07-28,61.783793694162284,63.115048439597345,60.02446994384186,61.346297973641185,116899131.58052751,-0.012111730673080356,25.518492658791445,0.02479382214684888,68.20171131489523,70.43727141342279,64.28771922437181,67.45310460291445
2024-07-29,58.08289016016974,60.04894676758641,56.5071031563127,58.462851426392305,120847958.78783336,-0.047002779996403676,14.800968627936697,0.027312322827090587,67.33444716320628,70.0821754801096,63.39158571699035,66.78715992317207
2024-07-30,60.566972472888594,62.0608574651326,59.60548234782664,61.0910477366576,74362404.21321353,0.04495497989136443,25.195576910845702,0.029678568896210993,66.65491922295173,69.83906299473692,63.03765679693915,66.36522568713396
2024-07-31,60.13643875310812,60.75693221389935,59.93692719066811,60.55602859985727,111400146.56437765,-0.008757733851719407,30.254950797163815,0.029562039917987983,65.90771614398109,69.60249420926608,62.65586784354194,65.93491479178013
2024-08-01,61.280444838776965,62.73405362367017,59.85862308508824,61.31151107478683,138391935.13135794,0.012475759926755536,32.74945300568808,0.029887988713447073,65.2914584920204,69.30645326843464,62.44904372527192,65.59244044237322
2024-08-02,62.53622118554971,64.44781296474571,60.752197792483265,62.66025126136093,79419907.46381424,0.021998156022103865,34.353332819890554,0.029384352925432553,64.73855197287027,69.04188276565687,62.48153719236254,65.37524124377971
2024-08-03,62.98984961325353,63.605417934217215,62.68224720436437,63.29631892391071,122869050.90230134,0.010151055090677596,41.11962363131731,0.029237228128679488,64.25335374656437,68.88431303241988,62.60688822798534,65.22124699786349
2024-08-04,63.19854386376867,64.1497638085381,62.45352612297021,63.402343569406796,80262085.1510061,0.0016750523142354812,46.05329397997983,0.028496616159081493,63.64879775419699,68.69764954840643,62.729265972819405,65.0865134105704
2024-08-05,58.91648650181727,59.97643318791266,57.42675276857065,58.47882564545094,86819632.55530694,-0.07765514091077819,40.081103961037435,0.03844917152257696,62.906942842878344,68.42045457737957,62.07535207630118,64.5970550575986
2024-08-06,55.80132806628683,55.813813633903436,55.25402064562371,55.26638651987316,133395167.7697219,-0.05493337272287846,38.946748115639735,0.03781438604135621,62.237258890684146,68.11468295194355,61.02781891377379,63.90589442517449
2024-08-07,54.86015029496519,54.98842662763718,54.76197108196594,54.89019364823802,117369017.21401758,-0.006806901904105267,35.826442112128746,0.03786298984677209,61.54935278581088,67.83782292141541,60.083568872922136,63.23806473799401
2024-08-08,54.968304591155984,55.185321683334244,54.862359553925394,55.07916297940686,101670832.09845386,0.0034426792585182664,35.304862200960784,0.03698179451323246,60.829435989933394,67.49853649224428,59.31366027391979,62.63370164476533
2024-08-09,55.19481685365063,55.88500187617538,53.994839746599126,54.67856933864904,24146241.24895538,-0.00727305244104004,29.290807214847902,0.03366099514310154,60.223186781874254,67.16760367684422,58.60056936080121,62.044432585053016
2024-08-10,54.72310171994181,54.85383418234332,54.05684694108043,54.18629698705536,67931505.35616662,-0.0090030217971655,29.43737520371512,0.031635628070660594,59.69188906921579,66.84134912369561,57.921450534071084,61.46234846668282
2024-08-11,54.4091347233314,55.47066742079806,53.36002489017285,54.421322582921896,140876672.63318142,0.004337362191822791,31.50576887705131,0.0319749702925551,59.28544556359386,66.59730905125325,57.38296931081736,60.94079099381164
2024-08-12,53.39529772915291,54.34678229341323,52.43895554142237,53.39035197414778,46565367.915275216,-0.01894424023236896,34.96548242606664,0.020212796609577924,58.95818760873648,66.36792878745005,56.76872048979127,60.38149921457728
2024-08-13,54.774535784326176,55.62543761092238,53.50890522936729,54.353262737515266,64239786.347751826,0.018035295287690545,27.842394417986398,0.011955194391974676,58.63822778363717,66.11555202271836,56.39711160482573,59.934963179239354
2024-08-14,56.39929639954661,56.70090437453461,55.82918607207936,56.12935045013698,103740598.13756129,0.032676745114619266,36.541201668868936,0.017507971281431056,58.3892875297042,65.94499050678913,56.35591758102746,59.65306594004659
2024-08-15,52.54168018170699,53.94274086091523,50.88893529898067,52.28310077737678,98055307.50641932,-0.06852474938538711,26.892962730743818,0.03230474417789554,57.869094574286706,65.63147910156101,55.729330380465825,59.10714259466364
2024-08-16,51.65797998107429,52.75696355404312,50.41884346653155,51.51478058305472,56670235.643212564,-0.014695383075950086,20.601178743390278,0.03243839957135808,57.33991273949202,65.26791109275155,55.08093810394104,58.54474540861854
2024-08-17,49.671067883688266,51.29120443618743,47.9236889790386,49.53953529240953,137199304.42753327,-0.03834327290709505,16.107647627552666,0.03442198672724112,56.74957460543044,64.8384406263491,54.22841459447465,57.87769280741787
2024-08-18,52.861621162230634,53.367713174158034,52.03242110606423,52.53538981081027,137839709.54996085,0.06047401334545355,26.564334709811163,0.04409839748593811,56.453201524651334,64.48694890411534,53.96794924314167,57.481966659521014
2024-08-19,53.04868096336891,53.391590229184,52.978764524452295,53.321314468161006,64213331.827341214,0.014959909123754445,36.46113318871353,0.04406954519397488,56.064714861226506,64.12042434494947,53.86846697006772,57.17377020090176
2024-08-20,51.194860958937916,51.7446712729197,50.873621722944634,51.42200673496868,89253946.97910243,-0.03562004710754885,39.16094491947271,0.045194477893392246,55.60801376798209,63.70775403184038,53.49208847236017,56.74771364786968
2024-08-21,53.5209965223229,54.772087052449834,52.55817716700102,53.80417346754412,86645460.47898977,0.04632582203283553,47.24917490330038,0.047431203032577654,55.232646887619936,63.378696990871056,53.54010154854232,56.52967363451223
2024-08-22,52.01237123715377,56.10867677893503,48.361511618109375,52.428601095591574,143969015.79543117,-0.02556627642988174,43.66697333469431,0.040057166820667164,54.72106437933147,62.98215983756255,53.36910147885759,56.225890483481066
2024-08-23,51.498790532918406,52.96886698761572,49.96511088658009,51.43331838349591,121179084.11432919,-0.01898358322170368,42.46033602905066,0.040370134326524094,54.12791435231073,62.4849527073348,53.07128869495579,55.87088514274142
2024-08-24,51.05774355922253,52.16544590310824,49.5496134858235,50.64843586237091,92226436.26911978,-0.015260196032322426,41.89077338953744,0.037513605310794534,53.490218966958935,61.91911810410643,52.69854210532735,55.484037047899164
2024-08-25,49.27234624709203,49.8838054902878,49.13928644587252,49.74945725244274,66973345.91338311,-0.017749385437508924,39.607802207730685,0.028331033491828365,53.053750547308525,61.3876962709436,52.244836743345104,55.05925335934684
2024-08-26,52.51151015518666,52.922096685653734,52.06882785256589,52.47916144909601,62131185.88156683,0.05486902465693211,48.115544042524256,0.03643918631056085,52.91438929376967,60.87305332871968,52.28088669807601,54.868135440069004
2024-08-27,52.07173961807434,53.74673901538792,50.67344578653792,52.34120906184416,102086593.25619395,-0.0026287079183927586,45.69181605006469,0.033322881917214484,52.78694006444998,60.38377571985678,52.290167061732646,54.68095570834865
2024-08-28,48.774533297781126,50.380323440594545,47.44610816576009,49.044544278739195,109632665.22012347,-0.06298411599949416,35.75752679976492,0.035195929804571736,52.48520912941659,59.84850391622814,51.79084047973365,54.2634437505998
2024-08-29,48.418874903022235,48.85506655849744,47.66329885571177,48.09658711360313,77878088.95820092,-0.019328493700511484,40.47385745635644,0.03489100788505603,52.156110018164306,59.31680352766522,51.22249380802126,53.806639555266706
2024-08-30,47.82009115462798,48.4212666903719,47.16849963551168,47.76903329171609,158213504.6869646,-0.006810333987178008,41.302328917649334,0.03477201603836175,51.835246833397335,58.762182389914145,50.69119219012816,53.35940946167037
2024-08-31,48.262411814647315,48.41228303467284,47.73038198180635,47.87906277254176,143503577.36564678,0.0023033641931529125,45.77870975836363,0.03496105550165179,51.50813384287833,58.24703036308496,50.25855689511487,52.953457855068244
2024-09-01,50.62280256135984,50.93035052360843,50.01622677277893,50.321946951398544,112425121.80584243,0.0510219715549185,44.21015193712718,0.04077256836631296,51.35471359174087,57.77910166922567,50.2683092114662,52.758531121463086
2024-09-02,52.51822976319332,53.72916109618278,50.85399422805657,52.05422688310838,55427630.84107813,0.03442394495155132,46.84194730395405,0.036934958419259735,51.23976179902053,57.36018053788725,50.54306577633423,52.70636043714052
2024-09-03,51.78112497921161,53.072588921496674,50.48635967319954,51.77773917062745,88503704.3650129,-0.0053115323968176975,50.96465122013659,0.0369737588662167,51.022181235045046,56.88586605296473,50.73301552930242,52.63757367665807
2024-09-04,49.4357550947498,49.69942127808807,49.10854062997768,49.37186606039708,84803882.934534,-0.04646539514408099,37.996201160910125,0.03262656806486109,50.87661949919606,56.40698489673618,50.5236079187016,52.39566940878689
2024-09-05,50.20932844518014,51.25947428914126,48.82029729487645,49.86320382001239,145558499.13048148,0.009951776159609738,42.70276343681682,0.03137850459766791,50.79404066104395,56.031047661861294,50.42200728813403,52.20807936517396
2024-09-06,49.578287344943305,50.610515714894554,48.588660060685804,49.620054716273884,95361497.09153078,-0.004876323322829057,44.611636006355624,0.03125943472895226,50.798066632237166,55.65048244127271,50.29862996938632,52.01637383562581
2024-09-07,50.26797360673226,50.71916221811247,50.223870816366684,50.6747025825934,53197487.75230675,0.021254468024067386,50.07682349172868,0.031716968783225705,50.70503227082632,55.27442651498544,50.3564872944951,51.91699077984563
2024-09-08,50.85966544092082,52.238857066440865,49.83967197951514,51.21180149656151,117859007.84009111,0.01059895542736955,54.369479551148075,0.025834133962688292,50.59955662224635,54.962591474920025,50.48807409481301,51.864754536639396
2024-09-09,49.575313534059696,50.99178564359473,48.42597369048442,49.836393008401814,92369967.23914349,-0.02685725649100723,41.408047844487704,0.023618453570590132,50.52027593591801,54.66307431028358,50.38781546613436,51.71450553454772
2024-09-10,50.89962261673976,52.06045439689772,49.68833467351046,50.84798887945294,154594996.45663795,0.020298336416132434,45.40631543357764,0.025632873607751315,50.37246670651344,54.42903023396542,50.458611375875684,51.65031911565181
2024-09-11,50.67902604855447,52.215696113622045,49.60328895828561,51.130378403772546,97494053.16134647,0.005553602621119813,57.87779479564311,0.01666696530401794,50.30755557192249,54.252927580614966,50.56196014939828,51.61180498884594
2024-09-12,50.51887539441635,51.43036035919737,49.89242393782024,50.800417681264435,60410185.98923604,-0.0064533205661503334,60.71189126024545,0.017025799024769993,50.27591053681092,54.05388674945023,50.598645923531535,51.551702225321385
2024-09-13,52.80765677518238,53.13914271562091,52.652838621941264,52.983808132953335,123772553.35735409,0.042979773618951,68.011131531429,0.02224371767718256,50.39267915034004,53.89139980153336,50.96559395575028,51.657784144405234
2024-09-14,51.44741951237763,52.10601220792773,50.613228977541,51.26954464758063,89091001.29917791,-0.03235447858091034,60.54204022026395,0.02641074061380865,50.46868352009694,53.66305149677044,51.012355600647254,51.62902566315896
2024-09-15,49.34124385525634,49.68035472709962,49.23393266866792,49.572540498526365,81973290.63840078,-0.03309965322920705,47.55653090739003,0.02906167307819353,50.32335247256845,53.412533961162,50.79084558493635,51.47669342874174
2024-09-16,50.99273514651511,52.70911651726652,49.32844866644571,51.04318351752008,80854272.84872161,0.02966648479590095,46.64623304966623,0.02958958494546897,50.25845119535225,53.20647167203958,50.829666805333844,51.44458158346606
2024-09-17,51.659866643367636,51.92338423292595,50.92212186201142,51.1832080102556,88343420.29316346,0.0027432554767563566,48.00984253824696,0.02868829775819263,50.36538438192807,53.060878803716854,50.884057759937185,51.42522057804306
2024-09-18,48.420825512195535,49.815860558281294,46.71738377609131,48.10326983952822,68692746.11897385,-0.06017477783163283,45.9368129959031,0.03669873581097368,50.36571851822432,52.801123245774264,50.45624423372042,51.179150152967885
2024-09-19,45.66055731291315,46.506980471103155,45.02136003403732,45.86492230842054,74905375.94374174,-0.04653212845144983,38.48279367579115,0.03942442270479362,50.27051296905954,52.507301119945524,49.749887014443516,50.785503645964376
2024-09-20,44.81909184858669,46.38134048506265,43.55472421860431,45.10880005064115,56469182.388120286,-0.016485850617925735,37.378164814841384,0.030552964197010386,50.13199983296452,52.18324689946261,49.035873635396996,50.36500708334784
2024-09-21,45.547465910233925,45.97962021209066,44.733439535875426,45.16193592974023,137285602.22109056,0.0011779492923649215,33.660379651728476,0.03133609555579902,49.8739992818816,51.8332805928302,48.43988321914211,49.979594405302834
2024-09-22,44.05019700534341,45.15944127687721,43.15927308410435,44.264189318896726,105571815.95697735,-0.019878390781124966,29.83858383334679,0.03063172244485611,49.484497403671014,51.45263800072992,47.79746877295051,49.55623106556905
2024-09-23,45.0096938190715,45.45398997243514,44.65190437855673,45.09551829904856,6428226.6657951,0.018781073209374943,35.793762322814544,0.028121785818551723,49.15038636009207,51.08650149532276,47.381784084657895,49.22580789767864
2024-09-24,45.473182878148556,46.20654909161509,45.18629721425783,45.916864287055205,65909657.77582429,0.018213472624040605,35.053249782895136,0.03046052738761658,48.97763627142498,50.835262268154835,47.156411808103634,48.980700963558384
2024-09-25,45.36881285558778,45.60818688815006,44.713949828226525,44.951120038211705,99960052.17415693,-0.021032452103131982,32.01507710267674,0.02360326373602027,48.73203208233494,50.62895693852161,46.81713615119718,48.68221348760678
2024-09-26,44.76832489098245,46.865764079498355,42.94323863737225,45.030009630849065,87335794.31760722,0.0017550083862269972,32.95594971283481,0.017100821429826694,48.5025298280637,50.43175325817383,46.542193609605164,48.41167986858769
2024-09-27,44.29640711509131,44.81549186187066,44.14039083065129,44.65820130286561,71702636.82048725,-0.00825690092077469,22.461570311821234,0.016239973085183938,48.20170476407731,50.22333402464301,46.25234863933754,48.133644419274944
2024-09-28,43.51028048067942,45.15037562211395,41.92303029113985,43.56126550457689,66767560.841694094,-0.024562919380685777,23.417921429785977,0.01835645251018092,47.81917796447808,50.000987947961555,45.83833584937436,47.79494968485286
2024-09-29,42.338741338774796,42.807586947856585,41.851273471972995,42.319910555009734,105156588.99573843,-0.028496760486371286,24.177736225580972,0.019756530360471074,47.443353841808474,49.76366021932065,45.29703965024134,47.3893912307904
2024-09-30,44.7037160460147,45.26897536474588,43.75059963383249,44.31089185917924,58229594.4131391,0.04704597146020717,26.88674667739319,0.027204424045437332,47.116498990794796,49.5614516048458,45.145324605462555,47.16135424030069
2024-10-01,43.64347432318112,44.25154436401302,43.07355718057104,43.68113542491289,85291233.95081306,-0.01421222656198684,25.081859886582663,0.025879432687434235,46.74403684185181,49.367267273861096,44.92006473153184,46.90356025397566
2024-10-02,43.49509974102015,44.17708091602652,43.18954564290891,43.86890085629362,123453235.76515512,0.00429854740620228,32.590752017708496,0.025326467193962962,46.39746100060327,49.157580036236666,44.75834721226442,46.67877066896218
2024-10-03,44.00883298416369,44.36361127302904,43.827795800037556,44.18186230585741,72968007.52170578,0.0071340162040756105,41.77862355598911,0.025582321487214142,45.957363709248476,48.91863027335107,44.66965722666334,46.493814493917384
2024-10-04,44.539093712155925,46.29957806593922,42.55739692340172,44.30877763785523,100338549.21762829,0.0028725663739392893,45.83610977804598,0.025505974873682793,45.609325358762206,48.75914381056064,44.61413728992363,46.33195991198686
2024-10-05,43.579570894706485,44.46156404651612,42.425254393964615,43.30162223067365,61914811.430841476,-0.022730381221826246,41.19227188455591,0.025229883188078235,45.29577944536957,48.594880643513015,44.41221189619287,46.107490454111804
2024-10-06,44.31041451820779,45.318142952925804,43.258303623067626,44.264999201133655,135817215.36146906,0.022248057251249564,50.003810737021745,0.023070920303871874,44.95687022955025,48.489389921687504,44.38956378926069,45.971009620557865
2024-10-07,43.79323529315231,44.67729810023832,42.66509629769267,43.54413037390986,37532209.919994295,-0.016285300807264758,42.623580401149724,0.01589940836499042,44.57491634773296,48.309564732949504,44.259497109975946,45.79124078747283
2024-10-08,42.08039376337612,42.99924306432511,40.754954388622465,41.66472737793234,95635430.99141376,-0.04316088023435638,31.630519367064252,0.022060470573928265,44.25298922465317,48.07643299114492,43.86030176658462,45.48557312750687
2024-10-09,40.94008252997729,41.1171318482031,40.59573374540587,40.772056418578,39220919.128436394,-0.02142510021143529,31.831491238572582,0.02210090483766533,43.998345930161044,47.8634339848171,43.38518709766053,45.13642374166028
2024-10-10,41.329018838106876,41.92573505458275,40.62978279023172,41.224997121423215,69828546.03160928,0.011109096342730052,33.9787528875443,0.022664185938510415,43.80415578370014,47.61185045789469,43.0528501782394,44.846688436457534
2024-10-11,42.229784582614094,42.75265998744212,41.695116198230885,42.21784375563794,125798223.11082478,0.024083607120466644,40.23539295203295,0.02581272889444128,43.65695117499503,47.40763531109562,42.92438765168533,44.65195920084127
2024-10-12,39.975282856066194,41.023263669938146,39.21681289498398,40.259402963587895,75131984.88298379,-0.046388934579078334,37.64036002278308,0.029555189114010054,43.456711857229585,47.184157002697454,42.51439000736265,44.326584664748424
2024-10-13,40.388804212802235,41.09071773172587,39.694626789639656,40.39640959207663,99160800.0735563,0.0034030963800593117,42.150955459111685,0.026866955848006795,43.22175642188099,46.97911647729157,42.188546866549416,44.035460585291254
2024-10-14,39.00135202675877,39.531492953158974,38.705962971559536,39.23433929530998,135422125.0217934,-0.028766672793479664,27.781542878075356,0.027552582032984312,42.887630172293726,46.768814118148924,41.73405339405104,43.679821971218566
2024-10-15,38.9026031669589,39.80530662054718,38.06315775525889,38.964525050422644,82600453.81884192,-0.006876992189329134,28.68533314069809,0.02449417085955642,42.58830042290428,46.49852139017545,41.307972110415896,43.330540717826274
2024-10-16,37.664215735367044,38.7696063843598,36.673519005921506,37.775970134844556,147912904.69269073,-0.03050351349182412,24.74961660932142,0.025466320950138142,42.22559844810405,46.20721661163546,40.76458719109723,42.91909104501281
2024-10-17,36.71115673946428,37.50972199781835,36.173614702564024,36.96841309230932,105334237.44360259,-0.021377532850978875,21.283174933989642,0.02376170948824017,41.84110903757623,45.96569398790686,40.18056040666832,42.4783000855533
2024-10-18,37.83930608851134,39.810490726610865,36.02301244187579,37.987102810172416,85675201.7359123,0.02755567882558152,26.50178924166208,0.024734806294460638,41.56240090285601,45.76350430183824,39.843105391822796,42.14561880589546
2024-10-19,37.52766500059186,38.30207267630726,36.85445800563188,37.62708224022093,128722408.94274686,-0.009477442166373362,27.841205133590577,0.020411974296999792,41.32775948711657,45.560665280808344,39.50217875311482,41.81091239362327
2024-10-20,38.395705348128054,38.66995247585782,37.82252559197804,38.09462218773563,102814303.34252253,0.012425623239394668,24.9343340974805,0.02160759392021483,41.01694600354439,45.36497646911223,39.285631589210325,41.535631637631596
2024-10-21,39.52380229300381,41.33759481726053,37.452001727302445,39.2533844680656,69031348.97021881,0.030418001643891523,33.16868448878179,0.023674443585317277,40.79555845570202,45.14360521944556,39.280670493649595,41.36657629173782
2024-10-22,40.9504342700197,43.38794448847085,38.20733855258896,40.62550804854977,87954959.53724651,0.03495554839609949,45.754489434475,0.02665087921188416,40.63338881531483,44.9150308427544,39.487568579018856,41.31168234779796
2024-10-23,40.993494118053,42.309171321418766,39.40239715779334,40.708941714161895,48854786.57488494,0.0020537260854047723,49.723902873241094,0.021504602649913034,40.45974278573006,44.69365489362508,39.67547213827163,41.26703489345455
2024-10-24,39.77511026222817,41.190229675856656,38.339960649001,39.75434113846178,86484104.01975301,-0.023449407808310174,43.8370665743438,0.022031292845482935,40.23202096076038,44.50130439518638,39.687605830608575,41.154983504195826
2024-10-25,39.545970853737884,39.906923026667165,39.12634325316513,39.48675493833102,110836103.93324932,-0.006730993206472191,37.81438531476824,0.021447439319383556,40.04127759614325,44.293775417552744,39.656705693335105,41.031411017835474
2024-10-26,41.48142810886922,42.9210067844664,40.00203936351715,41.440186793347614,142325100.28698447,0.04947055938294742,55.27079564509204,0.02563878592491023,39.90003697575395,44.13017805909422,39.93108740102934,41.061690704910454
2024-10-27,40.13029790272059,41.02777920864207,39.15135685933049,40.046974710167554,90771064.84979238,-0.03361983115876577,48.59748034603498,0.03141498633579292,39.725179192566834,43.9176235016457,39.94891621781983,40.98652655715172
2024-10-28,39.431920344131136,39.53109103514888,39.18546320527488,39.28426253911728,114113880.14526816,-0.01904543792808977,50.207012286280644,0.03098322237951539,39.60615595062608,43.67907272249682,39.84666180571174,40.860432926186206
2024-10-29,39.82912596847949,40.72414919263827,39.256139377118835,40.14659544721489,109614891.08982481,0.021951103377311654,54.67200910146998,0.028893668735094396,39.57488290205792,43.485276771273085,39.89280544286607,40.80755607589204
2024-10-30,41.440284273252516,41.795506062561884,40.75158903346004,41.10392760856438,156690375.30614758,0.02384591148228754,63.39829201140392,0.03045207722147886,39.568829426414986,43.29039554585532,40.07913192989658,40.82950952275666
2024-10-31,40.84241609268635,41.76965175277285,40.197767778933,41.12061244488897,144409715.87686554,0.00040591829772274046,67.8536041793825,0.02842622651713535,39.513967860877536,43.09020022667764,40.23935970143387,40.851072702173866
2024-11-01,44.23999078477262,44.451552261417696,44.00871952809904,44.22018629706926,124173215.71355076,0.07537761886047845,72.7329705391533,0.038014501847783704,39.71200702755161,42.95859559899373,40.85179456230085,41.10063667216612
2024-11-02,44.1046096056296,44.17831869850797,43.753825640324976,43.82707090127468,67188354.89236969,-0.008889953406203466,72.55781352714723,0.03603184153601454,39.88354009301151,42.77546085436016,41.30952938368144,41.3025947632112
2024-11-03,42.225711899329255,42.53107050330479,41.86071130124241,42.165635457637514,87445249.10255696,-0.037908886208246395,63.62788368888384,0.03689508081968465,40.030104901127885,42.593382670561304,41.44123801044392,41.36652370353907
2024-11-04,40.995470913869916,41.7757943675658,40.38641402751192,41.164230276156935,108760923.5877061,-0.023749320284444875,56.464741882467216,0.03750673315068193,40.140090162414594,42.425216466113916,41.398621435938225,41.35153900521447
2024-11-05,39.88109419542782,40.260377187155655,39.53356042981616,39.91256914104608,102472206.86943081,-0.030406523496586346,47.56817526321384,0.039274734471723,40.24692011272467,42.20260417858444,41.16999800595482,41.244948644905705
2024-11-06,41.39439276003608,42.69897356571638,40.1223301474651,41.4259414519923,56677805.3233495,0.03791718607735195,52.228304981311354,0.04103079375048922,40.46979653070883,42.007458847419166,41.20937392072981,41.25835551950471
2024-11-07,40.74790803300067,41.03690300724371,40.21404766838943,40.50129358755826,110070415.23093118,-0.02232050333739788,52.32572248655315,0.04204793967865163,40.59550606957812,41.85541932237976,41.100438484857264,41.20227685787905
2024-11-08,41.541782327319964,41.624216259809415,41.48804866221752,41.57044551930307,158155103.76367623,0.026397969966896362,56.179365472533945,0.029271317940244915,40.792674233532225,41.76952978659742,41.172747259387386,41.229548610577126
2024-11-09,41.824776165653255,42.037548199275896,41.79771929502594,42.01037126530191,105525138.40111016,0.010582656512414967,51.85769436179889,0.030132161475216256,40.98846168741054,41.70756121089064,41.30161249106654,41.287387325741925
2024-11-10,40.15310804572447,40.867359325385436,39.62137163547134,40.333237510867534,77545735.69487503,-0.03992189794855716,50.91571952607396,0.030498817695061898,41.04245433955064,41.610987242513175,41.15263172488208,41.216709561677156
2024-11-11,40.320655806131036,40.42953924338917,40.12479658528594,40.23344451384309,100939763.95445867,-0.002474212415939925,53.17079612428936,0.029469650945174314,41.0228511628153,41.53037234641211,41.011218307799155,41.14387511368945
2024-11-12,38.96396199629524,39.27660210767488,38.708179726455285,39.02044902389824,82453671.61958401,-0.030148934663734694,46.32416224665413,0.029429697562429708,40.93842652830212,41.4088709609091,40.70494611027594,40.986584292223434
2024-11-13,38.52296635910181,38.804383691668676,38.29013378155803,38.57125923228911,81692600.96109827,-0.011511651014933788,41.44951480249942,0.02331102337247588,40.87927243299349,41.261958859813774,40.37668659058566,40.807671324820895
2024-11-14,37.55095174889422,38.189505543552904,37.173166944098526,37.809123379317285,94888646.98334251,-0.019759164417785358,39.35591513374199,0.023102996013745134,40.7953908550428,41.119118926635885,39.98167686577514,40.585556662191
2024-11-15,38.47121061810076,39.19820303921201,37.509142546251205,38.23160716881109,93703153.70748949,0.01117412285006636,26.749606241692874,0.019607303652799148,40.634961873815975,40.983150877395126,39.71243537393452,40.411190033051746
2024-11-16,38.3602307638283,38.734620956517524,38.05717124358094,38.4310023157398,46252558.065655366,0.005215452911730534,28.730055343082725,0.018672326620862833,40.55416325409458,40.858606897652614,39.51529182651994,40.26450946139901
2024-11-17,38.75943526671466,39.50900851772865,38.28287042254444,39.02912768292491,79349654.82971993,0.015563616120939372,36.50548402303575,0.01676586862023098,40.54140651128496,40.76796414121957,39.440497342889934,40.17299970003056
2024-11-18,39.4555908418269,40.99224697726165,38.06441858710599,39.59611978552701,66026696.84562411,0.014527409047119466,42.99137377847549,0.01828183106725677,40.51388272820057,40.713488325829914,39.46443925714179,40.13026785451177
2024-11-19,38.11202560604781,38.76769682122323,37.159393921846224,37.8098668619959,81434932.14786512,-0.04511181734994174,41.03064784826856,0.02249303377498096,40.34917969087215,40.58346782588625,39.209889657888574,39.9583862995106
2024-11-20,38.156692021030764,38.763699713935615,37.250400565783096,37.852570200809325,74428113.31520927,0.0011294231468546023,32.57049549734076,0.022321689822480117,40.185777578668166,40.46689652140418,39.001071279876385,39.80239992182902
2024-11-21,41.06045395572367,41.77700304169041,40.03391311145397,40.74495642618249,72974264.16080974,0.07641188458350245,50.997092765206276,0.03556898996313942,40.012016085123825,40.40441763280196,39.269361302385015,39.872218922151504
2024-11-22,40.81307038355853,41.04633525293984,40.574170483220485,40.80740296075704,72172155.42765346,0.0015326199866647627,46.59719343234475,0.03575961690729466,39.86103268809794,40.33692844589995,39.50598309598071,39.941491813900065
2024-11-23,38.554779207936534,38.934210284984566,38.553968030389115,38.93339114158943,147559200.78651714,-0.04592332967059365,37.834219745413186,0.04161879576368864,39.69942047229554,40.22942071597463,39.41789202607436,39.8668176900252
2024-11-24,39.5757257026641,39.86382116164666,39.19028638744842,39.47766802575086,137257521.34034285,0.013979693733382925,46.2843937511302,0.04154073680076294,39.61509235977524,40.152941631876175,39.4270883337169,39.83799178896784
2024-11-25,39.530882233985736,40.89569881645944,38.20067754045536,39.564367356594964,146325461.73932266,0.0021961614041525745,47.09099281056793,0.04119900133722814,39.59768227055268,40.0589289949854,39.44820818339045,39.81772331249578
2024-11-26,36.418016664332804,37.42148911164319,35.73920152547943,36.73673324186461,56500174.974332504,-0.07146921089991887,41.29331972149822,0.04688534383650103,39.363221860046295,39.9227810523445,39.031058192386475,39.58950182578236
2024-11-27,37.87927560843482,38.14446134137023,37.729573497914465,37.99430462641287,62431481.37618893,0.034231987266498454,47.928069208846345,0.049011647656414886,39.237872411989024,39.849372597314115,38.87155764377515,39.47133907027351
2024-11-28,38.55230378589427,39.387283672216284,37.82351064004139,38.656520414154755,98291083.81529106,0.01742934353591319,53.06512731022665,0.03778350709068452,39.09217615673161,39.80706187722564,38.83847499306432,39.410982132783225
2024-11-29,38.335433275574644,40.57084113660591,36.37355637777153,38.595647367892994,127250281.28193334,-0.001574716130929188,51.352144736113935,0.03768659534765308,38.92143996186117,39.75447488215504,38.80111689688412,39.35058696501358
2024-11-30,37.14768987450513,38.91902542115674,35.22804887125266,36.991958589776104,90191395.25408792,-0.0415510267992284,45.15990995943979,0.03696925437890981,38.75437601580659,39.6499571788378,38.52278484963673,39.17587375203303
2024-12-01,38.67716262002726,39.35378321471795,37.71767472129953,38.38925870774004,86005037.97171901,0.03777307748041547,47.95765453150529,0.040142906343995775,38.66216672550144,39.61255429372085,38.50224236626801,39.11760597097428
2024-12-02,39.196224374353534,40.01542727035315,38.489929754858295,39.30713411767749,156947312.13551992,0.0239096935141494,49.09781834374524,0.041454155283320596,38.676500980190404,39.590768784232864,38.62607186648485,39.1316450929523
2024-12-03,38.037351548226155,38.392251704304954,37.68485320515199,38.039731307612264,151796942.04193902,-0.032243582202428844,50.74163765953163,0.03171932637730728,38.64992458395656,39.56687662447891,38.5358656266583,39.05076259033452
2024-12-04,37.651634278495074,37.827418681734464,37.13157287573545,37.30574241161062,110716190.18202733,-0.019295322831440753,48.311047527614356,0.030023968222256635,38.624755535571225,39.53370097170267,38.34661590126635,38.92150183635497
2024-12-05,37.16992901235401,37.82650121884439,36.49651270230743,37.15278202319085,92212890.27417186,-0.004100183471276164,36.645144573847794,0.028751162525801826,38.570814278290214,39.5212372094696,38.162949150793196,38.79048555389837
2024-12-06,38.69642022520088,39.22147506807177,38.37965135098789,38.90301500907411,108562615.53773724,0.04710906937711301,43.70938197672902,0.035008979985875044,38.594414912956935,39.559929247804895,38.276805436682565,38.798821069096576
2024-12-07,36.96519496925445,37.487908676763354,36.29939900500268,36.82006040832396,139455192.1393822,-0.053542240884525305,43.11424620538263,0.037667985328033976,38.48396154922689,39.53658839976792,38.05269081693509,38.65224620533564
2024-12-08,37.17110326004999,37.68371593921102,36.773524150481755,37.28491946077903,83596155.5675184,0.012625157245803376,42.81831621356941,0.034527061817888345,38.36840153298949,39.52974514417908,37.93457214675723,38.550962742775894
2024-12-09,37.315412229039524,38.53689191883284,36.1749873099333,37.39406328452604,85931295.74721435,0.0029272913908751086,42.902261466957206,0.032592466067846784,38.34761135411599,39.51573396611489,37.8514169371832,38.46526648660924
2024-12-10,37.77139231203288,38.7628843569874,36.70727998734214,37.696814375284596,101594621.14940147,0.008096234112216383,53.760948018975846,0.030830757242639947,38.339823562839754,39.484602564259276,37.82763192766034,38.4083441079926
2024-12-11,38.35380533088687,38.47943053676342,37.91037531407202,38.03495615177116,115087736.7760824,0.008970035852903901,50.17160668588595,0.029852808890460474,38.204323549119195,39.4327915263237,37.85952796213893,38.38068574086508
2024-12-12,37.98819322211455,38.64266802140016,37.5899751980496,38.241791606947345,67232607.05120839,0.0054380358518317795,48.179258462377426,0.029683659821732204,38.07604298142871,39.38344852417941,37.91833775364792,38.370397286500804
2024-12-13,36.694031519768906,37.68923134015289,35.94152622827933,36.93184899105637,97888172.1501903,-0.03425421667882833,43.41751806347066,0.02591728935210349,37.97596587390205,39.3269986812313,37.76657025171075,38.26383815350492
2024-12-14,39.13500170012931,39.24640031043983,38.79763205460501,38.9083855973846,65135626.27855254,0.05351848500211509,57.364683582579694,0.025533443255526842,37.94750175248374,39.31543129441238,37.94223415104519,38.31158240860712
2024-12-15,40.38786782093375,40.73910805214785,40.084654728452904,40.43553708130812,139189614.45271903,0.039249931871400356,57.78598698622778,0.028153120047823534,37.99106023871939,39.295338300171586,38.32581921723949,38.46891238436275
2024-12-16,41.50821591472262,41.51137110866797,41.22196413858813,41.22509781167298,95170698.02025317,0.01952640640774006,57.369718533594444,0.027960738267833525,38.21547846720981,39.318900762201686,38.77186207792156,38.673074267867214
2024-12-17,40.54424270546266,41.63419787807082,39.402373018625255,40.490894012672456,97405286.25908907,-0.017809631461750852,59.8209431322821,0.03052534115472172,38.34030793652279,39.34303339167279,39.036328529421695,38.80772758229723
2024-12-18,40.770256625094994,41.22032411969843,40.41859772383293,40.86782366576631,75658670.22488454,0.009308998042273142,64.69238282021689,0.03052247719551185,38.45087309910337,39.357457956043824,39.31809701193625,38.960327292183834
2024-12-19,42.325002255595436,42.785254498306124,42.062011581342084,42.52104568839236,125122900.3875282,0.040452900945907366,69.70371511593072,0.032329933056766826,38.64714301512834,39.38580031764038,39.81085834677565,39.2240842104215
2024-12-20,42.948891127790105,43.601419061858714,42.100810605078586,42.750321647929276,71718076.12957901,0.005392058351930462,65.89597935151976,0.02468663120470433,38.935061168036,39.41839450170119,40.263083470030054,39.48528698357023
2024-12-21,43.424978528379214,44.455354314535775,42.04461273332459,43.066482218979694,124814607.91599248,0.007395513270149534,80.22058193176467,0.020473899504810728,39.16892234359798,39.3953204201394,40.69437558525308,39.75056070471167
2024-12-22,41.790644473388205,42.6889241055811,41.08594454368498,41.98101404534116,77450393.0553938,-0.025204477303701345,71.4329338262604,0.022070407077129754,39.302616339981164,39.358399283020724,40.89231996372816,39.91577947068422
2024-12-23,40.642987219919426,42.66480892711541,38.86586060600069,40.8774311817579,100709287.99666792,-0.02628766571458585,64.57505038010763,0.023957737770432638,39.44450133368845,39.33263519750313,40.89002938188658,39.987012930763754
2024-12-24,40.23760320963983,40.63048774723908,40.1279273614555,40.520042054000754,64678873.917986415,-0.008742944882422887,61.759136156432426,0.023125899925009692,39.60521631580796,39.31975143306001,40.83310825451952,40.02649656952205
2024-12-25,42.47828155549749,43.61571464355161,41.445688357058465,42.580633401432614,70643930.38411973,0.05085363299193335,66.5576119579035,0.030094964431316044,39.87660888472004,39.37311271826774,41.10195827712154,40.21569189040432
2024-12-26,42.34399086160445,42.95990161963246,41.96781876517863,42.58161850609703,150263689.4118899,2.3135040174926402e-05,66.04846860530884,0.02604779772137244,40.060539059571184,39.39622625934984,41.32959831234854,40.390945713788966
2024-12-27,43.7343842938967,45.075771457119465,42.273970950686945,43.61159192136074,87906781.18002959,0.02418821668594484,75.22365139771485,0.027562157383193595,40.40011563522303,39.458432226025884,41.68067425219657,40.62951209953502
2024-12-28,43.64671475669381,44.04399160429732,42.83358669302473,43.22704365144175,85888112.4292055,-0.008817570122466534,68.5365365692295,0.02782832493696634,40.697221844756164,39.49156418866866,41.918577236695825,40.8219218441207
2024-12-29,41.50585880325405,41.90986843438461,41.313112108336355,41.71614520242864,71095094.81542969,-0.03495262042891778,55.504303686393726,0.02954116974996453,40.91332594065129,39.4856796674112,41.88743384680856,40.88816061140277
2024-12-30,41.39264459825831,41.3981091294572,41.25438606054672,41.259833058369566,81421172.8935887,-0.010938502151740304,50.15370202648952,0.02783109880333212,41.09147687480554,39.504211578361236,41.79087987935641,40.91569190377068
2024-12-31,41.16278135658974,42.580231948123625,39.92118120442006,41.33348289566334,94843046.2386505,0.001785025091826764,53.959911257657474,0.027457241676036165,41.256403212000144,39.52621234599764,41.7205111126344,40.94663938465161
2025-01-01,42.423954683903645,43.600620174129716,41.67619140946539,42.84542802401871,72962986.13572598,0.03657918526178694,58.39818223524633,0.02358155503483562,41.48658503285372,39.602711926000055,41.89357525284737,41.0872903949751
2025-01-02,43.746719143295074,43.8842900723376,43.40532402676503,43.54225196496774,86972758.16373797,0.0162636708999242,54.720112906634185,0.024244800536401993,41.81710518154929,39.702131780653616,42.14721782394281,41.269139400159744
2025-01-03,41.730395924777994,41.7813818292254,41.508185723531525,41.55896217142397,117424240.87733205,-0.04554862700118134,45.26170990589807,0.028290335439072334,41.94963401025126,39.777128556495754,42.05671695432453,41.29060775358673
2025-01-04,44.12769922071489,44.65656163988481,43.98901298330055,44.5166529835624,83961928.18067592,0.07116854362095082,54.76617569791553,0.04065726616155547,42.153689805363975,39.902829472790785,42.435168651130354,41.52957406691826
2025-01-05,46.90900277321782,47.46985380973077,45.950203920595484,46.50623945882469,87582244.70048797,0.04469308319286558,64.03843931828354,0.03874240296183277,42.417746887721556,40.06433421565248,43.06148723692948,41.89821594780022
2025-01-06,48.59962083904844,49.290628545692144,48.07913095210221,48.76833180612721,85280086.60359831,0.04864062056243679,72.83804946369901,0.038306631817644876,42.8316187773943,40.259118298116526,43.93946332449836,42.407113418787404
2025-01-07,47.672895158075846,47.76448266856862,47.365542958989074,47.45671515196206,93189680.35289699,-0.02689484355092009,69.02542973865137,0.04248411363084883,43.16106335170408,40.41633020544523,44.48057899026201,42.78115799161516
2025-01-08,46.526699633756756,47.26054531843995,45.360190961668046,46.08710307836304,93850108.29955898,-0.028860237570454528,59.99619359623038,0.04550043754077242,43.33936622120261,40.58187492977257,44.727736542277555,43.02604281285575
2025-01-09,46.17237946466229,47.29850586197739,45.04414521675082,46.1702189192015,39943473.13304475,0.001803451188874483,60.18264800491279,0.04556846614481338,43.510361084766224,40.748227904140414,44.94965690795816,43.25894474665914
2025-01-10,46.22982771700888,47.848796693458716,44.346981178580315,45.956373796303026,99625284.2536291,-0.0046316679431974705,56.976430000329295,0.03959504354116397,43.6548556636324,40.85245625154282,45.10453642924198,43.45875430589202
2025-01-11,48.69604427849392,49.588714297361555,47.869320041674456,48.760889173455816,115260504.03498884,0.06102560201080087,64.39232054637057,0.03732296354938706,43.993849420038124,41.0115259757968,45.667052236044114,43.85150503682267
2025-01-12,50.24838782081629,52.367859250911785,48.34035174947821,50.45208824950833,77225428.21081875,0.034683515922699026,72.5091739561907,0.03610884175842228,44.472582273425644,41.24189991795518,46.403211622730915,44.34043712665124
2025-01-13,51.42282054691761,52.54018702384308,50.67795464394482,51.7900024457429,102804555.78388481,0.02651850979126924,75.95313013040047,0.0332480455552844,45.03608029301275,41.48814660635502,47.23194867242506,44.89225677991729
2025-01-14,51.653410818095374,52.69933267204746,50.43647398449435,51.478861414822006,74639935.71627754,-0.006007743120824416,74.71542290008549,0.030285359887513283,45.48099169368222,41.72643648751956,47.885319863563055,45.380153419539866
2025-01-15,51.53903809582164,53.2815269794509,49.81258575830536,51.55455486201149,83345171.68792379,0.0014703792024368667,72.81293142531908,0.025194264632840895,45.92963851147795,42.0227929199225,48.449817555632045,45.83751648935258
2025-01-16,53.3352852330148,53.52360005349016,52.6566562878348,52.84323378601966,116562752.17309104,0.02499641258580132,73.63055384550368,0.024467968708033326,46.391220604710895,42.31977150311464,49.12572774492244,46.35645851132792
2025-01-17,53.06941465254863,55.00332035322356,50.80796423380668,52.72948244464373,91730656.45434818,-0.002152618854412869,81.35945068149834,0.02407144952956323,46.866342544370994,42.60123074372441,49.680151544879564,46.828534358240205
2025-01-18,55.89154052752448,56.529675060236904,55.03117134985445,55.666739242578636,128363702.17338069,0.05570425996535211,81.33803972876956,0.022601876714562,47.563872246378494,42.94265258121813,50.601165036833265,47.483216201524534
2025-01-19,55.464469265359554,55.959274142233426,55.195403236498464,55.689118308911276,74592912.46343997,0.0004020186315407681,79.01784859307782,0.022430505334534005,48.28533650890557,43.31659577560084,51.38392707869142,48.0910608020717
2025-01-20,57.963585364927056,59.028038821402355,56.86200701149926,57.92576594551777,65185584.576348595,0.040163100162578624,78.98405278480519,0.024181730407479195,49.1149506613983,43.70732592035638,52.39036382743393,48.81955747936401
2025-01-21,60.71522447127247,61.95344853055988,59.70252912025289,60.937053202689604,110990634.71104711,0.051985281644857606,88.52177344553276,0.0251528683270961,50.019531920331836,44.13992430205663,53.7052391159348,49.717149755165906
2025-01-22,63.43225716764374,64.76823233902734,61.952263823123,63.28514050459136,101349483.73558104,0.038532997224062004,96.54278874224485,0.023291665602358732,51.00667634731302,44.644832485996204,55.17907009880504,50.7221861069752
2025-01-23,60.8430248930146,61.246376975288314,60.42034103881902,60.82356410797773,80595584.37958945,-0.038896593686712944,85.1332218761718,0.03508750705803087,51.96990644414071,45.11518891992355,56.04745379252392,51.470436329271685
2025-01-24,58.74693379850675,59.937742137370705,57.21816829864231,58.401984467649726,141287887.80969232,-0.03981318220729502,76.98328100128437,0.041498608177470746,52.66417301834508,45.54017296881273,56.40968928100481,51.98388433952191
2025-01-25,58.010311803019796,58.63104349573668,57.12181702425407,57.73965256346485,60438035.41789556,-0.01134091435800022,71.4602478115049,0.03826796370957601,53.22584367357708,45.91690571990054,56.614299016767895,52.41023754129546
2025-01-26,57.00386328488647,58.2877877253,55.36409899913458,56.63982401428351,161462795.14507058,-0.019048063165472917,65.21962082740033,0.03941926618049512,53.6194182839849,46.313300992019734,56.618225939462604,52.723540242998276
2025-01-27,57.199595702946056,57.543134106349726,56.51998847964312,56.86149627186295,95943935.87589236,0.003913717272912676,63.19882670855082,0.03596601996784085,54.089657339979944,46.70483252824141,56.655652144447274,53.030055504395655
2025-01-28,60.09642508503634,60.539927895824874,59.11974634322946,59.55928513993393,87392774.5350898,0.04744491518781824,68.70593214059907,0.0348518450461337,54.76326644305849,47.148136965349565,57.10236491298369,53.51370214406516
2025-01-29,58.39059298232438,58.420255906601724,58.26209381441076,58.29170650350495,133383850.68775107,-0.021282636845805225,64.78064988710227,0.03004630354203143,55.36934082227366,47.56003480791397,57.28534054229465,53.86762839291255
2025-01-30,57.94866722580188,59.363843125446095,56.05648651867602,57.45972178469357,146997334.81628656,-0.014272780275550012,60.335227898744904,0.0276187897001528,55.944508221693184,47.94853012057242,57.31216842574064,54.13370938489633
2025-01-31,57.61262653434019,57.92246743397102,56.839459340979616,57.14679499703317,103277542.86821298,-0.005446019889079223,59.801906303491705,0.023758435751504086,56.36380351287206,48.32663018837414,57.28672635978564,54.356900911721276
2025-02-01,59.12904507998129,60.230008829810934,58.153459723478164,59.252388400075304,54116457.679489605,0.03684534545028195,58.2613838021364,0.027567578002008753,56.80381852040041,48.77304097655452,57.58913590444559,54.71952961456231
2025-02-02,61.332569787895075,63.62614867039481,59.14081493314478,61.43088062115712,79725912.0390146,0.03676631912915518,62.03351620406441,0.02785303126837963,57.28586242917112,49.22349087702996,58.18017355317044,55.216666726161925
2025-02-03,61.78783756257435,63.79088754560242,60.13534889032762,62.12926747966062,67307222.1895656,0.011368661029139915,59.41681955513167,0.02763417448864353,57.81838273241304,49.657365484997015,58.78772646493816,55.72871122642108
2025-02-04,62.48310437554881,64.27508749484059,60.15436839247648,61.93050319571779,124679033.29307352,-0.003199205334392552,52.546446867351385,0.02344346445673582,58.337180149098366,50.07147359267791,59.27123057736579,56.188103224146765
2025-02-05,64.330475505294,66.07360487197644,62.95163258604807,64.68711777378195,84337913.6414816,0.04451141902323119,53.51988170872816,0.023947494312530803,58.929374348486476,50.55539806790011,60.104443992199045,56.81765985745307
2025-02-06,68.66432655912071,69.7804587944019,68.1166676084056,69.22830164181842,117617354.06366454,0.07020229103293008,69.10625600462295,0.027610006851257356,59.75431530834521,51.12260762742114,61.50811439983279,57.73696665629495
2025-02-07,69.42254749094096,71.88881228983675,66.294234436409,68.73611337870706,72487445.80039093,-0.00710963943125309,75.7511992928034,0.02794392190932224,60.40778401515163,51.64690898122744,62.62011424273653,58.55171826536252
2025-02-08,69.21004021089593,71.451151879952,67.03967955707485,69.27864000229602,95935333.6421301,0.007892890606133962,78.92624935709586,0.02839238321297393,61.08726009982087,52.17747534831477,63.644502821130295,59.34630506069092
2025-02-09,69.28718278373351,70.77940506082187,68.34971872659301,69.83453525776451,84259510.04111485,0.008024049771330422,84.00418919021652,0.028133185655645564,61.68269856543321,52.71283640909047,64.59681550368941,60.12321100121489
2025-02-10,70.33039411534008,70.82823385408848,69.4317610171617,69.92674348020061,61757365.25385692,0.001320381414378291,83.89673443899264,0.028824193579263673,62.13218307930877,53.27175099778767,65.41680442315268,60.849398592250864
2025-02-11,71.44481548641967,72.52443369249355,70.58887673791232,71.66584689533163,93134872.29578978,0.024870361875545255,83.05374915478565,0.02740192289526141,62.55121839884576,53.88751931205913,66.37819557271868,61.650616985071665
2025-02-12,72.16088520879349,73.46451161427873,70.65808993220891,71.95805204410023,88581286.27749881,0.004077327784814511,89.41137238867887,0.025937587576724867,63.10794279565189,54.51627951186113,67.2366350298543,62.414130693147854
2025-02-13,71.08531887068344,74.18727638609911,68.40316256667636,71.4898562756117,61385698.46516613,-0.006506509767685076,91.32761627690174,0.01083923950311777,63.76233638605,55.09446396934471,67.89097675997083,63.08640666221925
2025-02-14,73.35770464456621,73.88499583998136,72.83363678895675,73.36090512015625,105724645.07782517,0.02617222836945121,93.74528990801755,0.01205150142883142,64.54339901388457,55.710049701625884,68.73250419999935,63.847480622066435
2025-02-15,75.86876535830554,80.3060540910252,72.1305203088277,76.53498282969915,59676762.1247825,0.04326661052428604,94.0862468346336,0.01749684819672268,65.53815695465535,56.36851751979266,69.93288552764548,64.78729560040959
2025-02-16,79.04673925517122,79.63081590201313,78.35741523458951,78.94070841919472,92457533.28938186,0.03143301926190589,94.15401935928853,0.0182810808838931,66.64211756202194,57.08279081514772,71.31870443403767,65.83569654994923
2025-02-17,75.09674349100264,77.47197882369028,72.32158285186803,74.683755794317,106314745.52367863,-0.05392594910945381,76.84109681555867,0.03276870086406889,67.39834109474108,57.74214302698549,71.83640464331141,66.49110834582832
2025-02-18,74.72716163808984,75.12492662519408,74.0927505417152,74.48924914511605,73097129.16115291,-0.0026044036903637435,76.85508857294133,0.03232084214691892,68.20821822682164,58.40673134872041,72.24453456666596,67.08356321984964
2025-02-19,76.84816350846168,77.06634999108161,76.03471800335956,76.2512096208966,157688330.96241522,0.02365388960154502,75.82679623296585,0.03296848431824658,69.1477926186318,59.10508588322509,72.86094611347067,67.76264813844571
2025-02-20,79.58757321316399,81.96016425746423,76.63420888590812,78.98895446225376,81740413.6482959,0.035904280797230514,73.70892894760576,0.03358142187551263,70.23990059189282,59.82795641198978,73.80371662866807,68.59422638465371
2025-02-21,79.20638671251422,80.85148773426722,78.05115738653322,79.6892163131067,110244241.8117536,0.00886531358238929,76.33918180662684,0.033243686725086194,71.2617419875444,60.55089569895255,74.7091781185817,69.41607749046504
2025-02-22,79.10412999813201,79.9825936307606,78.08715545562035,78.9640636295011,81856690.47094573,-0.009099759254205808,73.08797516531864,0.030944841989187784,72.1384011379616,61.2989977281141,75.36377588949237,70.12333572298624
2025-02-23,81.30529703024493,81.49977989243597,80.53413100323102,80.72723112757603,121403930.01525846,0.022328733059480133,74.55266205494824,0.029813941033007666,73.06829932035735,62.02320929099437,76.18892284919755,70.90880945665955
2025-02-24,82.95049354955552,84.65264842564106,81.4614670311856,83.15986355127623,114153056.29944427,0.03013397573187948,76.98132934320664,0.016933574300364698,74.12976733813528,62.756281772843415,77.26137526490196,71.81629494514968
2025-02-25,82.63218520810847,85.39533480311296,80.58608298846138,83.331906391937,116901358.46977963,0.0020688206222787553,75.40996839027486,0.016171334032078644,75.06200676904304,63.44755326455961,78.19530313059965,72.66930320046725
2025-02-26,81.7696046240706,83.2354903170232,80.44209412791503,81.9057692203445,54477594.27183818,-0.017113939106167986,70.6473214525661,0.019963309161214745,75.69588014796935,64.13653434592725,78.76614406748348,73.35348586860631
2025-02-27,83.08750758625797,85.16777756107918,81.55600306082445,83.62634102689059,126164605.23853013,0.02100672300527906,73.945412532575,0.017429642385820805,76.44039153037852,64.88731910489781,79.51386667662302,74.1144381025533
2025-02-28,85.32771683566007,88.87581057467783,81.6429883549278,85.18515405401027,125910807.55642867,0.01864021560644913,73.62039225358366,0.017867355152649818,77.23571723296423,65.66761780759397,80.38637242699029,74.93449113599455
2025-03-01,85.9029781189148,86.8668719034675,85.76793754179342,86.73053040360082,113338474.9318616,0.01814138116849251,71.78438443926582,0.015951827191833478,78.08051699025604,66.48310093973993,81.36239673108422,75.8082718224839
2025-03-02,86.87650777221502,88.27829080225499,85.25406060122273,86.65222474569086,140941038.70415825,-0.0009028615130747264,68.29660534634885,0.016247282780650674,78.91679105353056,67.24092765118463,82.17621642563908,76.61152759457332
2025-03-03,85.03338769338143,85.59379452369048,84.59349238453261,85.15327899234534,83562726.54277684,-0.01729841048795533,78.58086090690838,0.016477373873360294,79.59116265838125,67.93495146604137,82.6342260512862,77.24424992033421
2025-03-04,88.92626725174325,90.28071910694811,87.81764258872147,89.16906750534396,42879172.49618431,0.04715952879935026,83.15689587963122,0.023245558585954913,80.45171343144344,68.6825327672334,83.6395862749874,78.12756974144604
2025-03-05,89.02170538628256,89.96423493401421,87.99708455175383,88.93873564595,48480113.92772587,-0.002583091489435585,80.78708656369061,0.020962927523695402,81.32415739996034,69.43173025185595,84.45484002436625,78.92839684548338
2025-03-06,92.635597617668,96.0180502271925,90.20845037168236,93.56651207196566,67122703.83211385,0.05203330576272247,82.4013351842764,0.02588191124509749,82.33443774755082,70.27196939605504,85.85663572399693,80.01270167707466
2025-03-07,91.46126770725265,91.83868931562742,90.72635079277245,91.10229105775653,75824880.00331327,-0.026336570207018073,73.52312750185297,0.030432058460844093,83.0628031589537,71.03715054148978,86.66365962149841,80.83415274231035
2025-03-08,87.66668256501646,90.74536519946452,85.33465587357948,88.39399132402004,101494222.33292983,-0.029728118824360883,67.96696200464545,0.03352676521251593,83.53546730419495,71.7504407190773,86.92986449880942,81.39414078539996
2025-03-09,89.03211945048211,89.25906214189123,88.32120287968368,88.54690877005521,97514844.58678487,0.001729952949795388,65.87290281328127,0.03348791703446281,84.22862495298186,72.40804410962683,87.17864054053955,81.92397545092997
2025-03-10,86.21989992291093,87.80083635419895,84.07501691362735,85.6454196184415,33620499.03149683,-0.032767819813433685,54.951106347294136,0.03554186448373106,84.78643347664813,73.00717013581743,86.9427603986783,82.19963798185675
2025-03-11,88.12271852341392,89.36000001267627,86.99914046920463,88.23499047403331,83231568.50056052,0.030235952688755674,58.90869070992423,0.032338293323536126,85.38562251930497,73.61335462638776,87.141565025656,82.6467011294254
2025-03-12,87.00318071493193,87.9616163913809,86.71945517326064,87.67569770864561,104532705.58942309,-0.006338673154300256,60.82469112753195,0.03239888072768597,85.81995968162457,74.14812751650688,87.22373928457749,83.01921939455282
2025-03-13,86.95613249376059,87.98982785469668,86.17057320937575,87.20204698562644,75238696.82515775,-0.005402303436388478,57.03746708423178,0.022230784414797998,86.19560121525055,74.62646564612757,87.22040200781578,83.32905847537309
2025-03-14,87.12426650780934,88.39651711781491,85.40558629399717,86.67122121385465,83061952.86769159,-0.006087308613974218,53.048118797968534,0.0210041279483775,86.58095909446823,75.14341878824511,87.13591265489869,83.57662608563098
2025-03-15,85.64545282702998,88.34559391353987,82.372540210422,85.05403571095302,105651562.89311713,-0.01865885215706553,46.57138933896255,0.01935143528361763,86.79729932363708,75.67645981311117,86.81562389429166,83.68606383565483
2025-03-16,85.4537057963173,86.91576086709752,84.57628625813315,86.03239943209425,115255686.74614517,0.011502848900269758,48.77740020133307,0.02027587829820427,86.94092611767798,76.24231475048376,86.69512782318436,83.85986647242812
2025-03-17,90.48346586281092,91.61988102209982,89.75451886845573,90.88767764317132,67648507.34457257,0.05643546202508687,59.98850428485957,0.026275612853914457,87.3187146802397,76.92727182306152,87.34013548779774,84.38044507766837
2025-03-18,95.30841418790962,96.9543577258408,93.0314220004352,94.66627603325693,46150454.592523925,0.04157437496555416,59.65513356205855,0.0281023683269026,87.9567400208853,77.6833674182894,88.46723403325299,85.14235848178603
2025-03-19,95.9396685785538,97.21534400665108,94.86260218095927,96.13607267901982,92233931.10064961,0.015526084972926624,62.11376527589358,0.027125780495966416,88.58222660349178,78.41490316907111,89.64705536337095,85.95670768158114
2025-03-20,97.07341990594844,98.35197560688704,96.12696185097693,97.40231089119935,41113789.0053566,0.013171312046491135,57.27973582319183,0.025840229504736075,89.19308444535122,79.19711525682501,90.84017159842148,86.80453014155286
2025-03-21,100.85058963605314,101.01315826777216,99.7172818823703,99.8782831803664,144660708.9631618,0.025420056942311753,66.64801095533976,0.023986796223403693,89.8504720841895,80.04548648473846,92.23065030333608,87.77295629257608
2025-03-22,96.88878242010738,98.112908113607,96.46030410317668,97.68092663961866,105687449.64817749,-0.022000343525925614,67.96553169488784,0.024916097310245855,90.4019071788859,80.85616911759017,93.06915435507186,88.50688002198665
2025-03-23,104.65808223966167,104.99636603407916,104.35991316299909,104.69808299594976,105369470.45205005,0.07183752855068626,74.68785004078845,0.03106891514047748,91.37914737906613,81.76508300950766,94.8582202998223,89.70622839042836
2025-03-24,102.99296427793591,104.73216947741838,100.55173955074359,102.27888637309673,80311002.1210357,-0.023106408003159218,75.80553815853153,0.03373094616415573,92.03463832245376,82.58204312454646,95.99986123417222,90.63753638914453
2025-03-25,98.34318044184711,100.36298936154515,96.5594154620931,98.57501925087475,100266593.3759512,-0.03621340878420276,65.5056493877053,0.03711710104262696,92.51645250269999,83.31095815997074,96.39603939058799,91.22549808260602
2025-03-26,99.26296212867335,103.45304035601,95.56076914033082,99.73330507086942,84952856.15975551,0.011750297679849586,67.76219489565204,0.03698918885106321,92.82479215264519,84.06701419747377,96.90946487986206,91.85570600766256
2025-03-27,102.00191068023499,102.634532030669,101.5663640470289,102.19814746930822,96949961.92299898,0.02471433586490801,70.86677381897204,0.037622527884777886,93.37958497322276,84.81723479138431,97.72310835516147,92.62181278259928
2025-03-28,102.44536741361475,103.80799306166912,100.85486151167093,102.21441526561945,84026194.45147088,0.00015917897451234175,71.94225541161086,0.03681852139797198,94.07060617030274,85.47695706386031,98.41407864907808,93.33237592948966
2025-03-29,103.1059335339422,105.64153298307971,101.34131393386869,103.86394037855202,87635861.83775105,0.016137891202977928,76.52963222727425,0.03513426772514596,94.83645775072758,86.17951360385722,99.25251891515099,94.11249181460538
2025-03-30,108.22675128786304,112.04987435068223,104.37667476434183,108.19881082700608,58763187.26215075,0.04173604845584333,78.559625162346,0.027140853872635783,95.9641273111558,86.95791702035142,100.62887151697484,95.15592285256098
2025-03-31,113.12512493387132,117.07781932427046,108.41009359212171,112.33518682922423,139601624.98411697,0.03822940354521642,78.15494675208126,0.026436780870657536,97.16913712891537,87.8079300517806,102.42984310347474,96.4284609249064
2025-04-01,112.7147862880294,118.65239370387559,106.33688992573573,112.25001399278815,78341420.64360043,-0.0007582026508359263,75.56153032234523,0.016957361176765835,98.39785294312249,88.65439546203237,103.94063862490756,97.60042781882356
2025-04-02,114.18194994960861,116.52544130843718,111.02663312213357,113.35311328468296,113718576.3019126,0.009827163958889829,75.2981747792299,0.017106531163590087,99.7054062580753,89.4881407898194,105.38871164948839,98.76729340888723
2025-04-03,115.62896609696239,117.07608419750652,114.18576250585014,115.63283235039898,74769173.49046342,0.020111658159671197,76.01260419917509,0.016918783078825984,101.15348681490252,90.36163639594535,106.96473021885924,100.01659258973994
2025-04-04,117.25435848740518,117.50184530749647,116.66230887392277,116.90906689280057,136788905.53991237,0.011036956515380059,75.1622227283133,0.015451468995325054,102.7462383739949,91.27002060828914,108.49462816869637,101.26788698255926
2025-04-05,118.85947895908858,120.47084392846718,118.0660910727651,119.67203224306478,83626728.28956546,0.023633456529062125,81.95677579161341,0.015441428881787246,104.42822001454343,92.1962431507473,110.21422879552227,102.63115700185597
2025-04-06,122.13631217985382,127.10896836982447,118.32707072394058,123.26453926728571,61329912.423750766,0.03001960405355386,79.96239640714366,0.013239638641011554,106.04706309574915,93.13083427949906,112.22196886810127,104.1595556881841
2025-04-07,124.98908671335417,128.2534721141721,122.15200643554729,125.40690787102669,96526161.71310306,0.01738025077184191,87.66030272805412,0.010141685229867203,107.58409468763764,94.06015826853567,114.25042102239749,105.73343362765392
2025-04-08,125.47188859288862,126.90749120677019,124.28118977394078,125.71449015584255,73694343.05346556,0.0024526741790986684,99.68812373311513,0.009300804347339504,109.06301556147878,95.08077295576621,116.01412396600442,107.21351188900124
2025-04-09,128.2719954175593,133.08548437325618,122.31487056033008,127.08377061778795,51943495.37517584,0.010891985961586137,99.69051480439347,0.009184286755232909,110.5470885478082,96.13266338521962,117.71714652781728,108.6853829059484
2025-04-10,131.1766835781255,134.60428088790778,126.61036363449374,130.00740821978786,70182360.87983155,0.023005593773204325,99.695589583544,0.009435456386861349,112.05354479977927,97.20778735719745,119.60795601888968,110.26479218845503
2025-04-11,132.68812030131883,133.79701773174378,131.85003170732173,132.95722938307796,100425594.48633657,0.022689639026594488,99.72447709320639,0.009251239090510566,113.81735993695224,98.28715285561393,121.66169038261096,111.9457134621308
2025-04-12,127.93988207855946,132.31442630393337,124.4165985459511,128.76832852699403,77582004.4980272,-0.0315056268509839,87.22346864188466,0.02066567986876814,115.02087221350446,99.26873509989167,122.75501932790067,113.19183309656512
2025-04-13,127.97562617319998,131.8932983381598,123.4986306597779,127.39863974516335,98869154.02713624,-0.010636845235927228,81.4881852357618,0.020036204299626752,116.27685988210779,100.23742662220494,123.46942246901801,114.24418914460944
2025-04-14,132.30741146197886,135.01610337761008,128.67492074080755,131.36430470058093,94804994.5106569,0.03112800076476585,81.38394640907713,0.022037603754666315,117.9163241545931,101.25016809366501,124.6840197354123,115.51234585245918
2025-04-15,132.87772423078283,139.48579113591964,127.63011185417157,134.18649281814032,118632373.60463716,0.021483675675763036,83.18313325290934,0.02257060738176316,119.63898354195665,102.27070067900232,126.14593867121661,116.89561599806518
2025-04-16,133.21918221284082,134.2817590288992,132.34344309136242,133.40479971893876,85346753.9298442,-0.005825423131529117,80.62986086370671,0.0232818170733912,121.19931615443815,103.27215854554235,127.26268652471234,118.11851849590767
2025-04-17,141.86529487455772,142.12025349114128,141.329586247813,141.58403939540264,92008520.04162782,0.061311434773682505,83.58790621383179,0.030880242989128514,123.16779736092732,104.4657239490435,129.46597158174163,119.85670522920358
2025-04-18,141.21276509739963,144.8916230389505,138.65577761862727,142.3146827629122,135760892.12712404,0.0051604924582573375,83.35280011458083,0.030641513302116903,125.09033448014534,105.63949078376395,131.4426963788448,121.5202591205894
2025-04-19,139.0249804731554,143.52260809018344,135.39520641234316,139.87075195901028,70101275.37419608,-0.017172724250619886,76.7411247982134,0.027734267344119608,126.67393153674554,106.73320274186395,132.73932031425488,122.87955488639835
2025-04-20,134.82358909155343,138.53779115842534,131.40251567294942,135.10946382774534,138908070.92689085,-0.03404062725465473,65.21079013366821,0.032025741018569004,127.8126453866716,107.70078141034682,133.1039577778688,123.78547406723888
2025-04-21,135.61573682916404,141.24447945223218,131.18109844887698,136.7720302449682,134417864.96970335,0.012305329102204832,64.77673863603982,0.03060341813235227,129.0387461992806,108.70317752033237,133.66827661896102,124.74744119151512
2025-04-22,134.7802176548329,136.72288835147026,132.83092402417543,134.77349786431293,104793452.6340143,-0.014612142388145788,61.282275887741044,0.030634963423605346,130.1097654282621,109.69558189777173,133.83831065670745,125.49011205616681
2025-04-23,136.68377864234515,141.81486420650904,131.07470832803753,136.18715055929835,76859658.09290971,0.010489099989143602,61.3250210974947,0.03064813816084291,131.13748133870706,110.63594355885081,134.19967064172144,126.282485278621
2025-04-24,130.3052123994173,134.5975267158852,126.37799210587634,130.6596249154452,97028108.94825679,-0.04058771786583759,50.76201842917797,0.021304268539524857,131.8250092398393,111.47036134424071,133.6550482222943,126.60671784431167
2025-04-25,135.59325029678251,138.97866327859393,132.0352726903805,135.4162668530647,151356781.7732414,0.03640483386277693,52.756635152766854,0.027637075296720392,132.6122209703393,112.3073564398627,133.92600493472054,127.25927703014523
2025-04-26,139.2605368295609,144.0822013964758,133.5786871802128,138.36950111692562,51432654.06037007,0.021808563568403105,61.069805891434264,0.029075554395133388,133.3674690628213,113.25270064104609,134.60961973198286,128.08225659212897
2025-04-27,139.41242845606993,143.10400188532725,137.04808376844107,140.717523627051,90636148.18320931,0.01696922003166912,65.01740528048481,0.025657315940535014,134.13299985062253,114.29917128710672,135.54929725430102,129.0182022984195
2025-04-28,138.58224138129108,141.75012294059016,136.6414311240428,139.79236519649453,126931980.29040773,-0.006574578678690046,60.20239651830542,0.02588893201828795,134.8368936026551,115.32408041563549,136.20207693771542,129.81628843901765
2025-04-29,135.105902212653,137.82728541957783,132.3415948699471,135.06209570011697,50089976.77789013,-0.03383782433131177,51.01313848016532,0.028957928144692342,135.23580985677157,116.312413937269,136.0266952088541,130.20486675465463
2025-04-30,145.8690368925397,149.1830965207896,142.04430811336945,145.34649591470082,101463669.93738085,0.07614571772541323,61.32663586296207,0.04085759157579899,136.0027642415172,117.45464404608234,137.4605107020613,131.32646891465805
2025-05-01,144.49634251551203,145.64191770043408,142.43058068331013,143.56880227670106,143306659.99098134,-0.012230729243331906,52.14274489401822,0.03613311397677961,136.53334288619837,118.57250613744347,138.40024786739048,132.23330842295752
2025-05-02,140.64038378244848,141.60172801825445,139.97900214174976,140.93894236287335,106243551.2590221,-0.018317767315207956,48.57326159104333,0.03642112825408066,137.14187357799233,119.64724404498838,138.79081625131093,132.87817019628463
2025-05-03,142.58951628257475,147.0993973525653,138.16202503245609,142.66942489151256,66665669.049355134,0.012278242617883128,52.94601317372912,0.03591857904588845,137.9054128353098,120.76720811854155,139.3875252728804,133.60344832185706
2025-05-04,144.3076366689554,145.26085471568584,142.71671458205032,143.66569229210046,39140866.85023429,0.006983047708683632,59.782055506479956,0.035556692122667585,138.52048221488576,121.93944125016449,140.04570481429886,134.34879972706028
2025-05-05,146.62452876785346,150.40420388636488,143.27573048135287,147.04578442505226,84664658.66344142,0.023527482999068594,61.3018039755408,0.035954343353094415,139.16344679523135,123.15970895002366,141.12264013903015,135.28931711209674
2025-05-06,153.732279068373,159.9593090587824,146.48154504753975,152.66535870674335,134194404.96810102,0.038216493615669256,68.22988851832083,0.032163958283836815,140.1264747446216,124.39526257129512,142.8984429956014,136.57643130429278
2025-05-07,149.28303218288175,150.62648826567175,148.0355042260711,149.37816530073192,103826035.92502765,-0.02153201901110935,62.94596934312095,0.022519621222946384,140.51618103988807,125.4895003566446,143.89532335023688,137.5247078966216
2025-05-08,154.99759607246222,156.08647299194152,152.42527582352528,153.50365764427534,83422847.79847224,0.027617773556382064,73.05410984744731,0.02272953594646899,141.07562978395623,126.63685205594972,145.37352862624277,138.7083338038552
2025-05-09,161.83635662205666,167.93761158731263,154.27318935508316,160.31717078601878,107977898.78871183,0.04438665010532117,74.12819664859003,0.022138286648955844,142.09795072530662,127.8951492538461,147.67255049697755,140.30898839512656
2025-05-10,157.58621247237582,163.3892330869351,151.73500774738577,157.5361861725517,120848538.49316943,-0.017346767035821498,68.63412038487763,0.026071264914683485,143.21928684254698,129.04830731368983,149.19003290860434,141.5850771193803
2025-05-11,157.75809403922662,157.97271875248362,157.00111707509515,157.21500293070972,106944002.93360768,-0.0020387902592119422,66.69712185270572,0.026722567026496044,144.24143547683403,130.23898883951165,150.42464368123592,142.742849401701
2025-05-12,156.50561631480255,159.61353821652034,153.66534601717734,156.7684971468509,85241794.17428023,-0.0028400965272735723,67.3496660488876,0.026892147719871733,145.34118544096094,131.28039712252965,151.40062113748436,143.7817862717121
2025-05-13,160.74819789659244,163.3358019356564,158.6498499913106,161.2311497542942,67315284.10611181,0.02846651392762256,76.89196645205115,0.025365772897379128,146.59338540071073,132.4594423901536,152.9130101554551,145.07433171486633
2025-05-14,158.65979948820083,168.58975716324545,149.78628682406622,159.66028919050484,50518463.03760596,-0.009742909891688023,67.91806349640667,0.023384282767225296,148.04341861446372,133.6811477889462,153.9510530839243,146.15477300935805
2025-05-15,157.3067099880532,159.91167060298213,155.6751400677313,158.27010840780383,52685684.90139656,-0.008707116777436519,68.58344656677959,0.02279062496615796,149.18611069220066,134.8518838556849,154.6155231337519,147.05220526109477
2025-05-16,153.11668710464207,157.67785996895984,147.54048543760103,152.07049337441572,62191435.21188586,-0.03917110499105736,62.906266450590415,0.020213263019239827,149.87116030507516,135.84933077378705,154.223980093854,147.42393030652593
2025-05-17,149.57586061954046,150.95998206755982,147.8424342689519,149.22329318418605,78782450.22939412,-0.01872289703972696,57.40695457985363,0.020333143426638247,150.29644878293192,136.78950833215836,153.4546436462128,147.55721644561186
2025-05-18,145.53013885029404,150.05389703611274,142.01635354651054,146.51630111481995,95263440.64442496,-0.018140546369157406,53.101721719870575,0.02051746853490834,150.6326455788482,137.64255554688373,152.3872063336908,147.48011160629392
2025-05-19,143.38491034558962,144.1480974573839,142.02957920233766,142.78959767556213,111201153.59255391,-0.025435418522730235,45.4035521427191,0.021004852692289046,151.01902067762046,138.33437128385486,150.91065115551717,147.13266612994343
2025-05-20,141.26849091535678,142.63660384261848,140.74870238807435,142.1137054017927,66252996.194187716,-0.0047334839846326915,37.24258120006924,0.01179210268127103,150.85738115197506,138.92994165530624,149.5572748857134,146.76089126119152
2025-05-21,143.21191699083906,145.80735315908916,141.10927019351544,143.6975758858826,74500264.57087053,0.011145093146448293,42.83688080262017,0.016047913541474786,150.8638198324341,139.5588928931681,148.65578273189328,146.53397901116864
2025-05-22,138.73713156261917,141.20383316846448,137.37736280650898,139.83332061502003,72064057.5763439,-0.02689158287493565,32.647632756001244,0.016361526687661502,150.80853874504146,140.08849703977484,147.29848086775894,146.03763394478727
2025-05-23,133.24686943660294,133.5709849381989,132.0729583296898,132.39500171104515,128257205.89756803,-0.05319418055195557,15.110559952112936,0.01993634266335369,150.29481758601807,140.4237404269878,145.0056379205722,145.0270685941397
2025-05-24,130.137181089599,131.3772161621581,128.71928933511106,129.9576133649489,127833087.84577791,-0.018409972541228448,15.24143265480376,0.01993852936207107,149.60941363966052,140.68471135643074,142.69055721970707,143.91081265123668
2025-05-25,131.45373371294312,133.20353403502253,128.75285756370263,130.4898271816917,67441270.81566344,0.004095287709295015,16.49523534653848,0.021848684174206025,148.7816157774925,140.9010672552033,140.81352182924317,142.91666557941855
2025-05-26,141.65134925065124,143.71884713810567,140.76862875779454,142.82878926066743,46436629.94577925,0.09455880466295019,36.53821401766755,0.046530091886895775,148.28978730518867,141.2923522550709,141.12356297253922,142.91015622247403
2025-05-27,140.69119825605952,143.15261090984666,138.48759774861702,140.94503464554367,148677705.58117554,-0.01318889997510131,29.382440245161376,0.046810782983909956,147.86813077242928,141.60311479056128,141.09609707607837,142.76459166121995
2025-05-28,137.82094681519632,139.1503942054168,135.4677450122618,136.78722088309868,93469274.21663818,-0.029499540532955226,27.91456929618343,0.04767181715899444,147.03230893437043,141.8245694051064,140.4331930463892,142.3218234554332
2025-05-29,129.02702385391729,132.73902214681928,125.58413938788568,129.289143429596,93588420.40793957,-0.054815628280880824,24.969394142480525,0.05077154367058552,145.48090756654932,141.86867686134255,138.71872387457486,141.35643974981562
2025-05-30,131.7893304527813,136.4470557472764,128.41657994369268,133.042240776537,66950258.1008923,0.0290287122907944,32.84028275800806,0.04859504256129676,144.25621029674855,141.92937351247753,137.84541878256903,140.7405731592024
2025-05-31,128.71295457244787,131.27681140238724,126.75795015747642,129.31269756863745,95078191.28792071,-0.02803277505047319,32.32584999320706,0.04938776288172877,142.86109502864497,141.85648287618872,136.53269244196417,139.8940638561976
2025-06-01,127.78532969875752,130.80228630388052,124.70879828369539,127.72431434253339,89368224.2530395,-0.012283273460140798,32.98082394730096,0.04956600634194634,141.40888588842907,141.8356025924995,135.17755734974403,138.9926009292595
2025-06-02,130.49486570834424,134.32449514257087,126.52223249780327,130.34753831896063,141142944.5364043,0.020538172312221104,38.50188840830748,0.029261633448316404,139.8647053166624,141.89458056397544,134.43447749885428,138.35222592108923
2025-06-03,131.9448600252322,136.627105239363,126.71642067052181,131.378570313738,122683246.12531407,0.007909869323764696,40.14400660799916,0.030261344919044125,138.45061937282406,141.8948658762386,133.96433793191332,137.8356588390632
2025-06-04,127.2095540246286,128.24355089462142,125.04686989113853,126.07161727474923,41590806.405802816,-0.040394358275596454,34.853003927795086,0.031701681844597374,136.84069481617132,141.73256836537078,132.75007321542654,136.96424835281772
2025-06-05,120.85489809174001,121.0101636298887,120.38443362957798,120.53929370227887,69822798.6176883,-0.04388238758303309,33.88163990428495,0.029375792507874383,135.26413483256448,141.47525824503757,130.87149175186536,135.74758504537039
2025-06-06,128.0628947369272,130.4421723385853,125.5495382090119,127.92627760407336,99377396.28026177,0.061282787337709754,46.26359300691719,0.037772175842024254,134.19928405355887,141.202103009211,130.4183818829743,135.16822893860763
2025-06-07,135.61229404897387,136.6900456674075,135.04641256069246,136.12203712881197,52657464.26160274,0.06406627065397896,54.701495117024514,0.04394065056512112,133.67957085425843,141.07825009652896,131.29586730541087,135.23888139714128
2025-06-08,135.58360619344163,137.64098351565335,132.3297609646967,134.36870306291937,113434037.62808281,-0.012880604073192248,52.904252712852625,0.043987561181448566,133.2585261236263,140.96820911860715,131.76861126810448,135.17442374275447
2025-06-09,131.5502572738739,132.46649050316793,130.4392519934525,131.35411914199778,84518559.4455836,-0.022435164232477378,40.01418731323338,0.044949167990531676,132.72054681063656,140.8931022248922,131.70484324870344,134.89143821677249
2025-06-10,126.56685125908473,127.48205363494453,125.7248765407279,126.63959499535362,68440154.92580278,-0.035891711485253275,38.13528289810258,0.04698433084569016,131.8676477661101,140.6904535198999,130.92557428664963,134.28019057074144
2025-06-11,126.883517456845,129.08770359741447,125.84169871056933,128.03641857825357,82463979.13548715,0.01102991195566605,42.39386647655541,0.04434731279046379,131.27780266427177,140.55571193417873,130.48108879305025,133.81768894166828
2025-06-12,132.67217451849507,133.06790891139798,132.159998939365,132.55538497255927,97098301.44621217,0.03529438299263088,52.994050501609486,0.040296749044568106,131.2858218273475,140.48307662244395,130.80021128220548,133.7241849439565
2025-06-13,135.87657462808457,142.26563792290145,130.73302756722742,137.07666208714534,145455130.0135721,0.034108588764779624,53.64685463053953,0.036113975675072595,131.6417742634573,140.61141736587794,131.76581909835008,133.9725165841927
2025-06-14,125.89342442620347,127.1152055677636,125.48451868161783,126.70366812652591,138995745.62677413,-0.07567293952653209,47.894489240504626,0.03996633994534485,131.452466310699,140.43716539134718,130.98702664114637,133.43408336510626
2025-06-15,130.2986981098811,130.85471304639202,128.63011933136627,129.18136635265577,94493439.87811378,0.01955506310721522,51.159215337048444,0.041363905164547896,130.77009516529844,140.25340269606178,130.70923275060937,133.11906729010994
2025-06-16,133.08309756202604,135.56715081470463,130.62966686790404,133.11316580267246,55582069.44808885,0.030436273907207045,52.15542452146946,0.042432912419750675,130.3785017231549,140.10131553957422,131.07906860477294,133.11863014289236
2025-06-17,134.79279343895902,135.38777383773126,134.48989146871494,135.08421698998575,107699524.59233862,0.014807334612078726,52.84633425958636,0.038931491763946724,130.29335152849924,140.00715257544402,131.69524527942107,133.26422916860298
2025-06-18,141.58480285778674,145.1576822828889,138.64473122756291,142.2047374344617,106411269.65778951,0.05271171276066844,62.05608145824459,0.0421787000002729,130.9391312287425,140.15000541013092,133.3120902263504,133.92648904014808
2025-06-19,145.594735019908,148.70531078151544,143.72911494112003,146.82393993149466,50058712.933780655,0.032482760985103276,69.9139629929001,0.041976035010157654,131.62821618649042,140.1795542904668,135.39083633483412,134.88185577284042
2025-06-20,153.23246327037546,157.34507294855655,149.70834650166523,153.80772600009877,103567904.4316615,0.047565717633395455,69.72902328010278,0.0432594092327023,132.85296760806347,140.38433276493475,138.22420397564406,136.28377208597067
2025-06-21,157.38648660905997,159.88888725333894,156.35413052679823,158.84695144294,125939523.33712411,0.03276314899056487,68.19862901326378,0.013658219816663469,134.4090994630838,140.7424929465361,141.39693435522804,137.95511870500542
2025-06-22,157.9273248056735,160.52337092167815,154.67805168195022,157.2631804382926,16093716.173782757,-0.009970421152314612,68.38434717102496,0.021034562245549865,135.75488156905038,141.03436805747168,143.83789529108412,139.38534550006372
2025-06-23,153.42180058639858,155.8844395258038,150.81419082421496,153.2744648141242,129773875.9432682,-0.025363315259502306,67.33097926325235,0.029234954726375273,136.8496762940697,141.22654350791217,145.28967521770568,140.4141691529571
2025-06-24,158.53605288405032,161.48388905801906,155.24747614561778,158.18885651346505,97601140.29220004,0.03206269032027298,74.8653458144405,0.02938102972837574,138.4555382560055,141.44940494968043,147.27416464782252,141.73081266114286
2025-06-25,164.46137324137854,165.922159860047,163.27015739096927,164.72900551309075,117828621.50659017,0.04134392993142977,76.75028337262674,0.02774523918630317,140.66502384654612,141.69067788580736,149.9595247809407,143.4343825020279
2025-06-26,163.82082022125996,166.09186282882632,161.24395709632353,163.5107005248042,60654769.04893094,-0.007395813411802177,73.70859892489963,0.029184276708223652,142.44424499258264,141.97332859028882,152.0443210492274,144.9215171703817
2025-06-27,160.61117479578857,162.06962812320205,158.85586403245532,160.3115969997569,75356895.21383657,-0.019565101946107943,68.16344266650954,0.028035558400213934,143.65372298612988,142.10948737739844,153.31620965700117,146.06152308366873
2025-06-28,155.47794642102355,156.47584659272044,153.8936245906604,154.88773663380556,113396974.0511091,-0.03383323769121671,73.88011703369571,0.028834216036760885,144.6796746646742,142.0008986943542,153.55798303804798,146.71531667997516
2025-06-29,152.29903235797656,152.87321039647907,152.1684995893359,152.74229771305403,107452652.02613208,-0.013851573839082532,70.07600912282673,0.029021777303511534,145.749083593227,141.90502092516422,153.43249298804892,147.16175971946248
2025-06-30,158.54759466855495,161.29223320724216,154.282854822275,157.0007151230188,107759045.4517569,0.027879752195195895,70.24164860176046,0.02940315582164928,147.2671395996103,141.9007351690104,153.98145023958276,147.89057123083703
2025-07-01,166.0834503468691,173.39564705102154,157.74770191112,165.0127590265459,134072127.07979941,0.05103189432767352,73.00534523697164,0.03308504429441181,149.1159566220249,142.06562040660432,155.67857466834633,149.1588814379266
2025-07-02,175.51606900151444,179.39715716229097,170.44558445453106,174.29977744387827,89509553.51159905,0.056280608070060634,73.8754669642485,0.03605410188298456,151.20317624559084,142.326992960396,158.54337509535122,151.02117003096004
2025-07-03,175.85947849353914,183.31538277641465,167.30717255963918,174.7145347269216,103441344.53728922,0.0023795628951785996,72.13223668942689,0.03551431257650769,153.08506987757966,142.62807787112433,161.03124580790052,152.77623408251276
2025-07-04,173.7634301781398,177.29285350453563,171.4968980090438,175.01006056144456,112210334.29948169,0.0016914782446970644,68.82285353793412,0.03340666290587229,155.50038949932556,142.96287691419715,163.18183269306115,154.42318419206325
2025-07-05,172.98043002328018,175.40938644186346,170.75007788633548,173.1765061643643,149244836.3847935,-0.010476851394703224,63.48916557656474,0.028786713503849173,157.700146489911,143.38499716999613,164.71947476556934,155.81231915297442
2025-07-06,174.56565640157314,176.62221564357208,171.05976121235003,173.09904226272835,55031368.901634224,-0.0004473118401085996,65.342227118197,0.02681585093592308,159.6994403129138,143.86251215156696,166.0086389959015,157.09281716110434
2025-07-07,177.6458265525075,178.0115670273905,177.0297509227579,177.39497493975526,105953368.3625282,0.024817772651258174,73.2303409647879,0.02665870306205428,161.81497821040227,144.48008562806567,167.7603829872636,158.59668070026368
2025-07-08,177.26007865428173,178.31700088482552,176.89982466450252,177.95533389514054,66093801.440271504,0.00315882090558417,70.77972609244978,0.022568346857994127,163.6025080334362,145.18340035245723,169.32883697309083,160.0306550109953
2025-07-09,177.29921477379446,178.66663880943585,176.57228620364165,177.9370949242278,90909699.00568211,-0.00010249184732769034,66.0917191997126,0.01065576897076599,165.1581657830729,145.89986814290594,170.65318435018884,161.35705796753103
2025-07-10,177.73698676238442,180.12575952165133,176.5451215310796,178.9259215545257,93965265.1770935,0.005557169688079844,68.8863227236032,0.010692404988585001,166.41407556079423,146.6044350562788,171.92591315085605,162.6584552702714
2025-07-11,177.75829470036368,179.7795764513601,174.71588132605342,176.72541828475522,36327910.8386042,-0.012298404002350827,70.61419375519591,0.012268656800030113,167.30799890288498,147.3422770096735,172.6642985560713,163.7004525306035
2025-07-12,172.24862809383575,175.02841887527202,169.8224569753751,172.59733610488965,118723471.56916252,-0.02335873480980566,72.9898284332211,0.015015842235004895,168.07470668621482,148.14632369755037,172.6539966405049,164.3594809435136
2025-07-13,177.31644805757827,179.6640821772893,176.42673121559338,178.76708649869994,165400791.17939374,0.03574649837040855,80.58826830244399,0.02029354187080461,169.3493377704436,149.1225131602254,173.59447200330413,165.4267109846385
2025-07-14,175.83449349326418,181.18538264227513,171.29279785342715,176.6233123030387,95677512.3892754,-0.011991996052790443,74.26987484218674,0.018964118080560033,170.27106055992232,150.04518286265235,174.06044743403254,166.25608886007555
2025-07-15,167.05978186977197,169.8374389931955,165.7559822849374,168.52222592552624,113034203.18322031,-0.04586646163453856,54.3310846081978,0.025371095975829802,170.4607215805441,150.55905159594954,173.2084133558008,166.42395086492374
2025-07-16,174.46566166454855,174.46612817213784,173.1551438686147,173.1556068732195,50826759.876385495,0.027494183169292308,48.404725132445094,0.028640777758785364,170.94296689796482,151.20326304050303,173.2002892815575,166.9225920507234
2025-07-17,173.19731867406904,178.42343119658773,169.61189183241487,174.80472871786995,110047839.29284005,0.009523929801810604,50.12156965994387,0.028888735488061607,171.6676234838705,151.96361319719847,173.44712611791326,167.5064540260676
2025-07-18,177.9491563190646,186.16245901262522,168.85483667835544,177.02550807917189,118126473.49218999,0.012704343741674284,52.58252614413275,0.029087328595445366,172.7745120561388,152.91834049019,173.99764641964535,168.21156914111236
2025-07-19,169.39880755614814,170.17719592648913,168.4637318933327,169.24139696120042,111631385.83643633,-0.04397169200322326,45.62487685942474,0.03273290029724131,173.59946701854614,153.64232361388326,173.26591573373076,168.28785268334113
2025-07-20,170.39215318867585,171.6984189095564,168.0683028866519,169.36670730179992,103624246.2357415,0.0007404236956767285,45.85473507573754,0.028321639423436698,174.2177666274852,154.4434038085465,172.66603751343374,168.367767840264
2025-07-21,167.224900371391,173.8104091766088,160.53549580997267,167.11674534596258,123194997.72283779,-0.01328455864603928,38.04114087955333,0.028361224396170805,174.322965943456,155.23125242861508,171.8123002568997,168.2750995073528
2025-07-22,168.40781648153714,170.9799888945685,166.9285171758879,169.4911733497305,86903331.59309918,0.014208199177481617,40.55072527282057,0.02349677922226716,174.08253573874862,156.01412512923048,171.4552038096429,168.36517905123262
2025-07-23,171.60408300857551,175.15475145527648,169.7801210526275,173.31262953593347,117096859.80016811,0.02254663833329973,45.24139650827092,0.022627406665825665,174.01244047919923,156.8528063136744,171.7409616136876,168.73165686491416
2025-07-24,166.4233893438449,171.04855597448432,162.4319056811313,167.04223009072984,109193196.28145088,-0.03617970289870631,38.9704676442129,0.0258974836307627,173.6140489556635,157.67221856999402,171.01807984092486,168.60651414090052
2025-07-25,161.25316258557356,164.22469440168908,157.03066804384466,159.9787146613186,132990156.4673243,-0.04228580656265579,35.743884705043996,0.027505975979925715,172.9541593805112,158.4610069891748,169.31971596713927,167.9674178831537
2025-07-26,153.13937668163473,157.5563360575906,148.39771950135415,152.80503556302597,99225401.4295552,-0.044841459774693226,33.9818235964903,0.02766526477421926,171.9394590455261,158.95858214835386,166.77899590496799,166.84427845203314
2025-07-27,151.72136967031457,154.71996035475115,148.47714668372902,151.47078486029798,128843042.26252143,-0.008731719460761234,26.032856789274078,0.027039760005799305,170.64324954155322,159.2655571029836,164.42388651348028,165.70550114894164
2025-07-28,153.26887532999024,154.01439712660078,151.80393358026197,152.54593891041972,133165887.87513313,0.00709809519448501,28.45488239190898,0.028383403241383387,169.3727797923172,159.6291018199336,162.59650995916328,164.730718760903
2025-07-29,146.4941638328792,147.12684472935777,145.8741917622377,146.5068191008646,66461279.45439282,-0.03958885993747441,29.54516164193528,0.027172894611941948,167.80126600114903,159.93215581911093,160.1211729040404,163.3808002675668
2025-07-30,142.41704980146943,144.98115835168213,139.0998435672843,141.65014458371658,93374304.10133694,-0.03314981887501334,20.8487688992614,0.019656165086847168,165.93747715260855,160.23236681087818,157.27947623937519,161.77112206876308
2025-07-31,149.77007340897333,150.94937353126696,147.1761837767522,148.34425691943494,129679770.17866774,0.04725806920558462,27.60735479165136,0.034060092708703804,164.51841908434255,160.6385235777018,155.90482711323054,160.77653946510915
2025-08-01,154.37048572236088,154.70568486239952,154.35456508245878,154.68973129784976,134628604.32287797,0.04277532888826974,32.33142846605969,0.038177180419359205,163.62303884399057,161.0812105042076,155.71788929547967,160.3256647860529
2025-08-02,156.78534788456005,159.07304857677673,154.99316783977744,157.27526835504784,57209461.28154825,0.01671434189913823,39.68598537838678,0.03412110509617042,162.54844793680795,161.48518262956566,155.95748607387478,160.09970949486734
2025-08-03,154.27209783353467,159.72395504533614,150.2294364289939,155.64530898889763,100878502.9121675,-0.01036373603553864,38.47207183959001,0.034232973475755,161.4995477711009,162.0640154468131,155.90945883003212,159.76975390183253
2025-08-04,157.92553675372525,159.53305590868976,157.87917355691053,159.4862345279767,114825966.70141296,0.024677425641868034,43.756198315050774,0.035098456139786835,161.0477482012234,162.67011281031952,156.45973201433128,159.7487524667321
2025-08-05,155.59671491168214,157.46588297823857,153.78574651883866,155.6542450007385,103094824.68075912,-0.024027086341210202,38.94147116300635,0.03202078391224597,160.17268010759938,163.12093439428082,156.335810935317,159.44545561739926
2025-08-06,151.7770819915184,156.43909841853753,148.0577342113762,152.69720277318504,142179840.89731023,-0.018997504549518984,33.29323284248123,0.029231967324017904,159.0673038103651,163.47319410994484,155.77602506421977,158.94558503634636
2025-08-07,158.68232450744472,163.35280771336903,155.20755493143773,159.85241588897173,67677943.44271399,0.04685883556370696,44.2557445804263,0.029150047131026802,158.20864920085512,163.82614767903502,156.4031621141816,159.0127576920964
2025-08-08,161.9781444258157,165.59158363314683,158.89277813965097,162.49634661067836,102307859.48902139,0.016539823355206762,52.16428764533099,0.025903089195713543,157.871396683329,164.13959581261872,157.34057511364264,159.27080131569505
2025-08-09,157.52953758933577,163.21498952613163,151.37057923780037,157.03830181786037,124514777.41584405,-0.03358872311077121,53.74974236580266,0.029585848000523874,157.25497640913204,164.20420732897392,157.29407152967613,159.1054309825221
2025-08-10,152.86012489852712,156.44510183221206,150.32668535572708,153.8945186810755,125381387.28290233,-0.020019212513079476,52.080209640911356,0.03037271213151644,156.5938650758877,164.10515867373667,156.77106339912217,158.71943747871126
2025-08-11,158.05292676054333,159.82060788083086,156.59970069794454,158.36451688620744,167304992.4880344,0.029045857145798548,54.71890320262566,0.03103130048375755,156.03753225271151,164.12718540269492,157.01621008944298,158.69314706445172
2025-08-12,151.96353379798475,155.04470379822104,148.46299313563404,151.53548412063893,111895594.29948516,-0.04312224038466583,54.02668696995014,0.034119736103650704,154.9486749819468,164.09240578882523,156.17302147885775,158.16294980935447
2025-08-13,151.09163719139107,154.49221061082028,148.4372844000952,151.8249746685074,81541401.65965788,0.0019103812519449814,58.7904207872685,0.033427335156086035,154.1878122108357,163.96512815192608,155.50409120034232,157.69347016929171
2025-08-14,148.10497864267083,149.81400789206361,147.09273903467633,148.79703832677953,123893654.24680774,-0.019943598530735906,50.41763062594336,0.02653134061510901,153.62872839410872,163.64648880819985,154.4722369121019,157.0344752179945
2025-08-15,151.19516517486053,156.0151131768755,147.51114106289313,152.3040694826158,137817003.07960922,0.023569226882959482,47.677958160497674,0.027800757081326913,153.6036800900882,163.42235618735606,154.13867269218096,156.68407479315164
2025-08-16,151.879068432392,154.54215700069565,148.8723404128741,151.529295976556,79882836.3427719,-0.005087017757908541,44.20291483164337,0.025576726006971244,153.6066056459011,163.2467101668921,153.73723012054634,156.30223932525564
2025-08-17,147.10304076225674,148.67189617126482,145.53599438599852,147.10483072702684,127631729.07954046,-0.029198744843463742,41.843474956138856,0.026697465182379438,153.33455023673145,163.0910520487565,152.7168609830818,155.62094979946093
2025-08-18,141.95120473201425,146.74574479743228,137.29821641595356,142.08826384973406,76004768.94231498,-0.03410198599529135,33.749113781861794,0.023286146628212205,153.11362247417495,162.8779713714901,151.08169219333598,154.61852861799966
2025-08-19,139.80535854242177,142.18609652983403,136.31471397344498,138.67622398882037,108219707.31654997,-0.024013523485107213,34.015976951351035,0.020400184745645467,152.96492644443012,162.51148154880613,149.1731586234105,153.43761716398637
2025-08-20,141.25560304249768,146.51852558208336,135.38068609991805,140.61992442998817,71047543.40565617,0.014016104457275302,38.40863330607319,0.022246044639375802,152.5787098199578,162.02362485687496,147.85727643980707,152.4881584429495
2025-08-21,147.00265576522088,149.35262173613106,145.36412092373254,147.70624448778284,104314865.4662068,0.05039342814696801,38.327075493253396,0.03137595247234611,152.22953547945446,161.49175419775304,147.83404075488025,152.13394259441864
2025-08-22,142.88282714937495,148.77184475515315,137.23082454461965,143.11082332696523,60026023.9257123,-0.031111894942246088,32.04332660395674,0.03115259157691995,151.52131322805033,160.85967996975393,147.1073919198164,151.46556338942207
2025-08-23,140.48403934803096,142.0715521318197,138.11239226495212,139.69094281437023,100609129.82974164,-0.023896728654698607,33.30071995547978,0.031622516036667145,150.72359491932394,160.15329761481246,145.96639974974775,150.59336927275157
2025-08-24,133.9411704332251,136.17109226857352,132.73445350216934,134.95523928140892,79591771.32885925,-0.03390129265040753,32.310438654761555,0.032116428092220664,149.49704515699557,159.38887227715333,144.27237506231103,149.43498927339286
2025-08-25,135.73841953307468,137.83953845009023,133.58129453063452,135.68153288926547,157800425.57662782,0.005381737024244604,27.22073059073901,0.030994874097586198,148.4984095514219,158.64052208968408,142.95070703568862,148.41621472642046
2025-08-26,132.1662388733136,139.25163845446318,126.14655640671354,133.18553100790422,126311092.1757648,-0.01839603244605381,29.81553083891818,0.030524790511858142,147.52282596315789,157.75633321104706,141.44837226218334,147.2880159324563
2025-08-27,138.6332858241399,141.62101353900354,136.48426359763477,139.45918859061572,76526801.93978742,0.047104648194398635,37.98033035056535,0.036081447698303806,146.50316459824006,156.98641030495656,141.14234400501908,146.70810279602367
2025-08-28,134.60676151986988,138.85501044374314,130.8354687155114,135.07071889337465,102060089.40460351,-0.031467770188477795,37.00167148485068,0.029442326149155065,145.13188321237487,156.1290827843395,140.20824783399686,145.84607435879042
2025-08-29,137.44379522318033,139.2903484383946,135.98045752311666,137.82297369790854,113307610.57139592,0.02037639857907725,36.08805543783091,0.030383653163721804,144.17111680637728,155.30702382720716,139.84128258229097,145.25177060613248
2025-08-30,145.2709710987175,147.580131475902,143.35990323935184,145.66389463110005,122606882.77012978,0.05689124768398823,45.038713382869275,0.036686542830178165,143.75958560387852,154.68579335413406,140.73706905133852,145.28229831168562
2025-08-31,143.6338093609371,147.24145877192308,140.95764268127738,144.54825427217946,35724128.40859671,-0.0076590040500151835,47.70927875675585,0.03301914060971746,143.06877247317712,154.12481171747987,141.32340523916022,145.22792467912961
2025-09-01,142.7879434361628,144.327242680176,141.18320926238604,142.7217954097285,70493290.96208741,-0.012635634180761635,50.60207022053567,0.03415097927063839,142.62808803763158,153.40390589570043,141.53854218847843,145.04228547398878
2025-09-02,148.29432573479264,150.22914573183317,146.22573356635493,148.15878514342876,87123787.53551468,0.038095020582467054,58.67767024360282,0.03361456452740083,142.44477856137766,152.83461535250822,142.55704110462463,145.2731373013547
2025-09-03,142.18996451793566,144.76504608262877,141.01772522759316,143.58133607832914,73695377.24107826,-0.030895562896714468,52.58541650214536,0.0344318618184365,142.18399344895516,152.33579755556428,142.714624946733,145.14781869224169
2025-09-04,144.10215368519127,145.2701902627551,142.4275308525539,143.59142768176662,66750871.72976553,7.02849249987203e-05,45.9011876900739,0.030785040933935866,141.7483613589127,151.74451397173522,142.84951767519973,145.03253046924354
2025-09-05,141.22435109084833,145.5680077472955,137.1165019103812,141.45349341247757,89413361.8604484,-0.01488901046396185,48.264130548783896,0.03152362193715892,141.24457123070877,151.07748926562738,142.634744711704,144.7674166131868
2025-09-06,132.56098340507444,135.46247759564613,129.92223571827034,132.8186017793448,69386755.93060212,-0.06104403238705092,43.51087521129154,0.030115459319074115,140.53025978332465,150.19335113963083,141.12456887595644,143.88231921808742
2025-09-07,133.93275829039518,134.0316159637274,133.3350856000252,133.43357481893906,81507060.0089083,0.004630172516165709,48.44194010192325,0.030809081927243163,140.0975253317849,149.4771946967856,139.9413390210307,143.10833815148382
2025-09-08,136.96325324194245,139.29299498698873,133.709810056866,136.02356777400666,101430761.88056485,0.01941035424241666,50.33734094458903,0.03283182456161334,139.96489252104425,148.81033190622972,139.33860498302698,142.58354034574478
2025-09-09,131.07181496331194,134.42634414779008,128.9919945149856,132.3266128265187,108298333.665617,-0.02717878238299254,49.17247289239423,0.026814676728724132,139.55022694087077,148.1145292558409,138.2598369589488,141.8237679369132
2025-09-10,139.45506337405033,142.02255870281908,135.5403052322972,138.0825309837891,92484474.57307361,0.04349781222630145,48.66028998923704,0.033657439756952054,139.06904126567105,147.48635640852206,138.23255911661653,141.54663927371882
2025-09-11,140.3296977782053,142.0504476662407,138.60859460177198,140.32934010393637,89016254.27291937,0.016271494331249192,55.340080997308945,0.03461343775271731,138.92996710451962,146.8266906198821,138.55514080697344,141.45646896484604
2025-09-12,136.0227100499929,138.43562571850083,134.67809063224283,137.080549288241,19711143.06768188,-0.023151187152231523,49.25360199867446,0.03523142212481619,138.79944742821317,146.22745700383234,138.3282805733223,141.13232676657898
2025-09-13,136.98755092453573,138.35751924315755,136.13053052914805,137.49730969909487,89497022.88715093,0.003040259271047674,40.34902915495145,0.024658997882120795,138.92655094909748,145.77782890458784,138.20043890036425,140.86306624306164
2025-09-14,134.65299356915318,135.02588556447918,134.21870082307024,134.59142231027033,78745094.49687341,-0.02113413997105773,38.71104978708802,0.026607063583017815,138.8720454201477,145.41355663953274,137.64520557881133,140.39850002581784
2025-09-15,134.42443994395208,136.6877584145852,132.73766736803486,134.99384093277845,89734918.58663115,0.002989927705648654,40.94575462819173,0.025468070235253455,138.96246091639142,145.08401776098233,137.2373033255755,139.99815490781492
2025-09-16,136.50372085587628,136.94050524019036,136.15399184724063,136.59055376153105,40512542.65711175,0.011828042062657529,35.10614501565229,0.022871821320671233,138.81902917493716,144.76491005800455,137.1378033926456,139.7457400080902
2025-09-17,132.4311945866691,132.50566124695652,131.84178898901567,131.915965933899,102603974.77288765,-0.03422336097848511,35.01855372567688,0.019559135348651887,138.66129152696342,144.47309299466525,136.33444378360767,139.1657567433353
2025-09-18,132.78927234926314,133.136271339476,131.57850126086967,131.9232371666591,43485874.43930669,5.51201873755236e-05,35.0138459881705,0.017259847820551046,138.36630470040092,144.2785548463241,135.65579661176943,138.62927381172966
2025-09-19,130.93809329060394,131.6150872197311,130.0107698463458,130.68646276110366,94504158.25225191,-0.009374954951969716,35.84356240450889,0.016076492084520926,137.6174331069011,143.92539896315748,134.891283711667,138.0409174376092
2025-09-20,132.99271361721134,134.0903277203967,131.52831851022205,132.6228803089318,63386293.65998856,0.014817277221497172,49.687647960285595,0.01778930361311264,137.02116440873874,143.48406194337912,134.54229857278466,137.6395813540035
2025-09-21,125.5149054888748,127.78522020191822,123.89999989569684,126.16198907246769,108441171.90289696,-0.04871626390117678,40.220102925981884,0.023946271711222367,136.1931740918757,142.8617963577275,133.2530201881205,136.789389333149
2025-09-22,132.89556115540245,133.3952265173545,131.61191255126937,132.10861914121327,59360331.12691862,0.047134878836840644,45.170644199594264,0.032054051769568145,135.39066579176492,142.39106256077383,133.07695848859632,136.4426656152278
2025-09-23,132.99651657790872,133.58323164003113,131.3268767102678,131.90879327343268,43204728.14106171,-0.0015125876652074544,49.43592317209441,0.03144121078170097,134.8070386515201,141.83951373568294,132.89724076318655,136.10682321953928
2025-09-24,127.9662734218395,135.86181061249587,121.32729880947674,129.16086005805084,79620302.99626897,-0.020832070002229974,36.89058010173511,0.029693328570153513,134.0855102703343,141.3096460368292,132.32241296239644,135.5923074297994
2025-09-25,129.96159539550928,131.95189856480326,126.90470121972979,128.8784159852996,98483790.85420513,-0.0021867620935963616,32.14327930345931,0.02967158921574246,133.45675639897541,140.83327030107148,131.79256727361232,135.09498213761424
2025-09-26,132.93980501844496,135.99124587872535,130.42373877629112,133.46523515804108,87752731.85784402,0.03559028203190118,44.588075716320084,0.03275646689927224,133.48908806791022,140.30552668645288,132.04990079429365,134.97426013912732
2025-09-27,129.81207334683518,130.7299692513844,128.263346172173,129.17674972919502,53496094.668139696,-0.032131853840199676,38.83838450282375,0.03478942155758387,133.27624681342303,139.6391347488232,131.60787755350924,134.54481492357678
2025-09-28,134.51300985199398,138.84910683582376,130.9276385422768,135.24424485379902,134177950.77269012,0.046970489173352226,50.80725519927906,0.03267550486439079,133.23728066741262,139.20325360954197,132.16731867663074,134.59662454803768
2025-09-29,140.4256529459181,143.9422505432293,135.55549962253647,139.03733026595987,141742571.55356008,0.028046187224167962,54.613182975533945,0.029769340068865287,133.5728165393847,138.90610984123967,133.22424353652752,134.92556571232822
2025-09-30,137.24893553347312,140.19555228284202,135.05159549025666,137.98640542941806,81589001.61650981,-0.007558580379323554,51.61259824161933,0.030166448279673932,133.56801026166616,138.4985476121039,133.95688382774145,135.15229458026081
2025-10-01,140.43719725266894,144.1280737265218,137.06991072135207,140.75321010145584,135623155.55700812,0.020051284497392352,60.680274580152805,0.027778580320431796,133.5892037615421,138.28290213172022,135.00247248523596,135.56717721146046
2025-10-02,138.99612468548352,141.54390797144083,136.36981427178668,138.91613128778792,121894021.22487456,-0.013051772050838073,58.09332585214398,0.029023559100467236,133.68098286151945,138.02472526410583,135.6045738394747,135.815247883781
2025-10-03,152.08812179395255,153.71114253416863,148.9771609650449,150.58413175343006,95050885.24138951,0.08399312849758189,68.54989452391578,0.039644582898124454,134.3353239642362,138.06046713263885,137.90912121085245,136.9092392815328
2025-10-04,158.1215865276116,163.4624241563795,152.17301806620108,157.49261092609242,86656310.70135063,0.04587786968134511,71.21813334089279,0.033708711972784126,135.48038339502733,138.16423796150838,140.92196578242783,138.4339334774261
2025-10-05,150.79270600830932,153.79423143988103,149.19992257313484,152.18672336836164,96530371.56256662,-0.03368975551634423,72.64994113798315,0.039845346923128695,136.3400275168065,138.1773865093445,142.65500541103304,139.45265865453246
2025-10-06,157.936448140961,158.38883780196176,156.48991747475597,156.93945136027904,138902460.40234414,0.031229583545298034,72.06949999688248,0.04000141463716345,137.35747239674387,138.37407892200952,144.85261248014783,140.74797663273588
2025-10-07,151.4885339769507,154.72952642094347,146.83862359400297,150.04881422943188,58563774.73725259,-0.04390634140187366,64.4090089345265,0.04582565071612017,138.26411481152053,138.53328992960348,145.65202813388385,141.43692756582448
2025-10-08,145.74894192648307,151.7674039242941,138.9661508837424,144.9516917514386,113867489.44158953,-0.03396976180164635,62.09173115368815,0.0488736938263697,138.9155375407595,138.65879928485586,145.5442840750461,141.69728046846254
2025-10-09,138.29710149947607,142.06771419664832,135.84051376770756,139.58819266025358,145389002.12691107,-0.03700197649560577,57.6088562098296,0.051150644081370836,139.360624035717,138.63816464946115,144.62796231892418,141.54105174192853
2025-10-10,142.7732326625936,145.0444150566082,141.58954996842004,143.85179041913563,99301007.1662149,0.03054411463911766,57.413267671328555,0.03949620907323917,139.9220695412272,138.56107556808823,144.50855125741825,141.7122175698698
2025-10-11,139.05466550552129,141.1611578790284,136.74460981821005,138.8479710468596,154528681.8375179,-0.034784547051493586,56.832934949571715,0.03314721396348966,140.55636863994678,138.47581852248612,143.63769276348614,141.50005116075792
2025-10-12,139.82663262710437,140.7417263926265,139.13431339880503,140.04830958216007,78947439.70973557,0.00864498433970895,53.644854851608294,0.033532824695963366,140.95335316199413,138.4829658578419,143.08547996635906,141.39251474752845
2025-10-13,142.92155876938807,144.72607157345243,141.52589042110023,143.32644935716354,75546871.31093675,0.02340720701866328,53.27979209131226,0.03197254983310888,141.52423596618067,138.650390059357,143.12255218032897,141.53576916305698
2025-10-14,142.64260484477222,143.3387053902275,141.60975129157995,142.3042004124121,114944519.6991078,-0.007132311930814983,53.30316852003468,0.028804429492881742,142.18140298389872,138.78284340981992,142.99665190834176,141.59268999634256
2025-10-15,137.23263908882686,138.72726993843085,136.39115441029188,137.8818046987248,103151824.44190492,-0.031077056761998123,47.85760694173861,0.028373638679565903,142.63157241956998,138.87676888363634,142.20975233763147,141.31780960392643
2025-10-16,137.02919399408316,138.6744876391501,135.84143621024225,137.48279805263545,87977197.13473041,-0.00289383103855656,48.90711891007562,0.025051050711197582,142.8324505642997,138.83724107287674,141.48252860147824,141.03373467420116
2025-10-17,138.12391570589858,141.49446000733053,135.8258857092883,139.17887812428293,118166267.42128883,0.012336671173932112,39.74421113387499,0.021863511817612938,143.3325569840541,138.9194042574949,141.12812083575588,140.8963378927257
2025-10-18,137.20310546107828,139.58375662315981,134.80283481051333,137.18313953803172,107430341.66594306,-0.014339378310472273,29.967474136693937,0.018202641578112105,143.42950171826573,138.90660757429737,140.52120063610602,140.62128616274836
2025-10-19,134.33815121607222,135.02088861427683,132.69608031132407,133.37391725062798,95743083.24674997,-0.027767423170452332,30.879186014317128,0.0199160911115011,143.14633106749915,138.66080802668793,139.4216185768017,140.08444402110982
2025-10-20,132.5299778853119,135.35177499664954,129.0766623013841,131.88472074958517,102530949.47170062,-0.011165575186971588,22.725711160739877,0.014815844754074475,142.84124683350748,138.40753735623602,138.262095834153,139.477057112108
2025-10-21,135.5528249096485,136.05242279770897,134.8702918943779,135.36921305663762,111195008.57499792,0.026420742958303656,32.73999252258612,0.02077612728321156,142.5720469812666,138.26048570917422,137.8170369453045,139.17277236725835
2025-10-22,128.72097352636837,130.74697032465187,127.42385794889938,129.4425831191182,53829315.704895794,-0.04378122472382062,32.11357249233758,0.023600311810955153,142.0983695728331,137.886161668688,136.52865943358353,138.45201760813686
2025-10-23,134.39647625894307,137.04940378444493,132.33600475831784,134.97998632119433,108615312.20496364,0.04277883729329157,44.706655993215726,0.0307245639908873,141.31816230122132,137.71413467354532,136.2904020316775,138.1948301054004
2025-10-24,136.22976902839764,136.3200844421848,135.52573912914337,135.61564740248573,85483551.1825,0.00470929875321513,39.679115249600386,0.03025406277767255,140.22431412504096,137.5546190679597,136.18659362718645,138.00377953481413
2025-10-25,141.4765481044601,142.4633603799908,141.0341848881204,142.01930010837697,82565864.96068254,0.04721912868126643,53.83936225265379,0.03507515975581696,139.71594296204177,137.5659352018777,137.08393308583115,138.3012255032262
2025-10-26,138.2595720801444,143.30091598929738,133.64243320007301,138.67006869222976,87489236.12735315,-0.023582931429681486,48.41395918894422,0.034443911168572,138.80247382863928,137.68296454013537,137.327953948354,138.32854722093018
2025-10-27,137.71520733702135,140.28366232273137,136.29231176254982,138.8490516868752,109893500.30866185,0.001290711083750118,44.451791744332155,0.033718253513623835,138.24248570151144,137.7912740774941,137.5619689850496,138.3671031072965
2025-10-28,143.9432830265344,145.5983288045769,143.07923345655905,144.72955944644457,59938265.00013757,0.04235180354584456,52.68243257760842,0.03566111976429796,138.23137908626177,137.96539391094288,138.6646752098796,138.83839616945562
2025-10-29,132.70894521777703,135.95557424915896,130.10795325751954,133.34217154608197,75946303.46631266,-0.07868045714998784,45.64945822071843,0.04553008200624471,137.91907803055318,137.98570508533413,137.84582849237228,138.4312684195761
2025-10-30,130.79604062698826,133.59046532489663,128.2956564644064,131.08456552827695,75187483.06478088,-0.016930922840301954,44.07919652810015,0.04281912847216143,137.28071678601023,137.84574577622388,136.80563419020376,137.8870682054058
2025-10-31,127.43395143002387,131.02262611252328,124.06005236622266,127.64318738687366,110542946.44197947,-0.026253114754848372,39.65911401616629,0.04343957536098489,136.72047760301092,137.5920227218826,135.39602698969145,137.12826221884785
2025-11-01,126.98396466647135,128.76897120363006,124.76897879452216,126.54785496178873,66450003.169985406,-0.008581205526974944,40.309833184362084,0.03617296786984323,136.04545487199238,137.38136883535356,134.0347697546295,136.34452834795457
2025-11-02,125.89662299270213,126.69425943315959,125.25107130653379,126.04793189048473,94063059.39569888,-0.003950466576102318,42.89668722330698,0.03622723967254206,135.18152899865845,137.15238127918138,132.806025467838,135.5818174992531
2025-11-03,121.80028857933812,123.85487178626369,119.74911715796858,121.80364386045707,74293453.06577115,-0.03367201640178641,40.72108135739976,0.03634423059591424,134.15650117106068,136.8966257101851,131.11335137439477,134.56121204452748
2025-11-04,124.63797339888674,129.09784403611732,120.77024550965993,125.21229400360892,134270728.91542667,0.027984796144989943,40.63820356271369,0.03258158176190396,133.52302563630488,136.70099477160173,130.20549639427387,133.86869959705203
2025-11-05,119.72697263226185,121.52314989154515,117.77060734064318,119.56434481225287,116577277.96052507,-0.04510698598967655,40.84805189001517,0.023791090682867912,132.62710297428575,136.36047059261617,128.56839615088603,132.80911776114098
2025-11-06,118.4894398096268,120.61011355301518,116.05088019684406,118.16576087187391,85648258.10207488,-0.011697332867713128,33.12811820775869,0.023810431864982634,131.57644711166532,136.08546649137566,126.96799072334571,131.72442465823232
2025-11-07,122.29785335506891,124.41754749341263,119.36612243332242,121.47149392251661,120941368.60805227,0.0279753883548981,36.5291741100515,0.027821074042260308,130.79086483088955,135.8764316264928,126.12237583091047,130.96494830743856
2025-11-08,122.07457245270311,125.07485648310814,120.00050651025012,122.98531685188709,98039297.74131884,0.012462371874146116,30.010258008635176,0.0287093410140822,130.27143481095248,135.72240870830848,125.63975137259918,130.37386449591622
2025-11-09,127.19166088645001,129.0228484015227,124.67847088300681,126.49969613159814,172991131.35294795,0.028575600483620844,37.26269639256233,0.031189856754850823,130.00218358005316,135.5999450247618,125.77205056629131,130.0868890615223
2025-11-10,121.61189096932739,123.58237376528923,120.81181245425049,122.7746455463228,85021103.40248178,-0.029447110935350795,34.339223917401085,0.030440510483092136,129.3724552045374,135.5321981542389,125.31091133245,129.54524139372975
2025-11-11,120.65698837073299,122.18343785807086,118.60472005168737,120.12443209039438,76838874.59183618,-0.021585999651112853,24.41778456720631,0.02899345832834918,128.90654765310123,135.29251441322253,124.51299144905683,128.84740366755676
2025-11-12,121.70240422966036,122.49683113446278,121.64245912537199,122.43652443573762,105565689.7972405,0.019247477845334426,36.023777544938135,0.024158381199811674,128.27937455882838,135.10306903646864,124.19353498546926,128.37252372445906
2025-11-13,121.95857171923748,125.82900540314489,117.21498982715993,121.05680537640818,141691407.9457219,-0.011268851886216402,36.85301709187619,0.024113523110220365,127.55143245752451,134.9409879428358,123.71096119945986,127.83061866164047
2025-11-14,113.33473923868847,116.93412727049935,109.93240194052885,113.52604686928609,71551311.10550754,-0.062208468856470356,33.28402561167006,0.031840868325024335,126.12676979556996,134.6339405605155,122.14405130251005,126.7710207510957
2025-11-15,111.59824223274795,113.17172072611015,109.69148826998901,111.26020054740458,86783369.762955,-0.019958823409841897,32.38628139842008,0.03049862988305733,124.7562763883287,134.18983986830278,120.46961272480151,125.62207110637783
2025-11-16,111.72758770700658,114.97807079273151,109.1271110629517,112.3628092699188,130234944.86531115,0.00991018097297447,34.44861669409512,0.026762730085114147,123.43196426748088,133.85356105911723,119.22241219328109,124.63990356293642
2025-11-17,113.50460761276645,115.90693867496421,111.23961585636532,113.63925992303787,93348511.71945927,0.011360081341974748,40.0511647552205,0.027886473952305136,121.87744929131054,133.42146136050204,118.36346569016675,123.8250410710921
2025-11-18,109.04461108533603,110.61542887956398,106.77585279501675,108.33646961543518,84499639.48696236,-0.04666336538265037,30.34311951146418,0.03096715057712448,120.62716419477822,132.80744414749154,116.82085090943882,122.67773948178419
2025-11-19,116.58945350331287,118.94081297219536,114.50637482274675,116.8530251143642,129775251.35816124,0.07861208260856634,47.03969526739276,0.04609549425025541,119.91558717408256,132.38477654119043,116.82580078711965,122.24627915827159
2025-11-20,112.10980350171077,112.67324931528675,110.6389900601387,111.19785255515578,44728763.75531197,-0.04839560254151487,43.03921858735942,0.04888829423277647,119.09332043249667,131.79366939026443,115.95996259758674,121.42787718767042
2025-11-21,114.61280965356949,116.28131418543367,112.32864498324454,113.98805448610302,63679538.14198479,0.0250922285532742,42.44641223044141,0.044610422447031416,118.46533040871239,131.29510785423076,115.65659211889694,120.87677920977654
2025-11-22,117.09849440930176,119.95736978840591,114.21759332602785,117.07591750631066,71162572.47086932,0.027089356284996535,44.218906503305355,0.044395863492064015,118.01672968950368,130.62494356928838,115.87494987080674,120.59523389840871
2025-11-23,115.19372734390338,117.16044603514005,113.28677366524435,115.25251909902772,167029160.41218242,-0.015574495986201864,38.620530115202044,0.04526330459026104,117.68917345143223,129.78014173274707,115.77919129053305,120.1994772466027
2025-11-24,112.61028856101119,113.05570329672862,111.58927464224573,112.03240363244183,129049478.74609055,-0.027939653655805086,39.01920834991293,0.04668593682534409,117.03017893287388,128.97705533802866,115.20276242005748,119.59450883073893
2025-11-25,114.9623122598282,115.96730279880305,113.59093049190325,114.59268982367617,100804346.50333092,0.022853086323437077,44.33500098005051,0.0425957858869864,116.78159618344503,128.13012010729662,115.10890509753729,119.22400371910464
2025-11-26,119.80161294898488,121.19448756246776,117.45313079895789,118.83476433769565,95336828.07339504,0.0370187183889894,46.451736444253875,0.0330743081330483,116.81504635673612,127.50583910946189,115.68211421140781,119.1951711723336
2025-11-27,117.14932266337384,117.55828980408609,115.68418624739103,116.08945339484318,153075114.346792,-0.023101917676640937,45.23464503401402,0.027441010201012896,116.54594433035246,126.92859434232997,115.74478177809017,118.96511800363061
2025-11-28,113.79992174825547,117.0098461010644,109.5616158934099,112.74169101116041,169818982.31254667,-0.028837782294454994,49.181879267087,0.028881032037329453,116.03376303831612,126.39166430934813,115.28276781394715,118.50412341159577
2025-11-29,108.7058205508601,109.92419062420417,108.06547195983781,109.28045704727253,52350891.55835643,-0.03070056811144728,47.98527378356283,0.02767686461475728,115.17280108409985,125.70023764191086,114.3593353883049,117.82088886609034
2025-11-30,107.58061627273442,110.75735413770781,104.95807368541462,108.12162317418927,84103379.63654633,-0.010604218763305306,45.68880437371824,0.027557621470305108,114.44014996549315,125.08571068445744,113.39968735536402,117.10242474076433
2025-12-01,107.94728838289775,110.88266484189234,106.03997137975114,108.95749847072429,64914837.58559828,0.007730880021921127,45.197944596967965,0.02670448569737759,113.88180328450964,124.46389446222872,112.71627368080405,116.4990968689095
2025-12-02,111.99346165189279,114.73366765407141,109.69917595832304,112.43043026963124,100949184.8785141,0.03187418807930964,54.36292486335507,0.028363540430183565,113.38149857620434,123.8459740804781,112.67229777139286,116.19771415785186
2025-12-03,109.93167805072198,110.02893044635827,109.55929243106942,109.6563012112364,92910123.48395146,-0.024674183419399198,41.26084906128667,0.023197307926228566,112.81147336794575,123.1930160964546,112.20829830059957,115.71316505069515
2025-12-04,109.99594720468652,112.21124747622994,106.75688958523955,108.95114776810249,78514733.25220405,-0.0064305784104056185,46.898972773598395,0.02261881952850139,112.58272841288655,122.61440295784212,111.70719821867694,115.2122748816142
2025-12-05,111.0128783761769,112.41478755410297,110.44153656952554,111.83919301474737,95136435.07703355,0.02650770832439453,47.04201103102588,0.02407580661404552,112.61167803625372,122.10153085708438,111.72750511038008,114.96241696555
2025-12-06,116.78333942163496,121.9165982041658,111.32193696158915,116.44010890849124,126708173.03467277,0.041138672139177324,49.15978501867299,0.02456185581599802,112.81554301818232,121.64675547276853,112.45252107932026,115.0718756279901
2025-12-07,112.28087602049592,114.12840283289557,110.07543830365545,111.9169773415545,23756895.41449477,-0.03884513342813356,45.88568402853067,0.030086317782692433,112.72942888910816,121.14143222883901,112.37012973504861,114.8381794586245
2025-12-08,107.604134972399,110.69293858349174,105.06613434707445,108.14224582799625,45187903.439200915,-0.03372796159458735,45.266344061697076,0.03342960577990433,112.71971769973621,120.63679880038634,111.71968605704055,114.34218437487425
2025-12-09,112.15376856808516,114.47452555149917,110.77069977964511,113.0800341507515,61824650.42629559,0.04566012370973849,48.260032054843954,0.035970679927370325,112.53106815155559,120.26070506840969,111.92897037914993,114.24869176567998
2025-12-10,116.30085648812414,118.04816328013537,113.70561261543754,115.43998566402315,83845751.46265706,0.02086974531795338,45.91834340478558,0.03456504789188174,112.74317480699895,119.8621205205574,112.46912657682273,114.33693575814985
2025-12-11,120.66461262147585,123.64415738361387,117.51558021950316,120.49083390190862,104079080.02265412,0.04375302204719134,55.01395183881865,0.036264274010093224,113.06831377778924,119.6830855362132,113.70323539606672,114.79278006509495
2025-12-12,111.51075196069593,114.21650925480718,109.88570771426457,112.57594201230339,152530199.60555667,-0.06568874688051984,49.82897826992274,0.04666172941042492,112.84331500308886,119.23500465003536,113.52980564471852,114.62856983896224
2025-12-13,116.44145429200205,119.72328677172467,113.58200444236805,116.85371309313241,129189577.96263961,0.0379989809933059,57.6846841605669,0.046234602683994847,112.9233747027941,118.85976596384832,114.04117602139759,114.79339526519706
2025-12-14,114.9611092794713,118.02196197735941,112.99660545195556,116.03903804927793,89144949.56534001,-0.0069717514513654155,58.09041382724029,0.04306799328054526,113.1237064236359,118.34016072266633,114.34853941030227,114.88566510105491
2025-12-15,122.41505935264034,124.47225502108877,119.2293178085446,121.26722400461492,98858876.41797492,0.04505540586364343,61.54257147551529,0.04121455422966304,113.45743313268284,117.99210382891404,115.4129524248119,115.35837316798529
2025-12-16,120.78746410430092,124.37296584112512,118.37255237159768,121.93510916506398,66045858.58495289,0.00550754885280158,59.40720074260922,0.03935189205230849,113.61245037405126,117.65382497847783,116.41636115408146,115.84553879739852
2025-12-17,118.26061907934094,118.76259737074547,117.84772320298518,118.34939155360938,100186080.28059068,-0.02940676919065699,58.467896379714034,0.04186534723349515,113.72544728198957,117.12622162062111,116.71375044631652,116.03100937193265
2025-12-18,123.40726600265532,123.74006528685666,122.96334709066718,123.29584590204445,163550315.9282563,0.04179535089704656,62.90664181097378,0.04156348416531958,114.25315502653378,116.92529510774037,117.72638051642852,116.5691454112002
2025-12-19,124.07443510317329,126.2819991908904,121.44078346309921,123.64062916458907,155769568.61810762,0.0027963899352987376,61.1276079874829,0.028385328101569282,114.9711636323996,116.77641638046661,118.63626492383784,117.09295902256234
2025-12-20,123.86076824017158,131.0779167889901,117.74539941436412,124.91070929861618,57956169.90524671,0.010272352564110632,58.52226309196898,0.026308359213152107,115.81061793862094,116.72176681870145,119.60156405841911,117.67205163560337
2025-12-21,120.11274897561103,122.86528117030113,116.99302079813195,119.73694088565226,107521642.11462466,-0.041419734480854786,57.765984903154354,0.032480351269914914,116.34959005936734,116.58554853717872,119.62239126260883,117.82500639486625
2025-12-22,118.36254520002817,120.63263248358736,116.67091767043604,118.93285414655288,151638501.36146125,-0.006715444149080652,61.38805105142747,0.027306464703007367,116.67471125321342,116.44324698230008,119.51630862936945,117.90706919128748
